paper_id,source,url/doi,retrieved_date,license_note
pmc_PMC10002645,pmc,10.1101/2023.02.24.529927,2026-03-19,CC BY-NC-ND
pmc_PMC10002726,pmc,10.1101/2023.03.01.530476,2026-03-19,CC BY-NC-ND
pmc_PMC10002826,pmc,10.21203/rs.3.rs-2597043/v1,2026-03-19,CC BY
pmc_PMC10028922,pmc,10.1101/2023.03.06.531396,2026-03-19,CC BY-ND
pmc_PMC10029050,pmc,https://pmc.ncbi.nlm.nih.gov/articles/PMC10029050/,2026-03-19,CC BY-NC-ND
pmc_PMC10029061,pmc,10.1101/2023.03.08.23286983,2026-03-19,CC0
pmc_PMC10049750,pmc,10.1098/rsos.220939,2026-03-19,CC BY
pmc_PMC10052590,pmc,10.59249/MKRR9549,2026-03-19,CC BY-NC
pmc_PMC10055067,pmc,10.1101/2023.03.14.532547,2026-03-19,CC BY-NC-ND
pmc_PMC10055144,pmc,10.1101/2023.03.16.532926,2026-03-19,CC BY
pmc_PMC10055486,pmc,https://pmc.ncbi.nlm.nih.gov/articles/PMC10055486/,2026-03-19,CC BY
pmc_PMC10055529,pmc,10.21203/rs.3.rs-2626090/v1,2026-03-19,CC BY
pmc_PMC10055636,pmc,10.21203/rs.3.rs-2665952/v1,2026-03-19,CC BY
pmc_PMC10068641,pmc,10.1007/s00701-023-05540-7,2026-03-19,CC BY
pmc_PMC10081206,pmc,10.1101/2023.03.27.534393,2026-03-19,CC BY-NC
pmc_PMC10081334,pmc,10.1101/2023.03.31.534820,2026-03-19,CC BY-NC-ND
pmc_PMC10081417,pmc,10.1101/2023.03.27.23287639,2026-03-19,CC BY-ND
pmc_PMC10081437,pmc,10.21203/rs.3.rs-2748914/v1,2026-03-19,CC BY
pmc_PMC10084986,pmc,10.1002/fsn3.3213,2026-03-19,CC BY
pmc_PMC10104053,pmc,10.1101/2023.04.05.535753,2026-03-19,CC BY-NC-ND
pmc_PMC10104079,pmc,10.1101/2023.04.04.535575,2026-03-19,CC BY-NC-ND
pmc_PMC10104221,pmc,10.1101/2023.03.31.23288022,2026-03-19,CC BY-NC-ND
pmc_PMC10153204,pmc,10.1101/2023.04.19.537406,2026-03-19,CC BY-NC
pmc_PMC10153291,pmc,https://pmc.ncbi.nlm.nih.gov/articles/PMC10153291/,2026-03-19,CC BY-NC-ND
pmc_PMC10168289,pmc,10.1101/2023.04.25.538321,2026-03-19,CC BY-NC-ND
pmc_PMC10168315,pmc,10.1101/2023.04.28.538728,2026-03-19,CC BY-NC-ND
pmc_PMC10168412,pmc,10.1101/2023.04.19.23288834,2026-03-19,CC BY-NC-ND
pmc_PMC10168457,pmc,10.21203/rs.3.rs-2843025/v1,2026-03-19,CC BY
pmc_PMC10168477,pmc,10.21203/rs.3.rs-2845911/v1,2026-03-19,CC BY
pmc_PMC10187307,pmc,10.1101/2023.05.04.539492,2026-03-19,CC BY-NC-ND
pmc_PMC10187314,pmc,10.1101/2023.05.04.539316,2026-03-19,CC BY-NC-ND
pmc_PMC10187354,pmc,10.1101/2023.04.28.23289255,2026-03-19,CC BY-NC
pmc_PMC10187357,pmc,10.1101/2023.04.28.23289287,2026-03-19,CC BY-ND
pmc_PMC10187369,pmc,https://pmc.ncbi.nlm.nih.gov/articles/PMC10187369/,2026-03-19,CC BY-NC-SA
pmc_PMC10187437,pmc,10.21203/rs.3.rs-2766021/v1,2026-03-19,CC BY
pmc_PMC10197541,pmc,10.1101/2023.05.08.539873,2026-03-19,CC BY-NC-ND
pmc_PMC10197546,pmc,10.1101/2023.05.08.539853,2026-03-19,CC BY-ND
pmc_PMC10197604,pmc,10.1101/2023.05.07.539784,2026-03-19,CC BY-NC
pmc_PMC10197606,pmc,10.1101/2023.05.10.540136,2026-03-19,CC BY-NC
pmc_PMC10197655,pmc,10.1101/2023.05.11.540469,2026-03-19,CC BY-NC-ND
pmc_PMC10197705,pmc,10.1101/2023.05.12.540572,2026-03-19,CC BY-ND
pmc_PMC10197765,pmc,10.21203/rs.3.rs-2802620/v1,2026-03-19,CC BY
pmc_PMC10231803,pmc,10.1093/braincomms/fcad160,2026-03-19,CC BY
pmc_PMC10241199,pmc,10.17161/kjm.vol16.19209,2026-03-19,CC BY-NC-ND
pmc_PMC10241200,pmc,10.17161/kjm.vol16.19524,2026-03-19,CC BY-NC-ND
pmc_PMC10241204,pmc,10.17161/kjm.vol16.19525,2026-03-19,CC BY-NC-ND
pmc_PMC10245586,pmc,10.1101/2023.05.15.540841,2026-03-19,CC BY
pmc_PMC10245733,pmc,10.1101/2023.05.16.541004,2026-03-19,CC BY-NC-ND
pmc_PMC10245871,pmc,10.1101/2023.05.22.541841,2026-03-19,CC BY-NC-ND
pmc_PMC10253034,pmc,10.3390/ijms24119296,2026-03-19,CC BY
pmc_PMC10262060,pmc,10.1001/jamainternmed.2023.0699,2026-03-19,CC BY
pmc_PMC10274751,pmc,10.1101/2023.06.02.543510,2026-03-19,CC BY-ND
pmc_PMC10274757,pmc,10.1101/2023.06.07.544093,2026-03-19,CC BY-NC-ND
pmc_PMC10274795,pmc,10.1101/2023.06.08.544134,2026-03-19,CC BY-ND
pmc_PMC10274899,pmc,10.1101/2023.06.09.544426,2026-03-19,CC BY-NC
pmc_PMC10274910,pmc,10.1101/2023.06.08.544209,2026-03-19,CC BY-NC-ND
pmc_PMC10274939,pmc,https://pmc.ncbi.nlm.nih.gov/articles/PMC10274939/,2026-03-19,CC BY-NC-ND
pmc_PMC10274973,pmc,10.1101/2023.05.30.23290733,2026-03-19,CC BY-NC-ND
pmc_PMC10275038,pmc,10.21203/rs.3.rs-3011328/v1,2026-03-19,CC BY
pmc_PMC10288619,pmc,10.1021/acsmeasuresciau.2c00070,2026-03-19,CC BY-NC-ND
pmc_PMC10312427,pmc,10.1101/2023.05.29.541540,2026-03-19,CC BY-NC-ND
pmc_PMC10312515,pmc,10.1101/2023.05.30.542711,2026-03-19,CC BY-NC-ND
pmc_PMC10312551,pmc,10.1101/2023.05.30.542751,2026-03-19,CC BY-NC
pmc_PMC10312559,pmc,10.1101/2023.05.31.543005,2026-03-19,CC0
pmc_PMC10312710,pmc,10.1101/2023.06.15.545135,2026-03-19,CC BY
pmc_PMC10312823,pmc,10.1101/2023.06.09.23291215,2026-03-19,CC BY-NC-ND
pmc_PMC10312891,pmc,10.1101/2023.06.12.23291286,2026-03-19,CC BY-NC-ND
pmc_PMC10312895,pmc,10.1101/2023.06.14.23291396,2026-03-19,CC BY-NC-ND
pmc_PMC10326968,pmc,10.1101/2023.06.26.546631,2026-03-19,CC BY-NC-ND
pmc_PMC10327013,pmc,10.1101/2023.06.27.546773,2026-03-19,CC BY-NC-ND
pmc_PMC10327054,pmc,10.1101/2023.06.29.547134,2026-03-19,CC BY-NC
pmc_PMC10327062,pmc,10.1101/2023.06.22.545817,2026-03-19,CC BY-NC-ND
pmc_PMC10327161,pmc,10.1101/2023.06.27.546707,2026-03-19,CC BY-NC-ND
pmc_PMC10327252,pmc,10.1101/2023.06.26.23291892,2026-03-19,CC BY-NC
pmc_PMC10349952,pmc,10.1101/2023.07.02.547431,2026-03-19,CC BY-NC-ND
pmc_PMC10350058,pmc,10.1101/2023.07.07.547992,2026-03-19,CC BY-NC
pmc_PMC10350113,pmc,10.21203/rs.3.rs-3074122/v1,2026-03-19,CC BY
pmc_PMC10350216,pmc,10.21203/rs.3.rs-3121723/v1,2026-03-19,CC BY
pmc_PMC10358992,pmc,10.1371/journal.pone.0288907,2026-03-19,CC BY
pmc_PMC10369879,pmc,10.1101/2023.07.09.548297,2026-03-19,CC BY-NC
pmc_PMC10369957,pmc,10.1101/2023.07.13.548954,2026-03-19,CC BY-NC-ND
pmc_PMC10369986,pmc,10.1101/2023.07.13.548768,2026-03-19,CC BY-NC-ND
pmc_PMC10370120,pmc,10.1101/2023.07.19.549730,2026-03-19,CC BY-NC-ND
pmc_PMC10370124,pmc,10.1101/2023.07.20.549846,2026-03-19,CC BY-NC-ND
pmc_PMC10370125,pmc,10.1101/2023.07.19.549724,2026-03-19,CC BY-NC-ND
pmc_PMC10370137,pmc,10.1101/2023.07.19.549781,2026-03-19,CC BY-NC
pmc_PMC10370208,pmc,10.1101/2023.07.21.550090,2026-03-19,CC BY-NC-ND
pmc_PMC10370231,pmc,10.1101/2023.07.10.23292461,2026-03-19,CC BY-NC-ND
pmc_PMC10370232,pmc,10.1101/2023.07.12.23292557,2026-03-19,CC BY-NC-ND
pmc_PMC10371174,pmc,10.1101/2023.07.18.23292676,2026-03-19,CC BY-NC-ND
pmc_PMC10401998,pmc,10.1101/2023.07.24.550410,2026-03-19,CC BY-NC-ND
pmc_PMC10402105,pmc,10.1101/2023.07.24.550373,2026-03-19,CC BY-NC-ND
pmc_PMC10418063,pmc,10.1101/2023.07.31.551330,2026-03-19,CC BY-NC
pmc_PMC10418264,pmc,10.1101/2023.08.05.552095,2026-03-19,CC BY-NC-ND
pmc_PMC10418556,pmc,10.21203/rs.3.rs-3216615/v1,2026-03-19,CC BY
pmc_PMC10424502,pmc,10.1136/bmjonc-2022-000014,2026-03-19,CC BY-NC
pmc_PMC10441310,pmc,10.1101/2023.08.07.551726,2026-03-19,CC BY-NC-ND
pmc_PMC10441386,pmc,10.1101/2023.08.10.552828,2026-03-19,CC BY-ND
pmc_PMC10441437,pmc,https://pmc.ncbi.nlm.nih.gov/articles/PMC10441437/,2026-03-19,CC BY
pmc_PMC10441469,pmc,10.21203/rs.3.rs-3218781/v1,2026-03-19,CC BY
pmc_PMC10441494,pmc,10.1101/2023.08.01.23293365,2026-03-19,CC BY-NC-ND
pmc_PMC10441496,pmc,10.1101/2023.03.11.23287111,2026-03-19,CC BY-NC-ND
pmc_PMC10462006,pmc,10.1101/2023.08.14.553087,2026-03-19,CC BY-NC-ND
pmc_PMC10462174,pmc,https://pmc.ncbi.nlm.nih.gov/articles/PMC10462174/,2026-03-19,CC BY
pmc_PMC10462198,pmc,10.1101/2023.04.20.23288698,2026-03-19,CC BY-NC
pmc_PMC10462540,pmc,10.1007/s00026-022-00615-1,2026-03-19,CC BY
pmc_PMC10473754,pmc,10.1101/2023.08.22.554364,2026-03-19,CC BY-NC
pmc_PMC10473763,pmc,10.1101/2023.08.25.554831,2026-03-19,CC BY-NC-ND
pmc_PMC10480244,pmc,10.1007/s00018-023-04924-3,2026-03-19,CC BY
pmc_PMC10491100,pmc,10.1101/2023.08.28.555139,2026-03-19,CC BY
pmc_PMC10491350,pmc,10.1101/2023.08.30.23294878,2026-03-19,CC BY-NC-ND
pmc_PMC10491370,pmc,10.1101/2023.08.28.23294740,2026-03-19,CC BY-ND
pmc_PMC10508722,pmc,10.1101/2023.09.01.555196,2026-03-19,CC BY-NC-ND
pmc_PMC10508781,pmc,10.1101/2023.09.06.556462,2026-03-19,CC BY-NC-ND
pmc_PMC10508837,pmc,10.1101/2023.09.08.23295253,2026-03-19,CC BY-NC-ND
pmc_PMC10515803,pmc,10.1101/2023.09.13.555156,2026-03-19,CC BY-NC-ND
pmc_PMC10515815,pmc,10.1101/2023.09.12.557400,2026-03-19,CC BY-NC-ND
pmc_PMC10516040,pmc,10.1101/2023.09.15.558008,2026-03-19,CC BY-NC-ND
pmc_PMC10516083,pmc,10.1101/2023.09.14.23295566,2026-03-19,CC BY
pmc_PMC10518459,pmc,10.1016/j.aquaculture.2023.739932,2026-03-19,CC BY
pmc_PMC10518621,pmc,10.1016/j.xcrm.2023.101194,2026-03-19,CC BY-NC-ND
pmc_PMC10541092,pmc,10.1101/2023.09.08.556840,2026-03-19,CC BY-NC-ND
pmc_PMC10541111,pmc,10.1101/2023.09.20.558470,2026-03-19,CC BY-NC-ND
pmc_PMC10541556,pmc,10.1093/hr/uhad044,2026-03-19,CC BY
pmc_PMC10542132,pmc,10.1101/2023.09.20.558699,2026-03-19,CC BY-NC-ND
pmc_PMC10543437,pmc,10.21203/rs.3.rs-3328570/v1,2026-03-19,CC BY
pmc_PMC10543502,pmc,10.21203/rs.3.rs-3304466/v1,2026-03-19,CC BY
pmc_PMC10557639,pmc,10.1101/2023.09.26.559653,2026-03-19,CC BY-NC-ND
pmc_PMC10557661,pmc,10.1101/2023.09.28.559718,2026-03-19,CC BY-ND
pmc_PMC10557832,pmc,10.1101/2023.09.28.23296245,2026-03-19,CC BY-NC
pmc_PMC10571629,pmc,10.21203/rs.3.rs-3369346/v1,2026-03-19,CC BY
pmc_PMC10576258,pmc,10.1101/2023.09.28.559604,2026-03-19,CC BY-NC-ND
pmc_PMC10592666,pmc,10.1101/2023.10.06.561245,2026-03-19,CC BY-NC-ND
pmc_PMC10592765,pmc,10.1101/2023.10.10.561736,2026-03-19,CC BY-NC
pmc_PMC10592797,pmc,10.1101/2023.06.20.545767,2026-03-19,CC BY-NC-ND
pmc_PMC10592967,pmc,10.1101/2023.10.05.560965,2026-03-19,CC BY
pmc_PMC10593018,pmc,10.1101/2023.10.11.23296889,2026-03-19,CC BY-NC-ND
pmc_PMC10593043,pmc,10.1101/2023.09.28.23296257,2026-03-19,CC BY-NC
pmc_PMC10602128,pmc,10.21203/rs.3.rs-3290598/v1,2026-03-19,CC BY
pmc_PMC10614807,pmc,10.1101/2023.10.13.562304,2026-03-19,CC BY-NC-ND
pmc_PMC10614873,pmc,10.1101/2023.10.17.562727,2026-03-19,CC BY-NC-ND
pmc_PMC10614945,pmc,10.1101/2023.10.18.563016,2026-03-19,CC BY-NC-ND
pmc_PMC10630534,pmc,10.1080/15265161.2023.2180109,2026-03-19,CC BY-NC-ND
pmc_PMC10631597,pmc,10.1681/ASN.0000000000000210,2026-03-19,CC BY-NC-ND
pmc_PMC10632147,pmc,10.1038/s41586-023-06682-5,2026-03-19,CC BY
pmc_PMC10633669,pmc,10.3399/BJGP.2022.0565,2026-03-19,CC BY
pmc_PMC10634796,pmc,10.1101/2023.10.24.563808,2026-03-19,CC BY-NC-ND
pmc_PMC10634917,pmc,10.1101/2023.10.27.564439,2026-03-19,CC BY
pmc_PMC10635053,pmc,10.1101/2023.11.01.565179,2026-03-19,CC BY-NC-ND
pmc_PMC10635118,pmc,10.1101/2023.11.03.565460,2026-03-19,CC BY
pmc_PMC10635294,pmc,https://pmc.ncbi.nlm.nih.gov/articles/PMC10635294/,2026-03-19,CC BY
pmc_PMC10659177,pmc,10.1371/journal.pone.0294457,2026-03-19,CC BY
pmc_PMC10659424,pmc,10.1101/2023.10.08.561411,2026-03-19,CC0
pmc_PMC10659476,pmc,10.1101/2023.11.10.23298402,2026-03-19,CC BY-NC-ND
pmc_PMC10659481,pmc,10.1101/2023.11.10.23298403,2026-03-19,CC BY-NC-ND
pmc_PMC10659494,pmc,10.1101/2023.11.06.23298165,2026-03-19,CC BY-NC-ND
pmc_PMC10659531,pmc,10.21203/rs.3.rs-3564450/v1,2026-03-19,CC BY
pmc_PMC10667382,pmc,10.1007/s40263-023-01045-0,2026-03-19,CC BY-NC
pmc_PMC10680560,pmc,10.1101/2023.05.31.542950,2026-03-19,CC BY-NC-ND
pmc_PMC10680727,pmc,10.1101/2023.11.14.567085,2026-03-19,CC BY-NC-ND
pmc_PMC10680898,pmc,10.1101/2023.05.13.23289936,2026-03-19,CC BY-NC-ND
pmc_PMC10687331,pmc,10.1016/j.jor.2023.10.025,2026-03-19,CC BY-NC-ND
pmc_PMC10689205,pmc,10.1016/j.jor.2023.11.012,2026-03-19,CC BY
pmc_PMC10690285,pmc,10.1101/2023.11.23.568455,2026-03-19,CC BY-ND
pmc_PMC10690338,pmc,10.1101/2023.09.13.23295278,2026-03-19,CC BY-NC-ND
pmc_PMC10698493,pmc,10.1016/j.jor.2023.11.061,2026-03-19,CC BY-NC-ND
pmc_PMC10703995,pmc,10.1002/lary.30758,2026-03-19,CC BY-NC
pmc_PMC10705429,pmc,10.1101/2023.11.29.569289,2026-03-19,CC BY-NC-ND
pmc_PMC10705575,pmc,10.1101/2023.06.22.544406,2026-03-19,CC BY-NC-ND
pmc_PMC10709512,pmc,10.1016/j.jceh.2023.10.006,2026-03-19,CC BY
pmc_PMC10711015,pmc,10.1016/j.jor.2023.11.051,2026-03-19,CC BY
pmc_PMC10711116,pmc,10.1016/j.jor.2023.11.028,2026-03-19,CC BY-NC-ND
pmc_PMC10723554,pmc,10.21203/rs.3.rs-3656139/v1,2026-03-19,CC BY
pmc_PMC10723859,pmc,10.1097/CORR.0000000000002799,2026-03-19,CC BY-NC-ND
pmc_PMC10723896,pmc,10.1097/CORR.0000000000002718,2026-03-19,CC BY
pmc_PMC10724473,pmc,10.1016/j.jor.2023.11.052,2026-03-19,CC BY
pmc_PMC10726164,pmc,10.1261/rna.079797.123,2026-03-19,CC BY-NC
pmc_PMC10726166,pmc,10.1261/rna.079752.123,2026-03-19,CC BY-NC
pmc_PMC10730029,pmc,10.1200/JCO.23.01745,2026-03-19,CC BY-NC-ND
pmc_PMC10756003,pmc,10.3399/BJGP.2023.0251,2026-03-19,CC BY
pmc_PMC10764092,pmc,10.1159/000535580,2026-03-19,CC BY-NC
pmc_PMC10769185,pmc,10.1101/2023.03.01.530679,2026-03-19,CC BY-NC-ND
pmc_PMC10769249,pmc,10.1101/2023.12.20.570816,2026-03-19,CC BY
pmc_PMC10769258,pmc,10.1101/2023.12.18.572196,2026-03-19,CC BY-NC
pmc_PMC10775853,pmc,10.1159/000535029,2026-03-19,CC BY-NC
pmc_PMC10775854,pmc,10.1159/000535438,2026-03-19,CC BY-NC
pmc_PMC10776171,pmc,10.1097/CORR.0000000000002792,2026-03-19,CC BY
pmc_PMC10784136,pmc,10.1016/j.jor.2023.12.012,2026-03-19,CC BY-NC-ND
pmc_PMC10786611,pmc,10.1681/ASN.0000000000000245,2026-03-19,CC BY
pmc_PMC10786615,pmc,10.1681/ASN.0000000000000261,2026-03-19,CC BY-NC-ND
pmc_PMC10786616,pmc,10.1681/ASN.0000000000000242,2026-03-19,CC BY
pmc_PMC10789497,pmc,10.1159/000535775,2026-03-19,CC BY-NC
pmc_PMC10792104,pmc,10.1002/ajmg.b.32952,2026-03-19,CC BY-NC-ND
pmc_PMC10793772,pmc,10.1097/CCM.0000000000006073,2026-03-19,CC BY
pmc_PMC10794603,pmc,10.1111/bdi.13366,2026-03-19,CC BY
pmc_PMC10796296,pmc,10.2337/dbi23-0004,2026-03-19,none
pmc_PMC10798241,pmc,10.1261/rna.079861.123,2026-03-19,CC BY-NC
pmc_PMC10798247,pmc,10.1261/rna.079866.123,2026-03-19,CC BY-NC
pmc_PMC10803201,pmc,10.1002/ajmg.b.32951,2026-03-19,CC BY
pmc_PMC10806097,pmc,10.1016/j.jceh.2023.101309,2026-03-19,CC BY
pmc_PMC10810720,pmc,10.1002/nbm.5048,2026-03-19,CC BY-NC
pmc_PMC10811305,pmc,10.1007/s10680-023-09690-3,2026-03-19,CC BY
pmc_PMC10811715,pmc,https://pmc.ncbi.nlm.nih.gov/articles/PMC10811715/,2026-03-19,CC BY-NC
pmc_PMC10823184,pmc,10.1542/hpeds.2023-007389,2026-03-19,CC BY-NC-ND
pmc_PMC10827041,pmc,10.1101/2024.01.15.575736,2026-03-19,CC BY-NC-ND
pmc_PMC10827044,pmc,10.1101/2024.01.15.575731,2026-03-19,CC BY-NC-ND
pmc_PMC10827189,pmc,10.1101/2024.01.15.575757,2026-03-19,CC BY-NC-ND
pmc_PMC10827340,pmc,10.1136/bmjph-2023-000316,2026-03-19,CC BY-NC
pmc_PMC10827646,pmc,10.1542/peds.2023-062462,2026-03-19,CC BY-NC-ND
pmc_PMC10828312,pmc,10.1007/s10680-023-09694-z,2026-03-19,CC BY
pmc_PMC10832234,pmc,10.1117/1.JMI.11.1.013503,2026-03-19,CC BY
pmc_PMC10836857,pmc,10.1159/000534526,2026-03-19,CC BY-NC
pmc_PMC10836929,pmc,10.1159/000533965,2026-03-19,CC BY-NC
pmc_PMC10836930,pmc,10.1159/000533994,2026-03-19,CC BY-NC
pmc_PMC10836953,pmc,10.1159/000535061,2026-03-19,CC BY-NC
pmc_PMC10837780,pmc,10.1111/irv.13236,2026-03-19,CC BY
pmc_PMC10840215,pmc,10.1186/s43008-024-00139-8,2026-03-19,CC BY
pmc_PMC10842250,pmc,10.1016/j.jenvman.2023.119518,2026-03-19,CC BY-NC-ND
pmc_PMC10842424,pmc,10.1097/QAD.0000000000003770,2026-03-19,none
pmc_PMC10843183,pmc,10.2215/CJN.0000000000000328,2026-03-19,CC BY-NC-ND
pmc_PMC10843202,pmc,10.2215/CJN.0000000000000244,2026-03-19,CC BY
pmc_PMC10846321,pmc,10.1016/j.cpt.2022.09.001,2026-03-19,CC BY-NC-ND
pmc_PMC10846322,pmc,10.1016/j.cpt.2022.09.003,2026-03-19,CC BY-NC-ND
pmc_PMC10846602,pmc,10.15288/jsad.22-00274,2026-03-19,CC BY
pmc_PMC10851165,pmc,10.1002/cm.21820,2026-03-19,CC BY
pmc_PMC10851882,pmc,10.1016/j.jenvman.2023.119758,2026-03-19,CC BY
pmc_PMC10852200,pmc,10.26502/jcsct.5079218,2026-03-19,CC BY
pmc_PMC10854310,pmc,10.21203/rs.3.rs-3864137/v1,2026-03-19,CC BY
pmc_PMC10859652,pmc,10.1111/jcpp.13872,2026-03-19,CC BY
pmc_PMC10861108,pmc,10.2215/CJN.0000000000000347,2026-03-19,CC BY-NC-ND
pmc_PMC10861110,pmc,10.2215/CJN.0000000000000346,2026-03-19,CC BY-NC-ND
pmc_PMC10861608,pmc,10.1007/s10620-023-08170-2,2026-03-19,CC BY-NC
pmc_PMC10862730,pmc,10.1101/2024.01.26.577343,2026-03-19,CC BY-NC-ND
pmc_PMC10865337,pmc,10.1016/j.gie.2023.10.038,2026-03-19,CC BY-NC-ND
pmc_PMC10865818,pmc,10.1111/exd.15005,2026-03-19,CC BY-NC-ND
pmc_PMC10866152,pmc,10.5751/es-14801-290108,2026-03-19,CC BY
pmc_PMC10868588,pmc,10.1021/acsnano.3c08731,2026-03-19,CC BY
pmc_PMC10870366,pmc,10.1261/rna.079784.123,2026-03-19,CC BY-NC
pmc_PMC10870371,pmc,10.1261/rna.079776.123,2026-03-19,CC BY-NC
pmc_PMC10870377,pmc,10.1261/rna.079768.123,2026-03-19,CC BY-NC
pmc_PMC10870984,pmc,10.1021/acs.jafc.3c06225,2026-03-19,CC BY
pmc_PMC10871327,pmc,10.1101/2024.02.09.579380,2026-03-19,CC BY-NC-ND
pmc_PMC10871756,pmc,10.1097/CORR.0000000000002901,2026-03-19,CC BY-NC-ND
pmc_PMC10871777,pmc,10.1097/CORR.0000000000002834,2026-03-19,CC BY-NC-ND
pmc_PMC10872395,pmc,10.1111/add.16355,2026-03-19,CC BY-NC
pmc_PMC10876061,pmc,10.1021/acs.jpcb.3c06889,2026-03-19,CC BY-NC-ND
pmc_PMC10878701,pmc,10.1159/000535063,2026-03-19,CC BY-NC
pmc_PMC10878702,pmc,10.1159/000534367,2026-03-19,CC BY-NC
pmc_PMC10878704,pmc,10.1159/000534096,2026-03-19,CC BY-NC
pmc_PMC10878706,pmc,10.1159/000534634,2026-03-19,CC BY-NC
pmc_PMC10878707,pmc,10.1159/000533731,2026-03-19,CC BY-NC
pmc_PMC10878708,pmc,10.1159/000533657,2026-03-19,CC BY-NC
pmc_PMC10878709,pmc,10.1159/000533673,2026-03-19,CC BY-NC
pmc_PMC10888814,pmc,10.1101/2024.02.12.579957,2026-03-19,CC BY
pmc_PMC10890806,pmc,10.1159/000536505,2026-03-19,CC BY-NC
pmc_PMC10896348,pmc,10.1101/2024.01.25.577217,2026-03-19,CC BY-NC-ND
pmc_PMC10898976,pmc,10.1016/j.scr.2023.103292,2026-03-19,CC BY-NC-ND
pmc_PMC10900282,pmc,10.1111/infa.12578,2026-03-19,CC BY
pmc_PMC10902501,pmc,10.1089/zeb.2023.0052,2026-03-19,CC BY
pmc_PMC10903935,pmc,10.1101/lm.053871.123,2026-03-19,CC BY-NC
pmc_PMC10903941,pmc,10.1101/lm.053895.123,2026-03-19,CC BY-NC
pmc_PMC10903945,pmc,10.1101/lm.053892.123,2026-03-19,CC BY-NC
pmc_PMC10908257,pmc,10.7717/peerj.17020,2026-03-19,CC BY
pmc_PMC10908320,pmc,10.1089/neur.2023.0109,2026-03-19,CC BY
pmc_PMC10913761,pmc,10.1016/j.ajpath.2023.11.011,2026-03-19,CC BY
pmc_PMC10914196,pmc,10.1681/ASN.0000000000000287,2026-03-19,CC BY
pmc_PMC10914206,pmc,10.1681/ASN.0000000000000294,2026-03-19,CC BY
pmc_PMC10918645,pmc,10.1016/j.jmoldx.2023.11.009,2026-03-19,CC BY-NC-ND
pmc_PMC10922000,pmc,10.1016/j.ssaho.2024.100844,2026-03-19,CC BY
pmc_PMC10922215,pmc,10.1111/jgs.18680,2026-03-19,CC BY
pmc_PMC10923095,pmc,10.1016/j.jcct.2023.10.004,2026-03-19,CC BY
pmc_PMC10925171,pmc,10.1101/2024.02.23.581824,2026-03-19,CC BY
pmc_PMC10932921,pmc,10.1016/j.bbi.2023.12.019,2026-03-19,CC BY
pmc_PMC10936523,pmc,10.1021/acs.jcim.3c01518,2026-03-19,CC BY
pmc_PMC10937025,pmc,10.2215/CJN.0000000000000300,2026-03-19,CC BY-NC-ND
pmc_PMC10937027,pmc,10.2215/CJN.0000000000000359,2026-03-19,CC BY
pmc_PMC10938926,pmc,10.1111/1468-0009.12683,2026-03-19,CC BY
pmc_PMC10938928,pmc,10.1111/1468-0009.12686,2026-03-19,CC BY
pmc_PMC10938929,pmc,10.1111/1468-0009.12675,2026-03-19,CC BY
pmc_PMC10938930,pmc,10.1111/1468-0009.12678,2026-03-19,CC BY
pmc_PMC10938933,pmc,10.1111/1468-0009.12676,2026-03-19,CC BY-NC-ND
pmc_PMC10938936,pmc,10.1111/1468-0009.12682,2026-03-19,CC BY-NC-ND
pmc_PMC10938942,pmc,10.1111/1468-0009.12689,2026-03-19,CC BY
pmc_PMC10939031,pmc,10.1021/acs.langmuir.3c03409,2026-03-19,CC BY-NC-ND
pmc_PMC10941766,pmc,10.1021/jacs.3c13644,2026-03-19,CC BY-NC-ND
pmc_PMC10942363,pmc,10.1101/2024.03.04.583437,2026-03-19,CC BY
pmc_PMC10945703,pmc,10.7554/eLife.87099,2026-03-19,CC BY
pmc_PMC10947913,pmc,10.1016/j.cardfail.2023.08.024,2026-03-19,CC BY
pmc_PMC10950545,pmc,10.1111/imr.13292,2026-03-19,CC BY-NC-ND
pmc_PMC10953713,pmc,10.1111/ddi.13803,2026-03-19,CC BY
pmc_PMC10953812,pmc,10.1002/eet.2056,2026-03-19,CC BY-NC
pmc_PMC10964094,pmc,10.2174/1570159X21666230203103910,2026-03-19,CC BY
pmc_PMC10964096,pmc,10.2174/1570159X21666230322140711,2026-03-19,CC BY
pmc_PMC10964097,pmc,10.2174/1570159X21666230817085811,2026-03-19,CC BY
pmc_PMC10964316,pmc,10.1080/03014460.2024.2306352,2026-03-19,CC BY
pmc_PMC10972486,pmc,10.3390/ma17061434,2026-03-19,CC BY
pmc_PMC10973902,pmc,10.2337/dc23-1614,2026-03-19,none
pmc_PMC10980058,pmc,10.1101/2024.03.13.584790,2026-03-19,CC BY
pmc_PMC10980669,pmc,10.1007/s10680-024-09698-3,2026-03-19,CC BY
pmc_PMC10983834,pmc,10.1002/ab.22139,2026-03-19,CC BY-NC-ND
pmc_PMC10983987,pmc,10.1101/2024.03.19.585720,2026-03-19,CC BY-NC-ND
pmc_PMC10987185,pmc,10.1159/000538271,2026-03-19,CC BY-NC
pmc_PMC10996725,pmc,10.1101/2024.03.26.24304924,2026-03-19,CC BY-NC-ND
pmc_PMC10999114,pmc,10.1016/j.jss.2023.08.015,2026-03-19,CC BY-NC-ND
pmc_PMC10999321,pmc,10.1016/j.dhjo.2024.101587,2026-03-19,CC BY
pmc_PMC11000578,pmc,10.1101/lm.053912.123,2026-03-19,CC BY-NC
pmc_PMC11000581,pmc,10.1101/lm.053996.124,2026-03-19,CC BY-NC
pmc_PMC11000582,pmc,10.1101/lm.053901.123,2026-03-19,CC BY-NC
pmc_PMC11001285,pmc,10.1159/000538044,2026-03-19,CC BY-NC
pmc_PMC11010461,pmc,10.1017/S0033291723001174,2026-03-19,CC BY
pmc_PMC11025548,pmc,10.1021/acs.biochem.3c00481,2026-03-19,CC BY-NC-ND
pmc_PMC11030496,pmc,10.21203/rs.3.rs-4145128/v1,2026-03-19,CC BY
pmc_PMC11040502,pmc,10.1098/rsbl.2024.0009,2026-03-19,CC BY
pmc_PMC11044593,pmc,10.1002/eahr.500202,2026-03-19,CC BY
pmc_PMC11046313,pmc,10.1002/ieam.4871,2026-03-19,CC BY-NC
pmc_PMC11047336,pmc,10.3390/bs14040295,2026-03-19,CC BY
pmc_PMC11047355,pmc,10.3390/antibiotics13040352,2026-03-19,CC BY
pmc_PMC11047358,pmc,10.3390/antibiotics13040370,2026-03-19,CC BY
pmc_PMC11047361,pmc,10.3390/antibiotics13040325,2026-03-19,CC BY
pmc_PMC11047394,pmc,10.3390/antibiotics13040342,2026-03-19,CC BY
pmc_PMC11047474,pmc,10.3390/antibiotics13040360,2026-03-19,CC BY
pmc_PMC11047476,pmc,10.3390/antibiotics13040343,2026-03-19,CC BY
pmc_PMC11047479,pmc,10.3390/antibiotics13040334,2026-03-19,CC BY
pmc_PMC11047510,pmc,10.3390/arm92020018,2026-03-19,CC BY
pmc_PMC11047580,pmc,10.3390/antibiotics13040300,2026-03-19,CC BY
pmc_PMC11047592,pmc,10.3390/bs14040331,2026-03-19,CC BY
pmc_PMC11047617,pmc,10.3390/antibiotics13040323,2026-03-19,CC BY
pmc_PMC11047695,pmc,10.3390/antibiotics13040358,2026-03-19,CC BY
pmc_PMC11047700,pmc,10.3390/antibiotics13040314,2026-03-19,CC BY
pmc_PMC11047727,pmc,10.3390/antibiotics13040291,2026-03-19,CC BY
pmc_PMC11047734,pmc,10.3390/antibiotics13040289,2026-03-19,CC BY
pmc_PMC11048312,pmc,10.3390/bios14040203,2026-03-19,CC BY
pmc_PMC11048355,pmc,10.3390/biology13040255,2026-03-19,CC BY
pmc_PMC11048397,pmc,10.3390/biology13040250,2026-03-19,CC BY
pmc_PMC11048422,pmc,10.3390/biology13040244,2026-03-19,CC BY
pmc_PMC11048629,pmc,10.3390/biology13040230,2026-03-19,CC BY
pmc_PMC11048645,pmc,10.3390/biology13040212,2026-03-19,CC BY
pmc_PMC11048763,pmc,10.3390/dj12040105,2026-03-19,CC BY
pmc_PMC11048804,pmc,10.3390/cimb46040225,2026-03-19,CC BY
pmc_PMC11048877,pmc,10.3390/curroncol31040140,2026-03-19,CC BY
pmc_PMC11048888,pmc,10.3390/ejihpe14040064,2026-03-19,CC BY
pmc_PMC11048950,pmc,10.3390/diseases12040069,2026-03-19,CC BY
pmc_PMC11048963,pmc,10.3390/diagnostics14080847,2026-03-19,CC BY
pmc_PMC11048971,pmc,10.3390/cimb46040176,2026-03-19,CC BY
pmc_PMC11049018,pmc,10.3390/cells13080678,2026-03-19,CC BY
pmc_PMC11049050,pmc,10.3390/cimb46040229,2026-03-19,CC BY
pmc_PMC11049085,pmc,10.3390/ejihpe14040068,2026-03-19,CC BY
pmc_PMC11049134,pmc,10.3390/diagnostics14080828,2026-03-19,CC BY
pmc_PMC11049175,pmc,10.3390/cells13080663,2026-03-19,CC BY
pmc_PMC11049327,pmc,10.3390/cells13080709,2026-03-19,CC BY
pmc_PMC11049353,pmc,10.3390/cimb46040186,2026-03-19,CC BY
pmc_PMC11049379,pmc,10.3390/cimb46040197,2026-03-19,CC BY
pmc_PMC11049401,pmc,10.3390/dj12040115,2026-03-19,CC BY
pmc_PMC11049478,pmc,10.3390/gels10040246,2026-03-19,CC BY
pmc_PMC11049508,pmc,10.3390/diseases12040070,2026-03-19,CC BY
pmc_PMC11049526,pmc,10.3390/ejihpe14040062,2026-03-19,CC BY
pmc_PMC11049642,pmc,10.3390/cimb46040228,2026-03-19,CC BY
pmc_PMC11049659,pmc,10.3390/cimb46040217,2026-03-19,CC BY
pmc_PMC11049697,pmc,10.1097/MD.0000000000037902,2026-03-19,CC BY
pmc_PMC11049709,pmc,10.1097/MD.0000000000037826,2026-03-19,CC BY-NC
pmc_PMC11049710,pmc,10.1097/MD.0000000000038053,2026-03-19,CC BY
pmc_PMC11049718,pmc,10.1097/MD.0000000000037960,2026-03-19,CC BY
pmc_PMC11049722,pmc,10.1097/MD.0000000000037989,2026-03-19,CC BY
pmc_PMC11049755,pmc,10.1097/MD.0000000000037735,2026-03-19,CC BY
pmc_PMC11049768,pmc,10.1097/MD.0000000000037980,2026-03-19,CC BY-NC
pmc_PMC11049829,pmc,10.3390/insects15040264,2026-03-19,CC BY
pmc_PMC11049893,pmc,10.3390/insects15040225,2026-03-19,CC BY
pmc_PMC11049896,pmc,10.3390/idr16020029,2026-03-19,CC BY
pmc_PMC11049961,pmc,10.3390/insects15040267,2026-03-19,CC BY
pmc_PMC11049986,pmc,10.3390/insects15040270,2026-03-19,CC BY
pmc_PMC11050001,pmc,10.3390/healthcare12080819,2026-03-19,CC BY
pmc_PMC11050032,pmc,10.3390/insects15040293,2026-03-19,CC BY
pmc_PMC11050053,pmc,10.3390/insects15040272,2026-03-19,CC BY
pmc_PMC11050054,pmc,10.3390/insects15040239,2026-03-19,CC BY
pmc_PMC11050065,pmc,10.3390/insects15040280,2026-03-19,CC BY
pmc_PMC11050083,pmc,10.3390/insects15040220,2026-03-19,CC BY
pmc_PMC11050086,pmc,10.3390/insects15040268,2026-03-19,CC BY
pmc_PMC11050097,pmc,10.3390/insects15040248,2026-03-19,CC BY
pmc_PMC11050099,pmc,10.3390/insects15040217,2026-03-19,CC BY
pmc_PMC11050162,pmc,10.3390/insects15040252,2026-03-19,CC BY
pmc_PMC11050190,pmc,10.3390/insects15040250,2026-03-19,CC BY
pmc_PMC11050234,pmc,10.3390/insects15040251,2026-03-19,CC BY
pmc_PMC11050314,pmc,10.3390/idr16020026,2026-03-19,CC BY
pmc_PMC11050374,pmc,10.3390/insects15040290,2026-03-19,CC BY
pmc_PMC11050381,pmc,10.3390/insects15040289,2026-03-19,CC BY
pmc_PMC11050389,pmc,10.3390/idr16020028,2026-03-19,CC BY
pmc_PMC11050438,pmc,10.3390/insects15040253,2026-03-19,CC BY
pmc_PMC11050546,pmc,10.3390/healthcare12080813,2026-03-19,CC BY
pmc_PMC11050558,pmc,10.3390/insects15040261,2026-03-19,CC BY
pmc_PMC11050625,pmc,10.3390/insects15040262,2026-03-19,CC BY
pmc_PMC11050660,pmc,10.3390/healthcare12080808,2026-03-19,CC BY
pmc_PMC11050748,pmc,10.4103/ijmr.ijmr_3530_21,2026-03-19,CC BY-NC-SA
pmc_PMC11050767,pmc,10.3390/jof10040250,2026-03-19,CC BY
pmc_PMC11050789,pmc,10.3390/jof10040298,2026-03-19,CC BY
pmc_PMC11050865,pmc,10.3390/jof10040283,2026-03-19,CC BY
pmc_PMC11050870,pmc,10.3390/md22040152,2026-03-19,CC BY
pmc_PMC11050907,pmc,10.3390/jof10040252,2026-03-19,CC BY
pmc_PMC11050938,pmc,10.3390/jof10040294,2026-03-19,CC BY
pmc_PMC11050959,pmc,10.3390/jfb15040103,2026-03-19,CC BY
pmc_PMC11050982,pmc,10.3390/jof10040275,2026-03-19,CC BY
pmc_PMC11050984,pmc,10.3390/jof10040269,2026-03-19,CC BY
pmc_PMC11050985,pmc,10.3390/jof10040297,2026-03-19,CC BY
pmc_PMC11051006,pmc,10.3390/jof10040236,2026-03-19,CC BY
pmc_PMC11051025,pmc,10.3390/jof10040256,2026-03-19,CC BY
pmc_PMC11051051,pmc,10.3390/jof10040254,2026-03-19,CC BY
pmc_PMC11051070,pmc,10.3390/md22040172,2026-03-19,CC BY
pmc_PMC11051100,pmc,10.3390/jof10040295,2026-03-19,CC BY
pmc_PMC11051107,pmc,10.3390/jof10040282,2026-03-19,CC BY
pmc_PMC11051132,pmc,10.3390/md22040144,2026-03-19,CC BY
pmc_PMC11051201,pmc,10.3390/jof10040281,2026-03-19,CC BY
pmc_PMC11051202,pmc,10.3390/jintelligence12040042,2026-03-19,CC BY
pmc_PMC11051217,pmc,10.3390/jof10040243,2026-03-19,CC BY
pmc_PMC11051317,pmc,10.3390/jof10040272,2026-03-19,CC BY
pmc_PMC11051340,pmc,10.3390/md22040189,2026-03-19,CC BY
pmc_PMC11051356,pmc,10.3390/md22040167,2026-03-19,CC BY
pmc_PMC11051358,pmc,10.3390/jof10040274,2026-03-19,CC BY
pmc_PMC11051396,pmc,10.3390/md22040153,2026-03-19,CC BY
pmc_PMC11051444,pmc,10.3390/md22040142,2026-03-19,CC BY
pmc_PMC11051449,pmc,10.3390/md22040180,2026-03-19,CC BY
pmc_PMC11051484,pmc,10.3390/md22040140,2026-03-19,CC BY
pmc_PMC11051496,pmc,10.3390/jof10040264,2026-03-19,CC BY
pmc_PMC11051578,pmc,10.3390/jof10040300,2026-03-19,CC BY
pmc_PMC11051615,pmc,10.1371/journal.pone.0302284,2026-03-19,CC BY
pmc_PMC11051640,pmc,10.1371/journal.pone.0302270,2026-03-19,CC BY
pmc_PMC11051646,pmc,10.1371/journal.pone.0302259,2026-03-19,CC BY
pmc_PMC11051663,pmc,10.1126/sciadv.adn3760,2026-03-19,CC BY-NC
pmc_PMC11051675,pmc,10.1126/sciadv.adl2281,2026-03-19,CC BY-NC
pmc_PMC11051812,pmc,10.3390/membranes14040085,2026-03-19,CC BY
pmc_PMC11052010,pmc,10.3390/metabo14040239,2026-03-19,CC BY
pmc_PMC11052194,pmc,10.3390/microorganisms12040672,2026-03-19,CC BY
pmc_PMC11052197,pmc,10.3390/medicina60040596,2026-03-19,CC BY
pmc_PMC11052201,pmc,10.3390/microorganisms12040650,2026-03-19,CC BY
pmc_PMC11052237,pmc,10.3390/molecules29081798,2026-03-19,CC BY
pmc_PMC11052244,pmc,10.3390/microorganisms12040789,2026-03-19,CC BY
pmc_PMC11052256,pmc,10.3390/microorganisms12040667,2026-03-19,CC BY
pmc_PMC11052259,pmc,10.3390/microorganisms12040678,2026-03-19,CC BY
pmc_PMC11052264,pmc,10.3390/microorganisms12040700,2026-03-19,CC BY
pmc_PMC11052267,pmc,10.3390/microorganisms12040637,2026-03-19,CC BY
pmc_PMC11052287,pmc,10.3390/metabo14040241,2026-03-19,CC BY
pmc_PMC11052293,pmc,10.3390/medicina60040584,2026-03-19,CC BY
pmc_PMC11052294,pmc,10.3390/microorganisms12040812,2026-03-19,CC BY
pmc_PMC11052296,pmc,10.3390/microorganisms12040835,2026-03-19,CC BY
pmc_PMC11052298,pmc,10.3390/microorganisms12040768,2026-03-19,CC BY
pmc_PMC11052319,pmc,10.3390/metabo14040224,2026-03-19,CC BY
pmc_PMC11052324,pmc,10.3390/microorganisms12040832,2026-03-19,CC BY
pmc_PMC11052373,pmc,10.3390/microorganisms12040659,2026-03-19,CC BY
pmc_PMC11052393,pmc,10.3390/metabo14040216,2026-03-19,CC BY
pmc_PMC11052398,pmc,10.3390/mi15040531,2026-03-19,CC BY
pmc_PMC11052408,pmc,10.3390/molecules29081859,2026-03-19,CC BY
pmc_PMC11052518,pmc,10.3390/microorganisms12040800,2026-03-19,CC BY
pmc_PMC11056095,pmc,https://pmc.ncbi.nlm.nih.gov/articles/PMC11056095/,2026-03-19,CC BY-NC
pmc_PMC11062625,pmc,10.1016/j.yrtph.2024.105579,2026-03-19,CC BY-NC-ND
pmc_PMC11071467,pmc,10.1101/2024.04.24.590835,2026-03-19,CC BY-NC-ND
pmc_PMC11071670,pmc,10.2174/011573403X263414231101095310,2026-03-19,CC BY
pmc_PMC11071672,pmc,10.2174/011573403X271096231203164216,2026-03-19,CC BY
pmc_PMC11071673,pmc,10.2174/011573403X263417231107110618,2026-03-19,CC BY
pmc_PMC11071674,pmc,10.2174/011573403X260319231016075216,2026-03-19,CC BY
pmc_PMC11071675,pmc,10.2174/011573403X264660231210162041,2026-03-19,CC BY
pmc_PMC11071676,pmc,10.2174/011573403X267162231011154808,2026-03-19,CC BY
pmc_PMC11071677,pmc,10.2174/011573403X274886231227111902,2026-03-19,CC BY
pmc_PMC11071678,pmc,10.2174/011573403X255256230919061018,2026-03-19,CC BY
pmc_PMC11071679,pmc,10.2174/011573403X263956231129064455,2026-03-19,CC BY
pmc_PMC11079976,pmc,10.1021/acs.accounts.4c00042,2026-03-19,CC BY
pmc_PMC11080052,pmc,10.1021/acs.est.3c02111,2026-03-19,CC BY-NC-ND
pmc_PMC11080073,pmc,10.1021/acs.est.3c09448,2026-03-19,CC BY
pmc_PMC11080079,pmc,10.1186/s12903-024-04258-x,2026-03-19,CC BY
pmc_PMC11087039,pmc,10.1002/rfc2.64,2026-03-19,CC BY
pmc_PMC11090127,pmc,10.1016/j.scitotenv.2024.169932,2026-03-19,CC BY-NC
pmc_PMC11092748,pmc,10.1101/2024.05.05.592579,2026-03-19,CC BY-NC-ND
pmc_PMC11100842,pmc,10.1101/2024.05.07.24306823,2026-03-19,CC BY
pmc_PMC11107465,pmc,10.2174/011573403X277223240206062319,2026-03-19,CC BY
pmc_PMC11107466,pmc,10.2174/011573403X240302230925043500,2026-03-19,CC BY
pmc_PMC11107467,pmc,10.2174/011573403X264963231128045500,2026-03-19,CC BY
pmc_PMC11107469,pmc,10.2174/011573403X257173231222042846,2026-03-19,CC BY
pmc_PMC11107470,pmc,10.2174/011573403X272750240109052319,2026-03-19,CC BY
pmc_PMC11107471,pmc,10.2174/011573403X267793231220114042,2026-03-19,CC BY
pmc_PMC11107472,pmc,10.2174/011573403X270178231228061314,2026-03-19,CC BY
pmc_PMC11107473,pmc,10.2174/011573403X267669240125041203,2026-03-19,CC BY
pmc_PMC11107474,pmc,10.2174/011573403X283174240110025442,2026-03-19,CC BY
pmc_PMC11118485,pmc,10.1101/2024.05.13.593697,2026-03-19,CC BY-NC
pmc_PMC11123610,pmc,10.46292/sci23-00068,2026-03-19,CC BY
pmc_PMC11129727,pmc,10.1111/jcmm.18445,2026-03-19,CC BY
pmc_PMC11129731,pmc,10.1111/jcmm.18317,2026-03-19,CC BY
pmc_PMC11131580,pmc,10.1002/etc.5770,2026-03-19,CC BY
pmc_PMC11132534,pmc,10.1111/trf.17703,2026-03-19,CC BY
pmc_PMC11137742,pmc,10.1016/j.jid.2023.05.029,2026-03-19,CC BY
pmc_PMC11155572,pmc,10.1227/neu.0000000000002848,2026-03-19,CC BY
pmc_PMC11155594,pmc,10.1227/neu.0000000000002853,2026-03-19,CC BY-NC-ND
pmc_PMC11156272,pmc,10.1371/journal.pone.0300936,2026-03-19,CC BY
pmc_PMC11160563,pmc,10.1101/2023.08.13.553101,2026-03-19,CC BY-NC-ND
pmc_PMC11167377,pmc,10.1084/jem.20232091,2026-03-19,CC BY-NC-SA
pmc_PMC11168247,pmc,10.1111/bjc.12441,2026-03-19,CC BY-NC
pmc_PMC11170548,pmc,10.1002/jclp.23608,2026-03-19,CC BY-NC-ND
pmc_PMC11176526,pmc,10.1016/j.josat.2023.209288,2026-03-19,CC BY-NC-ND
pmc_PMC11179612,pmc,10.1177/0271678X241229908,2026-03-19,CC BY
pmc_PMC11185211,pmc,10.1177/15357597241232883,2026-03-19,CC BY-NC
pmc_PMC11185707,pmc,10.1101/2024.06.05.597576,2026-03-19,CC BY
pmc_PMC11195050,pmc,10.1101/2024.06.07.597819,2026-03-19,CC BY
pmc_PMC11195189,pmc,10.1101/2024.06.13.598847,2026-03-19,CC BY-NC-ND
pmc_PMC11195278,pmc,10.1101/2024.06.11.598498,2026-03-19,CC BY-NC-ND
pmc_PMC11198660,pmc,10.1016/j.jacadv.2024.100849,2026-03-19,CC BY
pmc_PMC11202312,pmc,10.1039/d4cp01716a,2026-03-19,CC BY
pmc_PMC11203065,pmc,10.1136/bmjonc-2023-000160,2026-03-19,CC BY-NC
pmc_PMC11203074,pmc,10.1136/bmjonc-2024-000335,2026-03-19,CC BY-NC
pmc_PMC11203081,pmc,10.1136/bmjonc-2023-000100,2026-03-19,CC BY-NC
pmc_PMC11203083,pmc,10.1136/bmjonc-2023-000128,2026-03-19,CC BY-NC
pmc_PMC11203086,pmc,10.1136/bmjonc-2023-000037,2026-03-19,CC BY-NC
pmc_PMC11203102,pmc,10.1136/bmjonc-2023-000154,2026-03-19,CC BY-NC
pmc_PMC11203104,pmc,10.1136/bmjonc-2023-000107,2026-03-19,CC BY-NC
pmc_PMC11203143,pmc,10.1136/bmjonc-2023-000089,2026-03-19,CC BY-NC
pmc_PMC11211070,pmc,10.1084/jem.20232068,2026-03-19,CC BY-NC-SA
pmc_PMC11213071,pmc,10.1101/2024.06.13.24308783,2026-03-19,CC BY
pmc_PMC11214843,pmc,10.1111/ejn.16116,2026-03-19,CC BY-NC
pmc_PMC11215521,pmc,10.1084/jem.20240849,2026-03-19,CC BY-NC-SA
pmc_PMC11215522,pmc,10.1084/jem.20240940,2026-03-19,CC BY-NC-SA
pmc_PMC11215523,pmc,10.1084/jem.20230911,2026-03-19,CC BY
pmc_PMC11215540,pmc,10.1084/jem.20241027,2026-03-19,CC BY-NC-SA
pmc_PMC11215687,pmc,10.1083/jcb.202311126,2026-03-19,CC BY-NC-SA
pmc_PMC11220925,pmc,10.1016/j.ajpath.2024.02.017,2026-03-19,CC BY
pmc_PMC11233158,pmc,10.1016/j.annonc.2023.11.008,2026-03-19,CC BY-NC-ND
pmc_PMC11234986,pmc,10.1136/bmjonc-2023-000101,2026-03-19,CC BY-NC
pmc_PMC11234996,pmc,10.1136/bmjonc-2023-000264,2026-03-19,CC BY-NC
pmc_PMC11235000,pmc,10.1136/bmjonc-2023-000049,2026-03-19,CC BY
pmc_PMC11235001,pmc,10.1136/bmjonc-2023-000092,2026-03-19,CC BY-NC
pmc_PMC11235013,pmc,10.1136/bmjonc-2023-000073,2026-03-19,CC BY-NC
pmc_PMC11235021,pmc,10.1136/bmjonc-2023-000065,2026-03-19,CC BY-NC
pmc_PMC11235027,pmc,10.1136/bmjonc-2022-000021,2026-03-19,CC BY-NC
pmc_PMC11235028,pmc,10.1136/bmjonc-2023-000181,2026-03-19,CC BY-NC
pmc_PMC11235030,pmc,10.1136/bmjonc-2023-000226,2026-03-19,CC BY
pmc_PMC11237963,pmc,10.1002/jnr.25278,2026-03-19,CC BY-NC-ND
pmc_PMC11245110,pmc,10.1101/2024.07.04.602042,2026-03-19,CC BY
pmc_PMC11247537,pmc,10.1002/ieam.4879,2026-03-19,CC BY
pmc_PMC11249447,pmc,10.1159/000539537,2026-03-19,CC BY-NC
pmc_PMC11249569,pmc,10.1159/000539480,2026-03-19,CC BY-NC
pmc_PMC11249613,pmc,10.1159/000538075,2026-03-19,CC BY-NC
pmc_PMC11250044,pmc,10.1159/000539199,2026-03-19,CC BY-NC
pmc_PMC11250101,pmc,10.1097/AOG.0000000000005632,2026-03-19,CC BY-NC-ND
pmc_PMC11252739,pmc,10.1073/pnas.2317458121,2026-03-19,CC BY-NC-ND
pmc_PMC11252790,pmc,10.1073/pnas.2303648121,2026-03-19,CC BY-NC-ND
pmc_PMC11252813,pmc,10.1073/pnas.2320750121,2026-03-19,CC BY-NC-ND
pmc_PMC11252817,pmc,10.1073/pnas.2321770121,2026-03-19,CC BY-NC-ND
pmc_PMC11252820,pmc,10.1073/pnas.2302924121,2026-03-19,CC BY-NC-ND
pmc_PMC11252962,pmc,10.1073/pnas.2408072121,2026-03-19,CC BY-NC-ND
pmc_PMC11253005,pmc,10.1073/pnas.2405100121,2026-03-19,CC BY-NC-ND
pmc_PMC11253648,pmc,10.1044/2024_AJSLP-23-00164,2026-03-19,CC BY-NC-ND
pmc_PMC11253809,pmc,10.1044/2024_LSHSS-23-00180,2026-03-19,CC BY-NC
pmc_PMC11255204,pmc,10.1038/s41598-024-66992-0,2026-03-19,CC BY
pmc_PMC11259182,pmc,10.1080/10903127.2023.2183533,2026-03-19,CC BY-NC-ND
pmc_PMC11260070,pmc,10.1016/j.virol.2024.110115,2026-03-19,CC BY-NC-ND
pmc_PMC11271030,pmc,10.62401/2531-4122-2024-15,2026-03-19,CC BY-NC
pmc_PMC11271664,pmc,10.1177/17449871241226914,2026-03-19,CC BY
pmc_PMC11271666,pmc,10.1177/17449871241226911,2026-03-19,CC BY
pmc_PMC11271667,pmc,10.1177/17449871231215696,2026-03-19,CC BY-NC
pmc_PMC11275722,pmc,10.1101/2024.07.15.603625,2026-03-19,CC BY-ND
pmc_PMC11284691,pmc,10.2174/011573403X259676231222053709,2026-03-19,CC BY
pmc_PMC11284692,pmc,10.2174/011573403X279782240206091322,2026-03-19,CC BY
pmc_PMC11284693,pmc,10.2174/011573403X289842240307114736,2026-03-19,CC BY
pmc_PMC11284694,pmc,10.2174/011573403X278550240221112636,2026-03-19,CC BY
pmc_PMC11284695,pmc,10.2174/011573403X276984240304044109,2026-03-19,CC BY
pmc_PMC11284697,pmc,10.2174/011573403X289572240206112303,2026-03-19,CC BY
pmc_PMC11284698,pmc,10.2174/011573403X276647240217112151,2026-03-19,CC BY
pmc_PMC11284713,pmc,10.2174/1570159X21666230801140648,2026-03-19,CC BY
pmc_PMC11291160,pmc,10.1101/2024.07.26.605237,2026-03-19,CC BY-NC-ND
pmc_PMC11291909,pmc,10.1084/jem.20241219,2026-03-19,CC BY-NC-SA
pmc_PMC11296654,pmc,10.1002/adem.202301488,2026-03-19,CC BY
pmc_PMC11305612,pmc,10.1044/2024_JSLHR-24-00106,2026-03-19,CC BY
pmc_PMC11305656,pmc,10.1159/000536420,2026-03-19,CC BY-NC
pmc_PMC11305686,pmc,10.1159/000536574,2026-03-19,CC BY-NC
pmc_PMC11311246,pmc,10.1016/j.soard.2023.09.026,2026-03-19,CC BY
pmc_PMC11312552,pmc,10.1101/2024.08.03.606488,2026-03-19,CC BY-NC
pmc_PMC11312653,pmc,10.1101/2024.07.27.24310296,2026-03-19,CC BY-NC
pmc_PMC11315271,pmc,10.1136/bmjonc-2023-000057,2026-03-19,CC BY
pmc_PMC11315360,pmc,10.1136/bmjonc-2023-000124,2026-03-19,CC BY
pmc_PMC11317592,pmc,10.1073/pnas.2400153121,2026-03-19,CC BY-NC-ND
pmc_PMC11317602,pmc,10.1073/pnas.2402068121,2026-03-19,CC BY-NC-ND
pmc_PMC11317613,pmc,10.1073/pnas.2404536121,2026-03-19,CC BY-NC-ND
pmc_PMC11317902,pmc,10.1016/j.ajpath.2024.03.002,2026-03-19,CC BY-NC-ND
pmc_PMC11317903,pmc,10.1016/j.ajpath.2024.03.008,2026-03-19,CC BY
pmc_PMC11318356,pmc,10.1016/j.bbamem.2023.184230,2026-03-19,CC BY-NC
pmc_PMC11319775,pmc,10.1038/s41467-024-51249-1,2026-03-19,CC BY-NC-ND
pmc_PMC11327381,pmc,10.1017/S0305000924000023,2026-03-19,CC BY
pmc_PMC11327827,pmc,10.2174/011573403X278440240209064408,2026-03-19,CC BY
pmc_PMC11327829,pmc,10.2174/011573403X283768240124065853,2026-03-19,CC BY
pmc_PMC11327830,pmc,10.2174/011573403X299265240405080030,2026-03-19,CC BY
pmc_PMC11327831,pmc,10.2174/011573403X280737240221060630,2026-03-19,CC BY
pmc_PMC11327832,pmc,10.2174/011573403X281390240219063817,2026-03-19,CC BY
pmc_PMC11327833,pmc,10.2174/011573403X279223231227111737,2026-03-19,CC BY
pmc_PMC11329231,pmc,10.1002/trtr.2265,2026-03-19,CC BY
pmc_PMC11330732,pmc,10.1016/j.sleep.2024.06.014,2026-03-19,CC BY-NC-ND
pmc_PMC11337609,pmc,10.2174/011573403X284831240408053528,2026-03-19,CC BY
pmc_PMC11337610,pmc,10.2174/011573403X281926240417110330,2026-03-19,CC BY
pmc_PMC11337611,pmc,10.2174/011573403X269909240320061952,2026-03-19,CC BY
pmc_PMC11337612,pmc,10.2174/011573403X286573240422104647,2026-03-19,CC BY
pmc_PMC11337613,pmc,10.2174/011573403X295560240530104352,2026-03-19,CC BY
pmc_PMC11347681,pmc,10.1136/bmjonc-2024-000323,2026-03-19,CC BY
pmc_PMC11361013,pmc,10.3390/w16010011,2026-03-19,CC BY
pmc_PMC11366753,pmc,10.1038/s41598-024-70499-z,2026-03-19,CC BY-NC-ND
pmc_PMC11368176,pmc,10.1101/gr.278870.123,2026-03-19,CC BY-NC
pmc_PMC11368178,pmc,10.1101/gr.278606.123,2026-03-19,CC BY-NC
pmc_PMC11368180,pmc,10.1101/gr.278439.123,2026-03-19,CC BY-NC
pmc_PMC11368184,pmc,10.1101/gr.278785.123,2026-03-19,CC BY-NC
pmc_PMC11368200,pmc,10.1101/gr.278794.123,2026-03-19,CC BY-NC
pmc_PMC11368245,pmc,10.1101/gad.351649.124,2026-03-19,CC BY-NC
pmc_PMC11368246,pmc,10.1101/gad.351890.124,2026-03-19,CC BY-NC
pmc_PMC11379754,pmc,10.1007/s11306-024-02163-6,2026-03-19,CC BY-NC-ND
pmc_PMC11388331,pmc,10.1073/pnas.2404916121,2026-03-19,CC BY-NC-ND
pmc_PMC11388341,pmc,10.1073/pnas.2406890121,2026-03-19,CC BY-NC-ND
pmc_PMC11388377,pmc,10.1073/pnas.2404042121,2026-03-19,CC BY-NC-ND
pmc_PMC11388406,pmc,10.1073/pnas.2401292121,2026-03-19,CC BY-NC-ND
pmc_PMC11388408,pmc,10.1073/pnas.2407765121,2026-03-19,CC BY-NC-ND
pmc_PMC11393824,pmc,10.1016/j.ajpath.2024.04.006,2026-03-19,CC BY
pmc_PMC11393825,pmc,10.1016/j.ajpath.2024.03.016,2026-03-19,CC BY-NC-ND
pmc_PMC11399189,pmc,10.1007/s12325-024-02863-4,2026-03-19,CC BY-NC
pmc_PMC11401841,pmc,10.1038/s41598-024-72703-6,2026-03-19,CC BY-NC-ND
pmc_PMC11402847,pmc,10.1007/s12017-024-08804-2,2026-03-19,CC BY-NC-ND
pmc_PMC11404763,pmc,10.1161/HYPERTENSIONAHA.123.22617,2026-03-19,CC BY
pmc_PMC11405205,pmc,10.3389/fgene.2024.1427205,2026-03-19,CC BY
pmc_PMC11412398,pmc,10.1177/15357597241254277,2026-03-19,CC BY-NC
pmc_PMC11419086,pmc,10.1101/2024.09.12.612595,2026-03-19,CC BY
pmc_PMC11419549,pmc,10.1016/j.placenta.2023.12.002,2026-03-19,CC BY-NC
pmc_PMC11420020,pmc,10.3389/fmed.2024.1329922,2026-03-19,CC BY
pmc_PMC11425153,pmc,10.1002/jcop.23099,2026-03-19,CC BY-NC-ND
pmc_PMC11440323,pmc,10.2174/011573403X311031240703080650,2026-03-19,CC BY
pmc_PMC11440324,pmc,10.2174/011573403X302934240715113647,2026-03-19,CC BY
pmc_PMC11440325,pmc,10.2174/011573403X305835240715092532,2026-03-19,CC BY
pmc_PMC11440327,pmc,10.2174/011573403X300384240529124517,2026-03-19,CC BY
pmc_PMC11440328,pmc,10.2174/011573403X292850240719074112,2026-03-19,CC BY
pmc_PMC11440329,pmc,10.2174/011573403X290326240703100925,2026-03-19,CC BY
pmc_PMC11440330,pmc,10.2174/011573403X304090240705063536,2026-03-19,CC BY
pmc_PMC11440331,pmc,10.2174/011573403X304195240715103930,2026-03-19,CC BY
pmc_PMC11440333,pmc,10.2174/011573403X309363240730095253,2026-03-19,CC BY
pmc_PMC11444172,pmc,10.1101/gr.278601.123,2026-03-19,CC BY-NC
pmc_PMC11444175,pmc,10.1101/gr.279464.124,2026-03-19,CC BY-NC
pmc_PMC11444176,pmc,10.1101/gad.352198.124,2026-03-19,CC BY-NC
pmc_PMC11444183,pmc,10.1101/gr.278131.123,2026-03-19,CC BY-NC
pmc_PMC11444184,pmc,10.1101/gr.277066.122,2026-03-19,CC BY-NC
pmc_PMC11444185,pmc,10.1101/gad.351907.124,2026-03-19,CC BY-NC
pmc_PMC11444186,pmc,10.1101/gr.278980.124,2026-03-19,CC BY-NC
pmc_PMC11444190,pmc,10.1101/gad.351612.124,2026-03-19,CC BY-NC
pmc_PMC11444476,pmc,10.46634/riics.240,2026-03-19,CC BY-NC-ND
pmc_PMC11450986,pmc,10.1021/acs.nanolett.4c03336,2026-03-19,CC BY-NC-ND
pmc_PMC11462657,pmc,10.1186/s12904-024-01570-9,2026-03-19,CC BY
pmc_PMC11485172,pmc,10.18061/bhac.v8i2.9752,2026-03-19,CC BY-NC-ND
pmc_PMC11486978,pmc,10.1038/s41598-024-75783-6,2026-03-19,CC BY-NC-ND
pmc_PMC11487493,pmc,10.1016/S2666-5247(23)00364-6,2026-03-19,CC BY-NC-ND
pmc_PMC11489851,pmc,10.1002/mrm.29898,2026-03-19,CC BY
pmc_PMC11490635,pmc,10.1038/s41598-024-75262-y,2026-03-19,CC BY-NC-ND
pmc_PMC11494068,pmc,10.1038/s41598-024-72781-6,2026-03-19,CC BY-NC-ND
pmc_PMC11495566,pmc,10.1371/journal.pone.0311838,2026-03-19,CC BY
pmc_PMC11495657,pmc,10.1016/j.jpsychires.2024.01.035,2026-03-19,CC BY
pmc_PMC11500200,pmc,10.1016/j.indenv.2023.100002,2026-03-19,CC BY-NC-ND
pmc_PMC11501177,pmc,10.1515/nanoph-2022-0777,2026-03-19,CC BY
pmc_PMC11501655,pmc,10.1515/nanoph-2022-0758,2026-03-19,CC BY
pmc_PMC11501955,pmc,10.1515/nanoph-2023-0014,2026-03-19,CC BY
pmc_PMC11502012,pmc,10.1515/nanoph-2022-0786,2026-03-19,CC BY
pmc_PMC11512754,pmc,10.1111/jcmm.70180,2026-03-19,CC BY
pmc_PMC11520222,pmc,10.1002/ppul.26739,2026-03-19,CC BY
pmc_PMC11520266,pmc,10.22037/ijcn.v18i1.36844,2026-03-19,CC BY-NC
pmc_PMC11520267,pmc,10.22037/ijcn.v18i4.38524,2026-03-19,CC BY-NC
pmc_PMC11520268,pmc,10.22037/ijcn.v18i4.43749,2026-03-19,CC BY-NC
pmc_PMC11520269,pmc,10.22037/IJCN.V18I4.43760,2026-03-19,CC BY-NC
pmc_PMC11520270,pmc,10.22037/ijcn.v18i4,2026-03-19,CC BY-NC
pmc_PMC11520271,pmc,10.22037/ijcn.v18i4.43928,2026-03-19,CC BY-NC
pmc_PMC11520272,pmc,https://pmc.ncbi.nlm.nih.gov/articles/PMC11520272/,2026-03-19,CC BY-NC
pmc_PMC11520273,pmc,10.22037/ijcn.v18i4.45400,2026-03-19,CC BY-NC
pmc_PMC11520274,pmc,10.22037/IJCN.V18I4.45110,2026-03-19,CC BY-NC
pmc_PMC11520275,pmc,10.22037/ijcn.v18.43364,2026-03-19,CC BY-NC
pmc_PMC11520276,pmc,10.22037/ijcn.v18i4.43818,2026-03-19,CC BY-NC
pmc_PMC11521417,pmc,10.1159/000540209,2026-03-19,CC BY-NC
pmc_PMC11521451,pmc,10.1159/000540666,2026-03-19,CC BY-NC
pmc_PMC11521514,pmc,10.1159/000541165,2026-03-19,CC BY-NC
pmc_PMC11521540,pmc,10.1159/000541166,2026-03-19,CC BY-NC
pmc_PMC11522463,pmc,10.1038/s41598-024-76261-9,2026-03-19,CC BY-NC-ND
pmc_PMC11524156,pmc,10.1002/gepi.22544,2026-03-19,CC BY
pmc_PMC11527053,pmc,10.1101/2024.10.15.24315549,2026-03-19,CC BY-NC-ND
pmc_PMC11527141,pmc,10.1101/2024.10.24.619506,2026-03-19,CC BY-NC-ND
pmc_PMC11529840,pmc,10.1101/gr.279136.124,2026-03-19,CC BY-NC
pmc_PMC11529843,pmc,10.1101/gr.279143.124,2026-03-19,CC BY-NC
pmc_PMC11529859,pmc,10.1101/gr.279106.124,2026-03-19,CC BY-NC
pmc_PMC11529864,pmc,10.1101/gr.279125.124,2026-03-19,CC BY-NC
pmc_PMC11529868,pmc,10.1101/gr.279132.124,2026-03-19,CC BY-NC
pmc_PMC11529872,pmc,10.1101/gr.279138.124,2026-03-19,CC BY-NC
pmc_PMC11532167,pmc,10.3389/fmed.2024.1491736,2026-03-19,CC BY
pmc_PMC11535152,pmc,10.1101/gad.352300.124,2026-03-19,CC BY-NC
pmc_PMC11535155,pmc,10.1101/gad.352288.124,2026-03-19,CC BY-NC
pmc_PMC11535157,pmc,10.1101/gad.352276.124,2026-03-19,CC BY-NC
pmc_PMC11535162,pmc,10.1101/gad.351728.124,2026-03-19,CC BY-NC
pmc_PMC11535188,pmc,10.1101/gad.351734.124,2026-03-19,CC BY-NC
pmc_PMC11536471,pmc,10.1016/j.jmoldx.2024.03.007,2026-03-19,CC BY
pmc_PMC11541376,pmc,10.1002/bdr2.2311,2026-03-19,CC BY-NC-ND
pmc_PMC11543922,pmc,10.1016/j.rec.2024.04.007,2026-03-19,CC BY-NC-ND
pmc_PMC11544613,pmc,10.1021/jacs.4c08406,2026-03-19,CC BY-NC-ND
pmc_PMC11550322,pmc,10.1038/s41598-024-79098-4,2026-03-19,CC BY-NC-ND
pmc_PMC11555768,pmc,10.1007/s10909-024-03209-8,2026-03-19,CC BY
pmc_PMC11560785,pmc,10.3389/fphar.2024.1453647,2026-03-19,CC BY
pmc_PMC11561215,pmc,10.1007/s00262-024-03877-1,2026-03-19,CC BY
pmc_PMC11565753,pmc,10.1101/2024.10.29.620887,2026-03-19,CC BY-ND
pmc_PMC11567936,pmc,10.1016/j.pecinn.2024.100353,2026-03-19,CC BY-NC-ND
pmc_PMC11569108,pmc,10.1007/s00262-024-03771-w,2026-03-19,CC BY
pmc_PMC11574193,pmc,10.1038/s41598-024-76029-1,2026-03-19,CC BY-NC-ND
pmc_PMC11574488,pmc,10.2196/60291,2026-03-19,CC BY
pmc_PMC11574489,pmc,10.2196/64221,2026-03-19,CC BY
pmc_PMC11574490,pmc,10.2196/57611,2026-03-19,CC BY
pmc_PMC11574492,pmc,10.2196/56386,2026-03-19,CC BY
pmc_PMC11574493,pmc,10.2196/55502,2026-03-19,CC BY
pmc_PMC11574497,pmc,10.2196/58711,2026-03-19,CC BY
pmc_PMC11574498,pmc,10.2196/57433,2026-03-19,CC BY
pmc_PMC11574501,pmc,10.2196/55870,2026-03-19,CC BY
pmc_PMC11574502,pmc,10.2196/59490,2026-03-19,CC BY
pmc_PMC11574503,pmc,10.2196/60165,2026-03-19,CC BY
pmc_PMC11574504,pmc,10.2196/55067,2026-03-19,CC BY
pmc_PMC11575850,pmc,10.1016/j.ejmp.2024.103316,2026-03-19,CC BY
pmc_PMC11579305,pmc,10.1016/S2215-0366(24)00317-1,2026-03-19,CC BY
pmc_PMC11580748,pmc,10.1016/j.drugalcdep.2023.111079,2026-03-19,CC BY-NC-ND
pmc_PMC11581498,pmc,10.1001/jamanetworkopen.2024.37247,2026-03-19,CC BY
pmc_PMC11588392,pmc,10.1016/j.jmbbm.2023.106344,2026-03-19,CC BY
pmc_PMC11588670,pmc,10.1542/peds.2023-061934,2026-03-19,CC BY-NC-ND
pmc_PMC11590663,pmc,10.1210/endocr/bqae152,2026-03-19,CC BY-NC-ND
pmc_PMC11591474,pmc,10.1080/19420862.2024.2433121,2026-03-19,CC BY-NC
pmc_PMC11598926,pmc,10.3389/fvets.2024.1483990,2026-03-19,CC BY
pmc_PMC11601130,pmc,10.1080/10509674.2023.2286648,2026-03-19,CC BY-NC-ND
pmc_PMC11601399,pmc,10.1101/2024.03.24.586455,2026-03-19,CC BY
pmc_PMC11603545,pmc,10.1177/03000605241301863,2026-03-19,CC BY
pmc_PMC11606653,pmc,10.1210/endocr/bqae156,2026-03-19,CC BY
pmc_PMC11607743,pmc,10.1177/03000605241300093,2026-03-19,CC BY-NC
pmc_PMC11611665,pmc,10.1016/j.contraception.2024.110719,2026-03-19,CC BY-NC
pmc_PMC11614145,pmc,10.1002/bies.202300054,2026-03-19,CC BY-NC-ND
pmc_PMC11617100,pmc,10.1091/mbc.E24-06-0262,2026-03-19,none
pmc_PMC11619753,pmc,10.1016/j.midw.2024.104196,2026-03-19,CC BY
pmc_PMC11622593,pmc,10.1186/s12870-024-05891-y,2026-03-19,CC BY-NC-ND
pmc_PMC11626012,pmc,10.1016/j.advnut.2024.100333,2026-03-19,CC BY
pmc_PMC11630531,pmc,10.1210/endocr/bqae155,2026-03-19,CC BY
pmc_PMC11631674,pmc,10.1016/j.ydbio.2024.09.002,2026-03-19,CC BY
pmc_PMC11632961,pmc,10.3390/lymphatics2040016,2026-03-19,CC BY
pmc_PMC11635092,pmc,10.1016/j.ijmedinf.2024.105687,2026-03-19,CC BY-NC-ND
pmc_PMC11635094,pmc,10.1016/j.ijheh.2024.114466,2026-03-19,CC BY-NC-ND
pmc_PMC11635096,pmc,10.1016/j.jecp.2024.106072,2026-03-19,CC BY-NC
pmc_PMC11636773,pmc,10.1007/s10493-023-00876-2,2026-03-19,CC BY
pmc_PMC11637915,pmc,10.1016/j.metabol.2024.156045,2026-03-19,CC BY-NC-ND
pmc_PMC11638321,pmc,10.1007/s00415-024-12804-4,2026-03-19,CC BY
pmc_PMC11643101,pmc,10.1590/1678-7757-2024-0245,2026-03-19,CC BY
pmc_PMC11645246,pmc,10.1053/j.semnuclmed.2024.11.001,2026-03-19,CC BY
pmc_PMC11646177,pmc,10.1016/j.ijrobp.2024.07.2334,2026-03-19,CC BY
pmc_PMC11646179,pmc,10.1016/j.ejps.2024.106977,2026-03-19,CC BY-NC-ND
pmc_PMC11646223,pmc,10.1007/s11306-024-02200-4,2026-03-19,CC BY-NC-ND
pmc_PMC11648927,pmc,10.1261/rna.080216.124,2026-03-19,CC BY-NC
pmc_PMC11648930,pmc,10.1261/rna.080106.124,2026-03-19,CC BY
pmc_PMC11648932,pmc,10.1261/rna.080276.124,2026-03-19,CC BY
pmc_PMC11648934,pmc,10.1261/rna.080163.124,2026-03-19,CC BY
pmc_PMC11648935,pmc,10.1261/rna.080273.124,2026-03-19,CC BY-NC
pmc_PMC11649014,pmc,https://pmc.ncbi.nlm.nih.gov/articles/PMC11649014/,2026-03-19,CC BY-NC
pmc_PMC11650001,pmc,10.1210/endocr/bqae159,2026-03-19,CC BY-NC-ND
pmc_PMC11652706,pmc,10.1016/j.ijid.2024.107291,2026-03-19,CC BY
pmc_PMC11655248,pmc,10.1016/j.jadohealth.2024.08.013,2026-03-19,CC BY
pmc_PMC11658774,pmc,10.1016/j.visres.2024.108519,2026-03-19,CC BY-NC-ND
pmc_PMC11659021,pmc,10.1016/j.actbio.2024.10.050,2026-03-19,CC BY
pmc_PMC11659399,pmc,10.1038/s42004-024-01386-x,2026-03-19,CC BY-NC-ND
pmc_PMC11659967,pmc,10.5414/CN111489,2026-03-19,CC BY
pmc_PMC11661520,pmc,10.1002/qua.70000,2026-03-19,CC BY
pmc_PMC11661999,pmc,10.1038/s43856-024-00695-5,2026-03-19,CC BY-NC-ND
pmc_PMC11663095,pmc,10.1016/j.amepre.2024.08.004,2026-03-19,CC BY
pmc_PMC11665108,pmc,10.70322/bgd.2025.10001,2026-03-19,CC BY
pmc_PMC11668233,pmc,10.1002/jcc.70007,2026-03-19,CC BY
pmc_PMC11670330,pmc,10.1111/jmft.12670,2026-03-19,CC BY-NC-ND
pmc_PMC11672236,pmc,10.1016/j.vaccine.2024.126519,2026-03-19,CC BY
pmc_PMC11674403,pmc,10.1162/netn_a_00391,2026-03-19,CC BY
pmc_PMC11674572,pmc,10.1162/netn_a_00390,2026-03-19,CC BY
pmc_PMC11675664,pmc,10.1289/EHP14754,2026-03-19,none
pmc_PMC11676007,pmc,10.4103/jwas.jwas_185_23,2026-03-19,CC BY-NC-SA
pmc_PMC11676008,pmc,10.4103/jwas.jwas_92_23,2026-03-19,CC BY-NC-SA
pmc_PMC11676009,pmc,10.4103/jwas.jwas_187_23,2026-03-19,CC BY-NC-SA
pmc_PMC11676010,pmc,10.4103/jwas.jwas_135_23,2026-03-19,CC BY-NC-SA
pmc_PMC11676011,pmc,10.4103/jwas.jwas_184_23,2026-03-19,CC BY-NC-SA
pmc_PMC11676012,pmc,10.4103/jwas.jwas_150_23,2026-03-19,CC BY-NC-SA
pmc_PMC11676013,pmc,10.4103/jwas.jwas_188_23,2026-03-19,CC BY-NC-SA
pmc_PMC11676014,pmc,10.4103/jwas.jwas_129_23,2026-03-19,CC BY-NC-SA
pmc_PMC11676015,pmc,10.4103/jwas.jwas_181_23,2026-03-19,CC BY-NC-SA
pmc_PMC11676016,pmc,10.4103/jwas.jwas_284_22,2026-03-19,CC BY-NC-SA
pmc_PMC11676017,pmc,10.4103/jwas.jwas_183_23,2026-03-19,CC BY-NC-SA
pmc_PMC11676018,pmc,10.4103/jwas.jwas_162_23,2026-03-19,CC BY-NC-SA
pmc_PMC11676019,pmc,10.4103/jwas.jwas_160_23,2026-03-19,CC BY-NC-SA
pmc_PMC11676020,pmc,10.4103/jwas.jwas_178_23,2026-03-19,CC BY-NC-SA
pmc_PMC11676021,pmc,10.4103/jwas.jwas_148_23,2026-03-19,CC BY-NC-SA
pmc_PMC11676023,pmc,10.4103/jwas.jwas_244_22,2026-03-19,CC BY-NC-SA
pmc_PMC11676024,pmc,10.4103/jwas.jwas_186_23,2026-03-19,CC BY-NC-SA
pmc_PMC11676025,pmc,10.4103/jwas.jwas_179_23,2026-03-19,CC BY-NC-SA
pmc_PMC11676026,pmc,10.4103/jwas.jwas_182_23,2026-03-19,CC BY-NC-SA
pmc_PMC11676027,pmc,10.4103/jwas.jwas_306_22,2026-03-19,CC BY-NC-SA
pmc_PMC11680936,pmc,10.1038/s41598-024-82047-w,2026-03-19,CC BY-NC-ND
pmc_PMC11681496,pmc,10.1016/j.bbadis.2024.167557,2026-03-19,CC BY-NC-ND
pmc_PMC11682308,pmc,10.1038/s41598-024-82572-8,2026-03-19,CC BY-NC-ND
pmc_PMC11684997,pmc,10.1002/art.42979,2026-03-19,CC BY-NC-ND
pmc_PMC11684998,pmc,10.1002/art.42975,2026-03-19,CC BY-NC-ND
pmc_PMC11685000,pmc,10.1002/art.42983,2026-03-19,CC BY-NC
pmc_PMC11685001,pmc,10.1002/art.42972,2026-03-19,CC BY-NC
pmc_PMC11685002,pmc,10.1002/art.42964,2026-03-19,CC BY-NC-ND
pmc_PMC11685053,pmc,10.1002/aah.10236,2026-03-19,CC BY-NC-ND
pmc_PMC11685054,pmc,10.1002/aah.10231,2026-03-19,CC BY-NC-ND
pmc_PMC11685056,pmc,10.1002/aah.10232,2026-03-19,CC BY
pmc_PMC11685057,pmc,10.1111/ijd.17346,2026-03-19,CC BY-NC-ND
pmc_PMC11685059,pmc,10.1111/ijd.17501,2026-03-19,CC BY-NC
pmc_PMC11685062,pmc,10.1111/ijd.17413,2026-03-19,CC BY-NC-ND
pmc_PMC11685097,pmc,10.1038/s41563-024-02011-x,2026-03-19,CC BY-NC-ND
pmc_PMC11685099,pmc,10.1038/s41563-024-02048-y,2026-03-19,CC BY-NC-ND
pmc_PMC11685182,pmc,10.1002/hbm.70112,2026-03-19,CC BY
pmc_PMC11685234,pmc,10.1007/s11060-024-04827-8,2026-03-19,CC BY
pmc_PMC11685237,pmc,10.1007/s11414-024-09906-2,2026-03-19,CC BY
pmc_PMC11685238,pmc,10.1007/s11060-024-04840-x,2026-03-19,CC BY
pmc_PMC11685243,pmc,10.1007/s11414-024-09902-6,2026-03-19,CC BY
pmc_PMC11685246,pmc,10.1007/s11060-024-04845-6,2026-03-19,CC BY
pmc_PMC11685248,pmc,10.1007/s11060-024-04842-9,2026-03-19,CC BY
pmc_PMC11685249,pmc,10.1007/s11060-024-04828-7,2026-03-19,CC BY
pmc_PMC11685252,pmc,10.1007/s11060-024-04844-7,2026-03-19,CC BY
pmc_PMC11685253,pmc,10.1007/s11356-023-30151-1,2026-03-19,CC BY
pmc_PMC11685268,pmc,10.1007/s11414-024-09919-x,2026-03-19,CC BY
pmc_PMC11685270,pmc,10.1007/s11356-024-32971-1,2026-03-19,CC BY
pmc_PMC11685273,pmc,10.1007/s11060-024-04848-3,2026-03-19,CC BY
pmc_PMC11685341,pmc,10.4070/kcj.2024.0105,2026-03-19,CC BY-NC
pmc_PMC11685342,pmc,10.4070/kcj.2024.0183,2026-03-19,CC BY-NC
pmc_PMC11685343,pmc,10.4070/kcj.2024.0097,2026-03-19,CC BY-NC
pmc_PMC11685345,pmc,10.4070/kcj.2024.0257,2026-03-19,CC BY-NC
pmc_PMC11685346,pmc,10.4070/kcj.2024.0320,2026-03-19,CC BY-NC
pmc_PMC11685351,pmc,10.4070/kcj.2024.0073,2026-03-19,CC BY-NC
pmc_PMC11685411,pmc,10.1038/s41423-024-01242-x,2026-03-19,CC BY
pmc_PMC11685413,pmc,10.1038/s41423-024-01238-7,2026-03-19,CC BY
pmc_PMC11685474,pmc,10.1038/s41423-024-01234-x,2026-03-19,CC BY
pmc_PMC11685512,pmc,10.14744/eej.2024.20981,2026-03-19,CC BY-NC
pmc_PMC11685513,pmc,10.14744/eej.2024.30075,2026-03-19,CC BY-NC
pmc_PMC11685514,pmc,10.14744/eej.2024.35219,2026-03-19,CC BY-NC
pmc_PMC11685515,pmc,10.14744/eej.2024.49344,2026-03-19,CC BY-NC
pmc_PMC11685516,pmc,10.14744/eej.2023.04274,2026-03-19,CC BY-NC
pmc_PMC11685517,pmc,10.14744/eej.2024.75983,2026-03-19,CC BY-NC
pmc_PMC11685518,pmc,10.14744/eej.2024.60783,2026-03-19,CC BY-NC
pmc_PMC11685519,pmc,10.14744/eej.2024.45220,2026-03-19,CC BY-NC
pmc_PMC11685520,pmc,10.14744/eej.2024.78300,2026-03-19,CC BY-NC
pmc_PMC11685521,pmc,10.14744/eej.2024.93723,2026-03-19,CC BY-NC
pmc_PMC11685522,pmc,10.14744/eej.2024.63308,2026-03-19,CC BY-NC
pmc_PMC11685523,pmc,10.14744/eej.2024.75537,2026-03-19,CC BY-NC
pmc_PMC11685524,pmc,10.14744/eej.2024.38980,2026-03-19,CC BY-NC
pmc_PMC11685525,pmc,10.14744/eej.2024.53315,2026-03-19,CC BY-NC
pmc_PMC11685666,pmc,10.1038/s41423-024-01245-8,2026-03-19,CC BY
pmc_PMC11686020,pmc,10.2196/66049,2026-03-19,CC BY
pmc_PMC11686021,pmc,10.2196/65506,2026-03-19,CC BY
pmc_PMC11686027,pmc,10.2196/64343,2026-03-19,CC BY
pmc_PMC11686041,pmc,10.1111/scs.13308,2026-03-19,CC BY
pmc_PMC11686042,pmc,10.1111/scs.13300,2026-03-19,CC BY
pmc_PMC11686043,pmc,10.1111/scs.13312,2026-03-19,CC BY
pmc_PMC11686098,pmc,10.1038/s41423-024-01233-y,2026-03-19,CC BY
pmc_PMC11686117,pmc,10.1038/s41423-024-01244-9,2026-03-19,CC BY
pmc_PMC11686423,pmc,10.1021/acs.jcim.4c01691,2026-03-19,CC BY
pmc_PMC11686456,pmc,10.1111/1754-9485.13737,2026-03-19,CC BY
pmc_PMC11686457,pmc,10.1111/1754-9485.13757,2026-03-19,CC BY
pmc_PMC11686466,pmc,10.1111/1754-9485.13662,2026-03-19,CC BY
pmc_PMC11686467,pmc,10.1111/1754-9485.13668,2026-03-19,CC BY-NC
pmc_PMC11688205,pmc,10.1177/10812865231199067,2026-03-19,CC BY-NC
pmc_PMC11688258,pmc,10.1186/s40345-024-00366-3,2026-03-19,CC BY-NC-ND
pmc_PMC11688266,pmc,10.1007/s12672-024-01675-w,2026-03-19,CC BY-NC-ND
pmc_PMC11688268,pmc,10.1007/s00018-024-05565-w,2026-03-19,CC BY-NC-ND
pmc_PMC11693733,pmc,10.3389/fvets.2024.1519773,2026-03-19,CC BY
pmc_PMC11695676,pmc,10.1038/s41598-024-84026-7,2026-03-19,CC BY-NC-ND
pmc_PMC11696924,pmc,10.1038/s41598-024-83820-7,2026-03-19,CC BY
pmc_PMC11698908,pmc,10.1038/s41598-024-81207-2,2026-03-19,CC BY
pmc_PMC11698950,pmc,10.1038/s41598-024-84271-w,2026-03-19,CC BY-NC-ND
pmc_PMC11699544,pmc,10.1002/smll.202307928,2026-03-19,CC BY-NC-ND
pmc_PMC11702980,pmc,10.1093/plphys/kiae660,2026-03-19,CC BY
pmc_PMC11706952,pmc,10.1038/s41598-024-82910-w,2026-03-19,CC BY-NC-ND
pmc_PMC11707385,pmc,10.1093/europace/euae308,2026-03-19,CC BY
pmc_PMC11710903,pmc,10.1055/a-2424-1989,2026-03-19,CC BY-NC-ND
pmc_PMC11712202,pmc,10.1039/d4na00560k,2026-03-19,CC BY-NC
pmc_PMC11718300,pmc,10.1039/d4na00967c,2026-03-19,CC BY-NC
pmc_PMC11718371,pmc,10.1039/d4na00862f,2026-03-19,CC BY-NC
pmc_PMC11721784,pmc,10.1093/molbev/msae262,2026-03-19,CC BY
pmc_PMC11724698,pmc,10.1002/aet2.11058,2026-03-19,CC BY-NC
pmc_PMC11725434,pmc,10.1016/j.contraception.2024.110726,2026-03-19,CC BY-NC-ND
pmc_PMC11725740,pmc,10.5713/ab.24.0372,2026-03-19,CC BY
pmc_PMC11725741,pmc,10.5713/ab.24.0339,2026-03-19,CC BY
pmc_PMC11725742,pmc,10.5713/ab.24.0487,2026-03-19,CC BY
pmc_PMC11725743,pmc,10.5713/ab.24.0236,2026-03-19,CC BY
pmc_PMC11725744,pmc,10.5713/ab.24.0366,2026-03-19,CC BY
pmc_PMC11725745,pmc,10.5713/ab.24.0246,2026-03-19,CC BY
pmc_PMC11725746,pmc,10.5713/ab.24.0171,2026-03-19,CC BY
pmc_PMC11725747,pmc,10.5713/ab.24.0212,2026-03-19,CC BY
pmc_PMC11725748,pmc,10.5713/ab.24.0182,2026-03-19,CC BY
pmc_PMC11725749,pmc,10.5713/ab.24.0368,2026-03-19,CC BY
pmc_PMC11725750,pmc,10.5713/ab.24.0363,2026-03-19,CC BY
pmc_PMC11725751,pmc,10.5713/ab.24.0350,2026-03-19,CC BY
pmc_PMC11725752,pmc,10.5713/ab.24.0187,2026-03-19,CC BY
pmc_PMC11725753,pmc,10.5713/ab.24.0430,2026-03-19,CC BY
pmc_PMC11725754,pmc,10.5713/ab.24.0316,2026-03-19,CC BY
pmc_PMC11725755,pmc,10.5713/ab.24.0280,2026-03-19,CC BY
pmc_PMC11725756,pmc,10.5713/ab.24.0415,2026-03-19,CC BY
pmc_PMC11726232,pmc,10.1039/d4na00866a,2026-03-19,CC BY
pmc_PMC11729547,pmc,10.7150/thno.102391,2026-03-19,CC BY
pmc_PMC11729548,pmc,10.7150/thno.106085,2026-03-19,CC BY
pmc_PMC11729555,pmc,10.7150/thno.101298,2026-03-19,CC BY
pmc_PMC11729559,pmc,10.7150/thno.103033,2026-03-19,CC BY
pmc_PMC11729561,pmc,10.7150/thno.100451,2026-03-19,CC BY
pmc_PMC11729741,pmc,10.1111/jch.14919,2026-03-19,CC BY-NC
pmc_PMC11731003,pmc,10.1038/s41598-024-79290-6,2026-03-19,CC BY-NC-ND
pmc_PMC11731178,pmc,10.1039/d4na00893f,2026-03-19,CC BY-NC
pmc_PMC11732715,pmc,10.1016/j.chemosphere.2024.143894,2026-03-19,CC BY-NC-ND
pmc_PMC11733294,pmc,10.1038/s41598-025-86105-9,2026-03-19,CC BY
pmc_PMC11735411,pmc,10.1016/j.ijid.2024.107364,2026-03-19,CC BY-NC-ND
pmc_PMC11735833,pmc,10.1016/j.jtho.2023.11.020,2026-03-19,CC BY-NC-ND
pmc_PMC11740870,pmc,10.1007/s44307-024-00028-6,2026-03-19,CC BY
pmc_PMC11741260,pmc,10.1101/2025.01.07.631819,2026-03-19,CC BY-NC-ND
pmc_PMC11741488,pmc,10.1101/2025.01.08.25320209,2026-03-19,CC BY-NC-ND
pmc_PMC11741498,pmc,10.1101/2025.01.07.25320162,2026-03-19,CC BY-ND
pmc_PMC11744485,pmc,10.1039/d4na00890a,2026-03-19,CC BY-NC
pmc_PMC11744681,pmc,10.1039/d4na00804a,2026-03-19,CC BY
pmc_PMC11747010,pmc,10.1007/s11306-024-02218-8,2026-03-19,CC BY-NC-ND
pmc_PMC11747857,pmc,10.1016/j.matbio.2024.11.006,2026-03-19,CC BY-NC-ND
pmc_PMC11747884,pmc,10.1039/d4na00759j,2026-03-19,CC BY-NC
pmc_PMC11747886,pmc,10.1039/d4na00914b,2026-03-19,CC BY
pmc_PMC11748048,pmc,10.1039/d4na00917g,2026-03-19,CC BY-NC
pmc_PMC11748049,pmc,10.1039/d4na00897a,2026-03-19,CC BY
pmc_PMC11748258,pmc,10.1039/d4na00923a,2026-03-19,CC BY-NC
pmc_PMC11748914,pmc,10.1016/j.ijid.2024.107328,2026-03-19,CC BY-NC-ND
pmc_PMC11748956,pmc,10.1039/d4na00916a,2026-03-19,CC BY
pmc_PMC11749883,pmc,10.1136/tsaco-2024-001621,2026-03-19,CC BY-NC
pmc_PMC11750016,pmc,10.1039/d4na01022a,2026-03-19,CC BY-NC
pmc_PMC11750762,pmc,10.1016/S2215-0366(24)00363-8,2026-03-19,CC BY
pmc_PMC11750763,pmc,10.1016/S2215-0366(24)00366-3,2026-03-19,CC BY-NC-ND
pmc_PMC11752637,pmc,10.1039/d4na00836g,2026-03-19,CC BY-NC
pmc_PMC11753319,pmc,10.1007/s11306-024-02214-y,2026-03-19,CC BY-NC-ND
pmc_PMC11754095,pmc,10.1038/s43587-024-00747-4,2026-03-19,CC BY-NC-ND
pmc_PMC11755882,pmc,10.1186/s13059-024-03473-7,2026-03-19,CC BY
pmc_PMC11756168,pmc,10.1186/s40780-025-00411-y,2026-03-19,CC BY
pmc_PMC11756375,pmc,10.1083/jcb.202309069,2026-03-19,CC BY
pmc_PMC11756381,pmc,10.1093/molbev/msaf002,2026-03-19,CC BY-NC
pmc_PMC11756383,pmc,10.1093/molbev/msaf008,2026-03-19,CC BY-NC
pmc_PMC11756556,pmc,10.1039/d4na01013b,2026-03-19,CC BY-NC
pmc_PMC11757154,pmc,10.1016/j.cca.2024.120097,2026-03-19,CC BY
pmc_PMC11757156,pmc,10.1016/j.nbd.2025.106793,2026-03-19,CC BY-NC-ND
pmc_PMC11758100,pmc,10.1039/d4na00927d,2026-03-19,CC BY
pmc_PMC11758316,pmc,10.3390/ani15020179,2026-03-19,CC BY
pmc_PMC11758526,pmc,10.1016/j.midw.2024.104268,2026-03-19,CC BY-NC
pmc_PMC11758577,pmc,10.1039/d4na00640b,2026-03-19,CC BY
pmc_PMC11759491,pmc,10.3390/oxygen5010001,2026-03-19,CC BY
pmc_PMC11760370,pmc,10.1038/s41467-024-55690-0,2026-03-19,CC BY-NC-ND
pmc_PMC11761747,pmc,10.1101/2025.01.12.632663,2026-03-19,CC BY-NC-ND
pmc_PMC11762324,pmc,10.1038/s41598-025-85325-3,2026-03-19,CC BY-NC-ND
pmc_PMC11764689,pmc,10.17912/micropub.biology.001434,2026-03-19,CC BY
pmc_PMC11769506,pmc,10.3390/vaccines13010012,2026-03-19,CC BY
pmc_PMC11769734,pmc,10.1016/j.eururo.2024.09.035,2026-03-19,CC BY
pmc_PMC11769743,pmc,10.1016/j.josat.2024.209566,2026-03-19,CC BY-NC-ND
pmc_PMC11770517,pmc,10.1017/S0031182024000441,2026-03-19,CC BY
pmc_PMC11771284,pmc,10.1016/j.neuropharm.2024.110258,2026-03-19,CC BY
pmc_PMC11772154,pmc,10.1016/j.scitotenv.2024.178366,2026-03-19,CC BY
pmc_PMC11772846,pmc,10.1038/s41467-024-55679-9,2026-03-19,CC BY-NC-ND
pmc_PMC11773634,pmc,10.1016/j.micron.2024.103747,2026-03-19,CC BY-NC-ND
pmc_PMC11774201,pmc,10.1039/d4na00924j,2026-03-19,CC BY-NC
pmc_PMC11774214,pmc,10.2471/BLT.24.292168,2026-03-19,CC BY
pmc_PMC11774219,pmc,10.2471/BLT.24.291643,2026-03-19,CC BY
pmc_PMC11774221,pmc,10.2471/BLT.24.292828,2026-03-19,CC BY
pmc_PMC11774224,pmc,10.2471/BLT.24.292157,2026-03-19,CC BY
pmc_PMC11774225,pmc,10.2471/BLT.24.291950,2026-03-19,CC BY
pmc_PMC11774227,pmc,10.2471/BLT.24.292057,2026-03-19,CC BY
pmc_PMC11774228,pmc,10.2471/BLT.24.291921,2026-03-19,CC BY
pmc_PMC11774677,pmc,10.1007/s00213-024-06692-9,2026-03-19,CC BY
pmc_PMC11774883,pmc,10.3389/fcvm.2024.1477601,2026-03-19,CC BY
pmc_PMC11774884,pmc,10.3389/fped.2025.1439854,2026-03-19,CC BY
pmc_PMC11774885,pmc,10.3389/fimmu.2024.1493306,2026-03-19,CC BY
pmc_PMC11774886,pmc,10.3389/fphar.2024.1528541,2026-03-19,CC BY
pmc_PMC11774887,pmc,10.3389/fgene.2024.1407671,2026-03-19,CC BY
pmc_PMC11774888,pmc,10.3389/fmicb.2024.1433024,2026-03-19,CC BY
pmc_PMC11774891,pmc,10.3389/fgene.2024.1518205,2026-03-19,CC BY
pmc_PMC11774892,pmc,10.3389/fbioe.2025.1500730,2026-03-19,CC BY
pmc_PMC11774893,pmc,10.3389/fsurg.2024.1436361,2026-03-19,CC BY
pmc_PMC11774894,pmc,10.3389/fsurg.2024.1415485,2026-03-19,CC BY
pmc_PMC11774895,pmc,10.3389/frai.2024.1515716,2026-03-19,CC BY
pmc_PMC11774896,pmc,10.3389/fonc.2024.1474427,2026-03-19,CC BY
pmc_PMC11774898,pmc,10.3389/fdata.2024.1469809,2026-03-19,CC BY
pmc_PMC11774899,pmc,10.3389/fphar.2024.1498188,2026-03-19,CC BY
pmc_PMC11774900,pmc,10.3389/fped.2024.1490816,2026-03-19,CC BY
pmc_PMC11774901,pmc,10.3389/fnbot.2024.1502560,2026-03-19,CC BY
pmc_PMC11774902,pmc,10.3389/fped.2024.1477378,2026-03-19,CC BY
pmc_PMC11774903,pmc,10.3389/fpubh.2024.1508204,2026-03-19,CC BY
pmc_PMC11774904,pmc,10.3389/fmed.2024.1489383,2026-03-19,CC BY
pmc_PMC11774905,pmc,10.3389/fbioe.2024.1473951,2026-03-19,CC BY
pmc_PMC11774906,pmc,10.3389/fcell.2024.1519642,2026-03-19,CC BY
pmc_PMC11774908,pmc,10.3389/fpubh.2024.1442075,2026-03-19,CC BY
pmc_PMC11774909,pmc,10.3389/fmed.2024.1499225,2026-03-19,CC BY
pmc_PMC11774910,pmc,10.3389/fneur.2024.1450977,2026-03-19,CC BY
pmc_PMC11774911,pmc,10.3389/fgene.2024.1478581,2026-03-19,CC BY
pmc_PMC11774913,pmc,10.3389/fspor.2024.1483972,2026-03-19,CC BY
pmc_PMC11774914,pmc,10.3389/fmicb.2024.1487022,2026-03-19,CC BY
pmc_PMC11774916,pmc,10.3389/fpsyg.2024.1363993,2026-03-19,CC BY
pmc_PMC11774917,pmc,10.3389/fnagi.2024.1497874,2026-03-19,CC BY
pmc_PMC11774919,pmc,10.3389/fphar.2024.1518810,2026-03-19,CC BY
pmc_PMC11774920,pmc,10.3389/fonc.2024.1521251,2026-03-19,CC BY
pmc_PMC11774921,pmc,10.3389/fmicb.2024.1521015,2026-03-19,CC BY
pmc_PMC11774922,pmc,10.3389/fmicb.2024.1516794,2026-03-19,CC BY
pmc_PMC11774923,pmc,10.3389/fmed.2024.1511513,2026-03-19,CC BY
pmc_PMC11774924,pmc,10.3389/fsoc.2024.1434500,2026-03-19,CC BY
pmc_PMC11774925,pmc,10.3389/fepid.2024.1498203,2026-03-19,CC BY
pmc_PMC11774926,pmc,10.3389/fpsyg.2024.1529718,2026-03-19,CC BY
pmc_PMC11774927,pmc,10.3389/fninf.2024.1472499,2026-03-19,CC BY
pmc_PMC11774930,pmc,10.3389/fpsyg.2024.1508962,2026-03-19,CC BY
pmc_PMC11774931,pmc,10.3389/fphys.2024.1520650,2026-03-19,CC BY
pmc_PMC11774932,pmc,10.3389/fvets.2024.1468779,2026-03-19,CC BY
pmc_PMC11774934,pmc,10.3389/fresc.2024.1497828,2026-03-19,CC BY
pmc_PMC11774935,pmc,10.3389/fnagi.2024.1524622,2026-03-19,CC BY
pmc_PMC11774936,pmc,10.1016/j.heliyon.2025.e41811,2026-03-19,CC BY
pmc_PMC11774937,pmc,10.1016/j.heliyon.2025.e41789,2026-03-19,CC BY-NC-ND
pmc_PMC11774938,pmc,10.1016/j.metop.2025.100346,2026-03-19,CC BY-NC-ND
pmc_PMC11774939,pmc,10.1016/j.jpha.2024.101020,2026-03-19,CC BY
pmc_PMC11774940,pmc,10.1016/S2542-5196(24)00114-1,2026-03-19,CC BY
pmc_PMC11774941,pmc,10.3389/fphar.2024.1518750,2026-03-19,CC BY
pmc_PMC11774943,pmc,10.1007/s00048-024-00403-3,2026-03-19,CC BY
pmc_PMC11774945,pmc,10.3389/fpsyg.2024.1469970,2026-03-19,CC BY
pmc_PMC11774946,pmc,10.3389/fphar.2024.1521188,2026-03-19,CC BY
pmc_PMC11774947,pmc,10.3389/fvets.2024.1521544,2026-03-19,CC BY
pmc_PMC11774951,pmc,10.1007/s10570-024-06319-4,2026-03-19,CC BY
pmc_PMC11774953,pmc,10.1007/s00213-024-06673-y,2026-03-19,CC BY-NC-ND
pmc_PMC11774954,pmc,10.3389/fmed.2024.1515847,2026-03-19,CC BY
pmc_PMC11774955,pmc,10.3389/fpubh.2025.1432806,2026-03-19,CC BY
pmc_PMC11774956,pmc,10.3389/fphys.2024.1481460,2026-03-19,CC BY
pmc_PMC11774957,pmc,10.3389/fpsyg.2024.1404095,2026-03-19,CC BY
pmc_PMC11774958,pmc,10.3389/fcvm.2024.1522619,2026-03-19,CC BY
pmc_PMC11774959,pmc,10.3389/fnins.2024.1508077,2026-03-19,CC BY
pmc_PMC11774960,pmc,10.3389/fpsyg.2024.1499781,2026-03-19,CC BY
pmc_PMC11774961,pmc,10.1007/s00103-024-04001-5,2026-03-19,CC BY
pmc_PMC11774962,pmc,10.3389/fmicb.2024.1439446,2026-03-19,CC BY
pmc_PMC11774963,pmc,10.1007/s10067-024-07297-5,2026-03-19,CC BY
pmc_PMC11774964,pmc,10.1007/s00213-024-06674-x,2026-03-19,CC BY
pmc_PMC11774965,pmc,10.3389/fspor.2024.1505482,2026-03-19,CC BY
pmc_PMC11774967,pmc,10.1007/s10067-024-07291-x,2026-03-19,CC BY
pmc_PMC11774968,pmc,10.3389/fmed.2024.1477343,2026-03-19,CC BY
pmc_PMC11774973,pmc,10.3389/fnins.2024.1527842,2026-03-19,CC BY
pmc_PMC11774975,pmc,10.1007/s00204-024-03921-0,2026-03-19,CC BY
pmc_PMC11774976,pmc,10.3389/fnagi.2024.1508801,2026-03-19,CC BY
pmc_PMC11774979,pmc,10.1007/s00103-024-03968-5,2026-03-19,CC BY
pmc_PMC11774981,pmc,10.1007/s10552-024-01930-z,2026-03-19,CC BY
pmc_PMC11774985,pmc,10.3389/fmicb.2024.1498069,2026-03-19,CC BY
pmc_PMC11774988,pmc,10.3389/fmed.2024.1491858,2026-03-19,CC BY
pmc_PMC11774989,pmc,10.3389/fmed.2024.1480831,2026-03-19,CC BY
pmc_PMC11774990,pmc,10.1007/s00113-024-01501-6,2026-03-19,CC BY
pmc_PMC11774991,pmc,10.3389/fpubh.2024.1410452,2026-03-19,CC BY
pmc_PMC11774992,pmc,10.3389/fsurg.2024.1525843,2026-03-19,CC BY
pmc_PMC11774993,pmc,10.1007/s00204-024-03914-z,2026-03-19,CC BY-NC-ND
pmc_PMC11774994,pmc,10.3389/fmed.2024.1534120,2026-03-19,CC BY
pmc_PMC11774995,pmc,10.1007/s00403-024-03749-9,2026-03-19,CC BY-NC-ND
pmc_PMC11774996,pmc,10.3389/fphys.2024.1511380,2026-03-19,CC BY
pmc_PMC11774997,pmc,10.3389/fmed.2025.1498413,2026-03-19,CC BY
pmc_PMC11774998,pmc,10.3389/fcell.2024.1499111,2026-03-19,CC BY
pmc_PMC11775000,pmc,10.1007/s00204-024-03912-1,2026-03-19,CC BY
pmc_PMC11775001,pmc,10.3389/fpsyg.2024.1465323,2026-03-19,CC BY
pmc_PMC11775002,pmc,10.3389/fped.2024.1473286,2026-03-19,CC BY
pmc_PMC11775004,pmc,10.3389/fchem.2024.1513150,2026-03-19,CC BY
pmc_PMC11775005,pmc,10.3389/fpubh.2024.1462756,2026-03-19,CC BY
pmc_PMC11775006,pmc,10.3389/fmicb.2024.1468336,2026-03-19,CC BY
pmc_PMC11775007,pmc,10.3389/fonc.2024.1476593,2026-03-19,CC BY
pmc_PMC11775009,pmc,10.1007/s10565-024-09983-1,2026-03-19,CC BY-NC-ND
pmc_PMC11775010,pmc,10.3389/fmicb.2024.1468842,2026-03-19,CC BY
pmc_PMC11775011,pmc,10.3389/fpsyg.2024.1463449,2026-03-19,CC BY
pmc_PMC11775012,pmc,10.1007/s10570-024-06266-0,2026-03-19,CC BY
pmc_PMC11775014,pmc,10.3389/fvets.2024.1516850,2026-03-19,CC BY
pmc_PMC11775015,pmc,10.3389/fphar.2024.1517708,2026-03-19,CC BY
pmc_PMC11775016,pmc,10.1007/s12016-024-09017-y,2026-03-19,CC BY-NC-ND
pmc_PMC11775022,pmc,10.1007/s40272-024-00654-6,2026-03-19,CC BY-NC
pmc_PMC11775023,pmc,10.1007/s00048-024-00407-z,2026-03-19,CC BY
pmc_PMC11775024,pmc,10.1007/s00048-024-00405-1,2026-03-19,CC BY
pmc_PMC11775028,pmc,10.1007/s00103-024-04002-4,2026-03-19,CC BY
pmc_PMC11775029,pmc,10.1007/s00384-024-04791-9,2026-03-19,CC BY-NC-ND
pmc_PMC11775030,pmc,10.1007/s00423-025-03626-7,2026-03-19,CC BY
pmc_PMC11775032,pmc,10.1007/s00103-024-03989-0,2026-03-19,CC BY
pmc_PMC11775033,pmc,10.1007/s00204-024-03907-y,2026-03-19,CC BY
pmc_PMC11775034,pmc,10.1007/s13668-024-00595-z,2026-03-19,CC BY
pmc_PMC11775035,pmc,10.1007/s00423-025-03621-y,2026-03-19,CC BY-NC-ND
pmc_PMC11775036,pmc,10.1007/s00213-024-06687-6,2026-03-19,CC BY-NC-ND
pmc_PMC11775044,pmc,10.1007/s11356-024-35848-5,2026-03-19,CC BY
pmc_PMC11775045,pmc,10.1007/s00384-024-04771-z,2026-03-19,CC BY-NC-ND
pmc_PMC11775047,pmc,10.1007/s00213-024-06680-z,2026-03-19,CC BY
pmc_PMC11775049,pmc,10.1007/s10552-024-01926-9,2026-03-19,CC BY
pmc_PMC11775050,pmc,10.1007/s11356-024-35851-w,2026-03-19,CC BY-NC-ND
pmc_PMC11775051,pmc,10.1007/s10067-024-07245-3,2026-03-19,CC BY
pmc_PMC11775052,pmc,10.1007/s00213-024-06688-5,2026-03-19,CC BY
pmc_PMC11775053,pmc,10.1007/s10565-025-09992-8,2026-03-19,CC BY
pmc_PMC11775055,pmc,10.1007/s00723-024-01720-5,2026-03-19,CC BY
pmc_PMC11775056,pmc,10.1007/s00204-024-03906-z,2026-03-19,CC BY
pmc_PMC11775057,pmc,10.1007/s00204-024-03905-0,2026-03-19,CC BY
pmc_PMC11775058,pmc,10.1007/s00103-024-03986-3,2026-03-19,CC BY
pmc_PMC11775061,pmc,10.1007/s00213-024-06672-z,2026-03-19,CC BY
pmc_PMC11775062,pmc,10.1007/s10565-024-09975-1,2026-03-19,CC BY-NC-ND
pmc_PMC11775065,pmc,10.1007/s10067-024-07274-y,2026-03-19,CC BY
pmc_PMC11775066,pmc,10.1007/s40256-024-00678-w,2026-03-19,CC BY-NC
pmc_PMC11775067,pmc,10.1007/s40272-024-00660-8,2026-03-19,CC BY-NC
pmc_PMC11775068,pmc,10.1007/s00204-024-03919-8,2026-03-19,CC BY-NC-ND
pmc_PMC11775069,pmc,10.1007/s10123-024-00524-8,2026-03-19,CC BY
pmc_PMC11775070,pmc,10.1007/s00423-025-03615-w,2026-03-19,CC BY-NC-ND
pmc_PMC11775071,pmc,10.1007/s00423-025-03617-8,2026-03-19,CC BY
pmc_PMC11775072,pmc,10.1007/s00213-024-06682-x,2026-03-19,CC BY
pmc_PMC11775073,pmc,10.1007/s00204-024-03902-3,2026-03-19,CC BY
pmc_PMC11775074,pmc,10.1007/s40572-025-00476-9,2026-03-19,CC BY
pmc_PMC11775076,pmc,10.1007/s00213-024-06679-6,2026-03-19,CC BY
pmc_PMC11775077,pmc,10.1007/s00213-024-06694-7,2026-03-19,CC BY
pmc_PMC11775078,pmc,10.1007/s11883-025-01275-1,2026-03-19,CC BY
pmc_PMC11775080,pmc,10.1007/s00204-024-03911-2,2026-03-19,CC BY
pmc_PMC11775086,pmc,10.1038/s41598-025-87878-9,2026-03-19,CC BY-NC-ND
pmc_PMC11775087,pmc,10.1038/s41598-025-87478-7,2026-03-19,CC BY-NC-ND
pmc_PMC11775088,pmc,10.1038/s41598-024-85092-7,2026-03-19,CC BY-NC-ND
pmc_PMC11775089,pmc,10.1038/s41598-025-87381-1,2026-03-19,CC BY-NC-ND
pmc_PMC11775090,pmc,10.1038/s41531-025-00873-9,2026-03-19,CC BY
pmc_PMC11775091,pmc,10.1038/s41598-024-83746-0,2026-03-19,CC BY-NC-ND
pmc_PMC11775092,pmc,10.1038/s41467-025-55892-0,2026-03-19,CC BY-NC-ND
pmc_PMC11775093,pmc,10.1038/s41598-025-87908-6,2026-03-19,CC BY-NC-ND
pmc_PMC11775094,pmc,10.1038/s41598-025-87389-7,2026-03-19,CC BY-NC-ND
pmc_PMC11775095,pmc,10.1038/s41598-025-87608-1,2026-03-19,CC BY-NC-ND
pmc_PMC11775096,pmc,10.1038/s41598-025-87842-7,2026-03-19,CC BY-NC-ND
pmc_PMC11775097,pmc,10.1038/s41598-025-87174-6,2026-03-19,CC BY
pmc_PMC11775098,pmc,10.1038/s41467-025-56102-7,2026-03-19,CC BY-NC-ND
pmc_PMC11775099,pmc,10.1038/s41598-025-87998-2,2026-03-19,CC BY
pmc_PMC11775100,pmc,10.1038/s41598-025-85391-7,2026-03-19,CC BY
pmc_PMC11775101,pmc,10.1038/s41598-025-87482-x,2026-03-19,CC BY-NC-ND
pmc_PMC11775102,pmc,10.1038/s42003-024-07393-x,2026-03-19,CC BY
pmc_PMC11775104,pmc,10.1038/s41598-025-87436-3,2026-03-19,CC BY-NC-ND
pmc_PMC11775105,pmc,10.1038/s41598-025-88143-9,2026-03-19,CC BY-NC-ND
pmc_PMC11775106,pmc,10.1038/s41598-025-85670-3,2026-03-19,CC BY-NC-ND
pmc_PMC11775107,pmc,10.1038/s41598-024-84058-z,2026-03-19,CC BY-NC-ND
pmc_PMC11775108,pmc,10.1038/s41598-025-86752-y,2026-03-19,CC BY-NC-ND
pmc_PMC11775109,pmc,10.1038/s41598-025-86540-8,2026-03-19,CC BY-NC-ND
pmc_PMC11775110,pmc,10.1038/s41598-025-86595-7,2026-03-19,CC BY-NC-ND
pmc_PMC11775111,pmc,10.1038/s41598-025-88144-8,2026-03-19,CC BY
pmc_PMC11775112,pmc,10.1038/s41598-025-86663-y,2026-03-19,CC BY
pmc_PMC11775117,pmc,10.1093/ajcp/aqae102,2026-03-19,CC BY-NC
pmc_PMC11775118,pmc,10.1038/s41419-025-07339-z,2026-03-19,CC BY
pmc_PMC11775119,pmc,10.1038/s44259-025-00076-5,2026-03-19,CC BY-NC-ND
pmc_PMC11775120,pmc,10.1038/s42003-025-07533-x,2026-03-19,CC BY-NC-ND
pmc_PMC11775121,pmc,10.1038/s41598-025-86704-6,2026-03-19,CC BY-NC-ND
pmc_PMC11775122,pmc,10.1038/s41467-025-56332-9,2026-03-19,CC BY
pmc_PMC11775124,pmc,10.1038/s41598-025-87250-x,2026-03-19,CC BY-NC-ND
pmc_PMC11775125,pmc,10.1038/s41420-025-02309-y,2026-03-19,CC BY
pmc_PMC11775126,pmc,10.1038/s41598-024-84693-6,2026-03-19,CC BY-NC-ND
pmc_PMC11775129,pmc,10.1038/s41598-024-84490-1,2026-03-19,CC BY-NC-ND
pmc_PMC11775131,pmc,10.1038/s41598-025-87876-x,2026-03-19,CC BY-NC-ND
pmc_PMC11775132,pmc,10.1038/s41467-025-56414-8,2026-03-19,CC BY-NC-ND
pmc_PMC11775137,pmc,10.1038/s41467-025-56176-3,2026-03-19,CC BY
pmc_PMC11775139,pmc,10.1038/s41598-025-87785-z,2026-03-19,CC BY-NC-ND
pmc_PMC11775140,pmc,10.1038/s41598-025-87959-9,2026-03-19,CC BY-NC-ND
pmc_PMC11775143,pmc,10.1038/s41597-025-04457-3,2026-03-19,CC BY
pmc_PMC11775145,pmc,10.3389/fpsyg.2024.1532734,2026-03-19,CC BY
pmc_PMC11775154,pmc,10.3389/fphys.2024.1488152,2026-03-19,CC BY
pmc_PMC11775155,pmc,10.3389/fpubh.2024.1517716,2026-03-19,CC BY
pmc_PMC11775157,pmc,10.3389/fpsyg.2024.1522962,2026-03-19,CC BY
pmc_PMC11775160,pmc,10.3389/ftox.2024.1484724,2026-03-19,CC BY
pmc_PMC11775162,pmc,10.3389/fcimb.2024.1486166,2026-03-19,CC BY
pmc_PMC11775163,pmc,10.3389/fchem.2024.1511600,2026-03-19,CC BY
pmc_PMC11775164,pmc,10.1038/s41598-025-87439-0,2026-03-19,CC BY
pmc_PMC11775166,pmc,10.1038/s41598-025-87769-z,2026-03-19,CC BY
pmc_PMC11775168,pmc,10.1038/s41598-025-87991-9,2026-03-19,CC BY
pmc_PMC11775169,pmc,10.1038/s41598-025-87219-w,2026-03-19,CC BY
pmc_PMC11775175,pmc,10.1038/s41467-025-56447-z,2026-03-19,CC BY
pmc_PMC11775180,pmc,10.1038/s41598-025-86231-4,2026-03-19,CC BY-NC-ND
pmc_PMC11775182,pmc,10.1038/s41598-025-87868-x,2026-03-19,CC BY-NC-ND
pmc_PMC11775184,pmc,10.1038/s41598-024-84609-4,2026-03-19,CC BY-NC-ND
pmc_PMC11775186,pmc,10.1038/s41467-025-56022-6,2026-03-19,CC BY-NC-ND
pmc_PMC11775188,pmc,10.1038/s41598-025-87923-7,2026-03-19,CC BY-NC-ND
pmc_PMC11775189,pmc,10.1038/s41598-025-87956-y,2026-03-19,CC BY-NC-ND
pmc_PMC11775192,pmc,10.1038/s41597-025-04501-2,2026-03-19,CC BY-NC-ND
pmc_PMC11775197,pmc,10.1038/s41420-025-02313-2,2026-03-19,CC BY
pmc_PMC11775200,pmc,10.1038/s42004-025-01420-6,2026-03-19,CC BY-NC-ND
pmc_PMC11775201,pmc,10.1038/s41598-025-86369-1,2026-03-19,CC BY
pmc_PMC11775202,pmc,10.1038/s41598-025-87778-y,2026-03-19,CC BY-NC-ND
pmc_PMC11775203,pmc,10.1038/s41598-025-87377-x,2026-03-19,CC BY
pmc_PMC11775205,pmc,10.1038/s41598-024-83616-9,2026-03-19,CC BY-NC-ND
pmc_PMC11775206,pmc,10.1038/s41598-025-85784-8,2026-03-19,CC BY-NC-ND
pmc_PMC11775209,pmc,10.1038/s41598-025-88004-5,2026-03-19,CC BY-NC-ND
pmc_PMC11775211,pmc,10.1038/s41746-025-01452-1,2026-03-19,CC BY
pmc_PMC11775217,pmc,10.1038/s41598-024-85087-4,2026-03-19,CC BY-NC-ND
pmc_PMC11775220,pmc,10.1038/s41598-025-86781-7,2026-03-19,CC BY
pmc_PMC11775221,pmc,10.1038/s41598-024-83610-1,2026-03-19,CC BY
pmc_PMC11775223,pmc,10.1038/s41467-024-54676-2,2026-03-19,CC BY-NC-ND
pmc_PMC11775226,pmc,10.1038/s41598-025-87390-0,2026-03-19,CC BY-NC-ND
pmc_PMC11775228,pmc,10.1038/s41467-024-55277-9,2026-03-19,CC BY
pmc_PMC11775240,pmc,10.1038/s41523-025-00725-y,2026-03-19,CC BY
pmc_PMC11782463,pmc,10.1007/s00425-025-04619-y,2026-03-19,CC BY
pmc_PMC11782553,pmc,10.1038/s41598-024-84442-9,2026-03-19,CC BY-NC-ND
pmc_PMC11783189,pmc,10.1001/jamanetworkopen.2024.57307,2026-03-19,CC BY
pmc_PMC11783190,pmc,10.1001/jamanetworkopen.2024.57319,2026-03-19,CC BY
pmc_PMC11783192,pmc,10.1001/jamanetworkopen.2024.57336,2026-03-19,CC BY
pmc_PMC11785462,pmc,10.1002/ccr3.9544,2026-03-19,CC BY-NC-ND
pmc_PMC11785463,pmc,10.1002/ccr3.9497,2026-03-19,CC BY-NC-ND
pmc_PMC11785465,pmc,10.1002/ccr3.70144,2026-03-19,CC BY-NC-ND
pmc_PMC11785466,pmc,10.1002/ccr3.70149,2026-03-19,CC BY-NC
pmc_PMC11785467,pmc,10.1002/ccr3.70167,2026-03-19,CC BY-NC-ND
pmc_PMC11785469,pmc,10.1002/ccr3.70165,2026-03-19,CC BY-NC-ND
pmc_PMC11785522,pmc,10.1038/s44328-024-00021-y,2026-03-19,CC BY-NC-ND
pmc_PMC11785523,pmc,10.1038/s41590-024-02059-6,2026-03-19,CC BY-NC-ND
pmc_PMC11785528,pmc,10.1038/s41590-024-02042-1,2026-03-19,CC BY-NC-ND
pmc_PMC11785530,pmc,10.1038/s41590-024-02044-z,2026-03-19,CC BY-NC-ND
pmc_PMC11785533,pmc,10.1016/j.ydbio.2024.12.002,2026-03-19,CC BY
pmc_PMC11785541,pmc,10.1111/psyp.14716,2026-03-19,CC BY-NC
pmc_PMC11785543,pmc,10.1111/psyp.14713,2026-03-19,CC BY-NC-ND
pmc_PMC11790530,pmc,10.1186/s13089-025-00417-5,2026-03-19,CC BY
pmc_PMC11792631,pmc,10.1039/d4na00433g,2026-03-19,CC BY-NC
pmc_PMC11792887,pmc,10.1039/d4na00912f,2026-03-19,CC BY-NC
pmc_PMC11793919,pmc,10.3390/stats8010007,2026-03-19,CC BY
pmc_PMC11794336,pmc,10.1007/s10548-024-01098-4,2026-03-19,CC BY
pmc_PMC11800332,pmc,10.70322/immune.2025.10001,2026-03-19,CC BY
pmc_PMC11803678,pmc,10.1016/j.schres.2024.10.024,2026-03-19,CC BY
pmc_PMC11805781,pmc,10.1007/s00425-025-04632-1,2026-03-19,CC BY
pmc_PMC11807061,pmc,10.1007/s00425-025-04623-2,2026-03-19,CC BY
pmc_PMC11808840,pmc,10.12688/hrbopenres.13909.2,2026-03-19,CC BY
pmc_PMC11809151,pmc,10.12688/wellcomeopenres.20530.2,2026-03-19,CC BY
pmc_PMC11810837,pmc,10.1016/j.molmet.2025.102100,2026-03-19,CC BY-NC-ND
pmc_PMC11811232,pmc,10.1245/s10434-024-16498-w,2026-03-19,CC BY
pmc_PMC11811710,pmc,10.2903/j.efsa.2025.9232,2026-03-19,CC BY-ND
pmc_PMC11812908,pmc,10.1136/bmjph-2024-000929,2026-03-19,CC BY
pmc_PMC11812916,pmc,10.1136/bmjph-2024-001032,2026-03-19,CC BY-NC
pmc_PMC11815549,pmc,10.1016/j.jdrv.2024.12.008,2026-03-19,CC BY-NC-ND
pmc_PMC11816204,pmc,10.1136/bmjph-2024-000961,2026-03-19,CC BY
pmc_PMC11817566,pmc,10.1186/s12884-024-06851-y,2026-03-19,CC BY
pmc_PMC11823230,pmc,10.3390/dna5010001,2026-03-19,CC BY
pmc_PMC11824472,pmc,10.1038/s43587-024-00586-3,2026-03-19,CC BY
pmc_PMC11825314,pmc,10.3389/fendo.2025.1418357,2026-03-19,CC BY
pmc_PMC11826219,pmc,10.2903/j.efsa.2025.9271,2026-03-19,CC BY-ND
pmc_PMC11828799,pmc,10.1007/s00425-025-04639-8,2026-03-19,CC BY
pmc_PMC11829918,pmc,10.1007/s10548-025-01108-z,2026-03-19,CC BY
pmc_PMC11829935,pmc,10.1007/s10955-025-03416-x,2026-03-19,CC BY
pmc_PMC11830797,pmc,10.1038/s41467-025-56831-9,2026-03-19,CC BY-NC-ND
pmc_PMC11830992,pmc,10.1002/hsr2.70467,2026-03-19,CC BY-NC-ND
pmc_PMC11831199,pmc,10.1111/cns.70276,2026-03-19,CC BY
pmc_PMC11832328,pmc,10.1016/j.bbagrm.2024.195074,2026-03-19,CC BY
pmc_PMC11833430,pmc,10.1016/j.ijmedinf.2024.105779,2026-03-19,CC BY-NC-ND
pmc_PMC11834298,pmc,10.1186/s40942-025-00640-1,2026-03-19,CC BY
pmc_PMC11836617,pmc,10.2903/j.efsa.2025.9231,2026-03-19,CC BY-ND
pmc_PMC11839487,pmc,10.1002/hsr2.70478,2026-03-19,CC BY
pmc_PMC11839489,pmc,10.1002/hsr2.70495,2026-03-19,CC BY
pmc_PMC11840420,pmc,10.2903/j.efsa.2025.9264,2026-03-19,CC BY-ND
pmc_PMC11842287,pmc,10.4196/kjpp.24.413,2026-03-19,CC BY-NC
pmc_PMC11842295,pmc,10.4196/kjpp.24.352,2026-03-19,CC BY-NC
pmc_PMC11842496,pmc,10.1007/s00425-025-04637-w,2026-03-19,CC BY
pmc_PMC11843261,pmc,10.5152/iao.2025.241797,2026-03-19,CC BY-NC
pmc_PMC11843262,pmc,10.5152/iao.2025.231356,2026-03-19,CC BY-NC
pmc_PMC11843264,pmc,10.5152/iao.2025.241749,2026-03-19,CC BY-NC
pmc_PMC11843268,pmc,10.5152/jiao.2025.241732,2026-03-19,CC BY-NC
pmc_PMC11843273,pmc,10.5152/iao.2025.241591,2026-03-19,CC BY-NC
pmc_PMC11843287,pmc,10.5152/iao.2025.241652,2026-03-19,CC BY-NC
pmc_PMC11843294,pmc,10.5152/iao.2025.241623,2026-03-19,CC BY-NC
pmc_PMC11843325,pmc,10.5152/iao.2025.241723,2026-03-19,CC BY-NC
pmc_PMC11847775,pmc,10.1093/ntr/ntae206,2026-03-19,CC BY
pmc_PMC11848729,pmc,10.1002/hsr2.70512,2026-03-19,CC BY
pmc_PMC11848730,pmc,10.1002/hsr2.70506,2026-03-19,CC BY-NC-ND
pmc_PMC11848950,pmc,10.1016/j.jand.2024.07.164,2026-03-19,CC BY-NC-ND
pmc_PMC11849373,pmc,10.1016/j.actpsy.2025.104703,2026-03-19,CC BY-NC-ND
pmc_PMC11849747,pmc,10.1016/j.drugalcdep.2025.112551,2026-03-19,CC BY
pmc_PMC11850002,pmc,10.7554/eLife.105446,2026-03-19,CC BY
pmc_PMC11850191,pmc,10.1002/hsr2.70527,2026-03-19,CC BY
pmc_PMC11850194,pmc,10.1002/hsr2.70507,2026-03-19,CC BY
pmc_PMC11850432,pmc,10.1002/hsr2.70511,2026-03-19,CC BY
pmc_PMC11851153,pmc,10.1111/cns.70287,2026-03-19,CC BY
pmc_PMC11853857,pmc,10.3390/gels11020086,2026-03-19,CC BY
pmc_PMC11853858,pmc,10.3390/diagnostics15040473,2026-03-19,CC BY
pmc_PMC11853859,pmc,10.3390/cimb47020106,2026-03-19,CC BY
pmc_PMC11853862,pmc,10.3390/cimb47020118,2026-03-19,CC BY
pmc_PMC11853863,pmc,10.1186/s13017-025-00591-w,2026-03-19,CC BY-NC-ND
pmc_PMC11853865,pmc,10.3390/children12020221,2026-03-19,CC BY
pmc_PMC11853866,pmc,10.2147/JMDH.S508981,2026-03-19,CC BY-NC
pmc_PMC11853867,pmc,10.2147/PPA.S497415,2026-03-19,CC BY-NC
pmc_PMC11853868,pmc,10.3390/e27020135,2026-03-19,CC BY
pmc_PMC11853869,pmc,10.2147/NSS.S495071,2026-03-19,CC BY-NC
pmc_PMC11853870,pmc,10.3390/children12020244,2026-03-19,CC BY
pmc_PMC11853873,pmc,10.3390/children12020158,2026-03-19,CC BY
pmc_PMC11853874,pmc,10.2147/JIR.S506688,2026-03-19,CC BY-NC
pmc_PMC11853875,pmc,10.2147/JMDH.S509441,2026-03-19,CC BY-NC
pmc_PMC11853876,pmc,10.3390/gels11020106,2026-03-19,CC BY
pmc_PMC11853877,pmc,10.3390/children12020229,2026-03-19,CC BY
pmc_PMC11853878,pmc,10.3390/foods14040690,2026-03-19,CC BY
pmc_PMC11853879,pmc,10.2147/JHC.S500119,2026-03-19,CC BY-NC
pmc_PMC11853881,pmc,10.2147/BCTT.S493085,2026-03-19,CC BY-NC
pmc_PMC11853882,pmc,10.3390/diseases13020050,2026-03-19,CC BY
pmc_PMC11853883,pmc,10.1186/s12937-025-01093-w,2026-03-19,CC BY-NC-ND
pmc_PMC11853884,pmc,10.1186/s12917-025-04536-y,2026-03-19,CC BY
pmc_PMC11853885,pmc,10.3390/cells14040303,2026-03-19,CC BY
pmc_PMC11853886,pmc,10.3390/curroncol32020093,2026-03-19,CC BY
pmc_PMC11853887,pmc,10.3390/e27020170,2026-03-19,CC BY
pmc_PMC11853889,pmc,10.3390/foods14040598,2026-03-19,CC BY
pmc_PMC11853890,pmc,10.1186/s13256-025-05035-2,2026-03-19,CC BY-NC-ND
pmc_PMC11853891,pmc,10.3390/foods14040667,2026-03-19,CC BY
pmc_PMC11853892,pmc,10.3390/children12020188,2026-03-19,CC BY
pmc_PMC11853893,pmc,10.3390/cimb47020099,2026-03-19,CC BY
pmc_PMC11853894,pmc,10.3390/e27020184,2026-03-19,CC BY
pmc_PMC11853895,pmc,10.1186/s12876-025-03686-5,2026-03-19,CC BY-NC-ND
pmc_PMC11853897,pmc,10.1186/s12885-025-13760-6,2026-03-19,CC BY-NC-ND
pmc_PMC11853899,pmc,10.3390/children12020223,2026-03-19,CC BY
pmc_PMC11853900,pmc,10.3390/curroncol32020074,2026-03-19,CC BY
pmc_PMC11853901,pmc,10.3390/curroncol32020109,2026-03-19,CC BY
pmc_PMC11853902,pmc,10.3390/e27020111,2026-03-19,CC BY
pmc_PMC11853903,pmc,10.3390/foods14040615,2026-03-19,CC BY
pmc_PMC11853905,pmc,10.1186/s12876-025-03687-4,2026-03-19,CC BY-NC-ND
pmc_PMC11853908,pmc,10.3390/foods14040682,2026-03-19,CC BY
pmc_PMC11853909,pmc,10.2147/JPR.S488494,2026-03-19,CC BY-NC
pmc_PMC11853910,pmc,10.3390/foods14040618,2026-03-19,CC BY
pmc_PMC11853911,pmc,10.3390/children12020114,2026-03-19,CC BY
pmc_PMC11853912,pmc,10.1186/s12245-025-00836-0,2026-03-19,CC BY-NC-ND
pmc_PMC11853913,pmc,10.1186/s12912-025-02880-w,2026-03-19,CC BY-NC-ND
pmc_PMC11853914,pmc,10.3390/diseases13020038,2026-03-19,CC BY
pmc_PMC11853915,pmc,10.3390/e27020172,2026-03-19,CC BY
pmc_PMC11853916,pmc,10.3390/diagnostics15040425,2026-03-19,CC BY
pmc_PMC11853917,pmc,10.2147/JMDH.S505889,2026-03-19,CC BY-NC
pmc_PMC11853918,pmc,10.2147/CMAR.S508673,2026-03-19,CC BY-NC
pmc_PMC11853919,pmc,10.3390/curroncol32020111,2026-03-19,CC BY
pmc_PMC11853920,pmc,10.2147/COPD.S510425,2026-03-19,CC BY-NC
pmc_PMC11853921,pmc,10.2147/JIR.S500630,2026-03-19,CC BY-NC
pmc_PMC11853923,pmc,10.1186/s40246-025-00724-x,2026-03-19,CC BY-NC-ND
pmc_PMC11853925,pmc,10.3390/curroncol32020067,2026-03-19,CC BY
pmc_PMC11853929,pmc,10.7759/cureus.78001,2026-03-19,CC BY
pmc_PMC11853931,pmc,10.7759/cureus.78002,2026-03-19,CC BY
pmc_PMC11853932,pmc,10.3390/cimb47020082,2026-03-19,CC BY
pmc_PMC11853950,pmc,10.3390/foods14040570,2026-03-19,CC BY
pmc_PMC11853951,pmc,10.2147/JIR.S495987,2026-03-19,CC BY-NC
pmc_PMC11853952,pmc,10.2147/JHL.S506767,2026-03-19,CC BY-NC
pmc_PMC11853953,pmc,10.3390/cells14040286,2026-03-19,CC BY
pmc_PMC11853954,pmc,10.3390/curroncol32020089,2026-03-19,CC BY
pmc_PMC11853955,pmc,10.3390/diagnostics15040447,2026-03-19,CC BY
pmc_PMC11853956,pmc,10.3390/e27020171,2026-03-19,CC BY
pmc_PMC11853958,pmc,10.3390/foods14040574,2026-03-19,CC BY
pmc_PMC11853959,pmc,10.3390/diagnostics15040483,2026-03-19,CC BY
pmc_PMC11853960,pmc,10.3390/e27020141,2026-03-19,CC BY
pmc_PMC11853961,pmc,10.3390/e27020202,2026-03-19,CC BY
pmc_PMC11853962,pmc,10.1016/j.biopsycho.2024.108826,2026-03-19,CC BY-NC-ND
pmc_PMC11853963,pmc,10.1186/s41182-025-00713-9,2026-03-19,CC BY
pmc_PMC11853964,pmc,10.3390/foods14040640,2026-03-19,CC BY
pmc_PMC11853965,pmc,10.3390/cells14040298,2026-03-19,CC BY
pmc_PMC11853966,pmc,10.3390/dj13020076,2026-03-19,CC BY
pmc_PMC11853967,pmc,10.3390/e27020119,2026-03-19,CC BY
pmc_PMC11853968,pmc,10.1186/s12245-025-00838-y,2026-03-19,CC BY-NC-ND
pmc_PMC11853969,pmc,10.1186/s40359-025-02351-6,2026-03-19,CC BY-NC-ND
pmc_PMC11853970,pmc,10.1186/s12872-025-04582-2,2026-03-19,CC BY-NC-ND
pmc_PMC11853972,pmc,10.3390/curroncol32020086,2026-03-19,CC BY
pmc_PMC11853973,pmc,10.3390/e27020121,2026-03-19,CC BY
pmc_PMC11853974,pmc,10.3390/dj13020070,2026-03-19,CC BY
pmc_PMC11853975,pmc,10.3390/e27020158,2026-03-19,CC BY
pmc_PMC11853978,pmc,10.1186/s12876-025-03702-8,2026-03-19,CC BY-NC-ND
pmc_PMC11853979,pmc,10.2147/CCID.S506038,2026-03-19,CC BY-NC
pmc_PMC11853980,pmc,10.3390/diagnostics15040431,2026-03-19,CC BY
pmc_PMC11853981,pmc,10.3390/diagnostics15040407,2026-03-19,CC BY
pmc_PMC11853982,pmc,10.3390/foods14040554,2026-03-19,CC BY
pmc_PMC11853983,pmc,10.3390/cells14040285,2026-03-19,CC BY
pmc_PMC11853984,pmc,10.3390/foods14040545,2026-03-19,CC BY
pmc_PMC11853985,pmc,10.1186/s12985-025-02621-0,2026-03-19,CC BY-NC-ND
pmc_PMC11853986,pmc,10.3390/cells14040280,2026-03-19,CC BY
pmc_PMC11853987,pmc,10.2147/PRBM.S510207,2026-03-19,CC BY-NC
pmc_PMC11853988,pmc,10.3390/cells14040287,2026-03-19,CC BY
pmc_PMC11853989,pmc,10.2147/DMSO.S508365,2026-03-19,CC BY-NC
pmc_PMC11853990,pmc,10.3390/clinpract15020031,2026-03-19,CC BY
pmc_PMC11853991,pmc,10.2147/IJN.S496873,2026-03-19,CC BY-NC
pmc_PMC11853992,pmc,10.1186/s12864-025-11392-5,2026-03-19,CC BY-NC-ND
pmc_PMC11853993,pmc,10.1186/s13071-025-06713-2,2026-03-19,CC BY
pmc_PMC11853994,pmc,10.1186/s13023-025-03602-w,2026-03-19,CC BY
pmc_PMC11853995,pmc,10.3390/cells14040283,2026-03-19,CC BY
pmc_PMC11853996,pmc,10.1186/s12891-025-08392-7,2026-03-19,CC BY
pmc_PMC11853997,pmc,10.3390/curroncol32020060,2026-03-19,CC BY
pmc_PMC11853998,pmc,10.3390/cells14040291,2026-03-19,CC BY
pmc_PMC11853999,pmc,10.2147/IJN.S502850,2026-03-19,CC BY-NC
pmc_PMC11854000,pmc,10.3390/gels11020102,2026-03-19,CC BY
pmc_PMC11854002,pmc,10.1186/s13321-025-00965-x,2026-03-19,CC BY
pmc_PMC11854004,pmc,10.3390/e27020101,2026-03-19,CC BY
pmc_PMC11854005,pmc,10.1186/s13017-025-00592-9,2026-03-19,CC BY-NC-ND
pmc_PMC11854006,pmc,10.1186/s12974-025-03382-x,2026-03-19,CC BY-NC-ND
pmc_PMC11854007,pmc,10.1186/s12889-025-21569-y,2026-03-19,CC BY-NC-ND
pmc_PMC11854009,pmc,10.3390/diseases13020040,2026-03-19,CC BY
pmc_PMC11854010,pmc,10.1186/s10194-025-01977-6,2026-03-19,CC BY-NC-ND
pmc_PMC11854011,pmc,10.1186/s12909-025-06868-7,2026-03-19,CC BY-NC-ND
pmc_PMC11854012,pmc,10.1186/s12891-025-08441-1,2026-03-19,CC BY-NC-ND
pmc_PMC11854013,pmc,10.1186/s13567-025-01463-6,2026-03-19,CC BY
pmc_PMC11854014,pmc,10.3390/foods14040649,2026-03-19,CC BY
pmc_PMC11854015,pmc,10.3390/curroncol32020102,2026-03-19,CC BY
pmc_PMC11854016,pmc,10.3390/diseases13020062,2026-03-19,CC BY
pmc_PMC11854017,pmc,10.3390/cells14040311,2026-03-19,CC BY
pmc_PMC11854018,pmc,10.1186/s40814-025-01604-w,2026-03-19,CC BY
pmc_PMC11854019,pmc,10.3390/e27020205,2026-03-19,CC BY
pmc_PMC11854020,pmc,10.3390/foods14040642,2026-03-19,CC BY
pmc_PMC11854021,pmc,10.1186/s13068-025-02621-w,2026-03-19,CC BY-NC-ND
pmc_PMC11854023,pmc,10.1186/s12916-025-03851-3,2026-03-19,CC BY
pmc_PMC11854024,pmc,10.1186/s12891-025-08425-1,2026-03-19,CC BY-NC-ND
pmc_PMC11854025,pmc,10.3390/e27020106,2026-03-19,CC BY
pmc_PMC11854026,pmc,10.3390/curroncol32020115,2026-03-19,CC BY
pmc_PMC11854027,pmc,10.3390/children12020175,2026-03-19,CC BY
pmc_PMC11854028,pmc,10.1080/10255842.2023.2294262,2026-03-19,CC BY
pmc_PMC11854030,pmc,10.1080/14742837.2023.2180354,2026-03-19,CC BY-NC-ND
pmc_PMC11854032,pmc,10.3390/e27020125,2026-03-19,CC BY
pmc_PMC11854034,pmc,10.3390/foods14040680,2026-03-19,CC BY
pmc_PMC11854036,pmc,10.1080/07420528.2024.2444675,2026-03-19,CC BY
pmc_PMC11854037,pmc,10.1080/03009742.2024.2392360,2026-03-19,CC BY
pmc_PMC11854039,pmc,10.1080/09602011.2024.2343149,2026-03-19,CC BY-NC-ND
pmc_PMC11854040,pmc,10.1080/00958972.2024.2448520,2026-03-19,CC BY-NC-ND
pmc_PMC11854041,pmc,10.1080/15563650.2024.2432407,2026-03-19,CC BY
pmc_PMC11854042,pmc,10.1080/19312458.2023.2285783,2026-03-19,CC BY-NC-ND
pmc_PMC11854043,pmc,10.3390/dj13020054,2026-03-19,CC BY
pmc_PMC11854046,pmc,10.1080/0142159X.2024.2339409,2026-03-19,CC BY-NC-ND
pmc_PMC11854048,pmc,10.1080/17474086.2025.2459259,2026-03-19,CC BY-NC-ND
pmc_PMC11854051,pmc,10.1080/09602011.2024.2337152,2026-03-19,CC BY
pmc_PMC11854052,pmc,10.1080/13803395.2020.1840520,2026-03-19,CC BY-NC-ND
pmc_PMC11854055,pmc,10.1080/07420528.2024.2441192,2026-03-19,CC BY
pmc_PMC11854056,pmc,10.3390/cancers17040695,2026-03-19,CC BY
pmc_PMC11854057,pmc,10.3390/cells14040289,2026-03-19,CC BY
pmc_PMC11854058,pmc,10.1080/10408363.2024.2431853,2026-03-19,CC BY
pmc_PMC11854059,pmc,10.3390/children12020245,2026-03-19,CC BY
pmc_PMC11854061,pmc,10.3390/diagnostics15040472,2026-03-19,CC BY
pmc_PMC11854062,pmc,10.3390/foods14040547,2026-03-19,CC BY
pmc_PMC11854064,pmc,10.3390/cells14040253,2026-03-19,CC BY
pmc_PMC11854065,pmc,10.3390/children12020234,2026-03-19,CC BY
pmc_PMC11854066,pmc,10.3390/dj13020067,2026-03-19,CC BY
pmc_PMC11854067,pmc,10.3390/curroncol32020076,2026-03-19,CC BY
pmc_PMC11854070,pmc,10.3390/cells14040245,2026-03-19,CC BY
pmc_PMC11854075,pmc,10.3390/dj13020072,2026-03-19,CC BY
pmc_PMC11854076,pmc,10.3390/cimb47020076,2026-03-19,CC BY
pmc_PMC11854077,pmc,10.3390/children12020189,2026-03-19,CC BY
pmc_PMC11854078,pmc,10.3390/e27020164,2026-03-19,CC BY
pmc_PMC11854079,pmc,10.3390/foods14040619,2026-03-19,CC BY
pmc_PMC11854081,pmc,10.3390/diagnostics15040475,2026-03-19,CC BY
pmc_PMC11854082,pmc,10.3390/foods14040685,2026-03-19,CC BY
pmc_PMC11854083,pmc,10.3390/clinpract15020037,2026-03-19,CC BY
pmc_PMC11854084,pmc,10.3390/e27020134,2026-03-19,CC BY
pmc_PMC11854085,pmc,10.3390/dj13020056,2026-03-19,CC BY
pmc_PMC11854086,pmc,10.3390/dj13020061,2026-03-19,CC BY
pmc_PMC11854087,pmc,10.1186/s12886-025-03929-9,2026-03-19,CC BY-NC-ND
pmc_PMC11854088,pmc,10.3390/diseases13020060,2026-03-19,CC BY
pmc_PMC11854089,pmc,10.3390/cimb47020079,2026-03-19,CC BY
pmc_PMC11854091,pmc,10.3390/diseases13020059,2026-03-19,CC BY
pmc_PMC11854092,pmc,10.3390/diagnostics15040445,2026-03-19,CC BY
pmc_PMC11854093,pmc,10.3390/dj13020057,2026-03-19,CC BY
pmc_PMC11854094,pmc,10.1186/s40104-025-01165-1,2026-03-19,CC BY
pmc_PMC11854095,pmc,10.3390/dj13020084,2026-03-19,CC BY
pmc_PMC11854096,pmc,10.3390/e27020154,2026-03-19,CC BY
pmc_PMC11854097,pmc,10.3390/foods14040581,2026-03-19,CC BY
pmc_PMC11854098,pmc,10.3390/e27020209,2026-03-19,CC BY
pmc_PMC11854099,pmc,10.3390/dj13020051,2026-03-19,CC BY
pmc_PMC11854100,pmc,10.3390/diagnostics15040401,2026-03-19,CC BY
pmc_PMC11854101,pmc,10.3390/foods14040677,2026-03-19,CC BY
pmc_PMC11854102,pmc,10.3390/foods14040635,2026-03-19,CC BY
pmc_PMC11854103,pmc,10.3390/e27020215,2026-03-19,CC BY
pmc_PMC11854104,pmc,10.3390/foods14040708,2026-03-19,CC BY
pmc_PMC11854105,pmc,10.3390/curroncol32020079,2026-03-19,CC BY
pmc_PMC11854106,pmc,10.3390/e27020166,2026-03-19,CC BY
pmc_PMC11854108,pmc,10.1186/s12864-025-11363-w,2026-03-19,CC BY-NC-ND
pmc_PMC11854109,pmc,10.1186/s13321-025-00967-9,2026-03-19,CC BY
pmc_PMC11854110,pmc,10.1186/s12943-025-02254-5,2026-03-19,CC BY-NC-ND
pmc_PMC11854111,pmc,10.3390/clinpract15020034,2026-03-19,CC BY
pmc_PMC11854115,pmc,10.3390/diseases13020049,2026-03-19,CC BY
pmc_PMC11854116,pmc,10.1186/s12865-025-00688-6,2026-03-19,CC BY-NC-ND
pmc_PMC11854118,pmc,10.1186/s13071-025-06679-1,2026-03-19,CC BY
pmc_PMC11854119,pmc,10.1186/s12870-025-06262-x,2026-03-19,CC BY-NC-ND
pmc_PMC11854120,pmc,10.3390/curroncol32020072,2026-03-19,CC BY
pmc_PMC11854121,pmc,10.3389/fmicb.2025.1503537,2026-03-19,CC BY
pmc_PMC11854122,pmc,10.3389/fmicb.2025.1495971,2026-03-19,CC BY
pmc_PMC11854123,pmc,10.3390/children12020216,2026-03-19,CC BY
pmc_PMC11854124,pmc,10.3390/cells14040238,2026-03-19,CC BY
pmc_PMC11854125,pmc,10.3390/e27020153,2026-03-19,CC BY
pmc_PMC11854126,pmc,10.3390/e27020179,2026-03-19,CC BY
pmc_PMC11854127,pmc,10.3390/diagnostics15040465,2026-03-19,CC BY
pmc_PMC11854128,pmc,10.3390/children12020173,2026-03-19,CC BY
pmc_PMC11854129,pmc,10.3390/cells14040292,2026-03-19,CC BY
pmc_PMC11854130,pmc,10.3390/curroncol32020107,2026-03-19,CC BY
pmc_PMC11854131,pmc,10.3390/e27020196,2026-03-19,CC BY
pmc_PMC11854132,pmc,10.3390/diseases13020046,2026-03-19,CC BY
pmc_PMC11854133,pmc,10.3390/foods14040595,2026-03-19,CC BY
pmc_PMC11854134,pmc,10.1186/s12917-025-04550-0,2026-03-19,CC BY
pmc_PMC11854135,pmc,10.3390/foods14040564,2026-03-19,CC BY
pmc_PMC11854136,pmc,10.3390/foods14040551,2026-03-19,CC BY
pmc_PMC11854137,pmc,10.3390/diseases13020054,2026-03-19,CC BY
pmc_PMC11854138,pmc,10.3390/foods14040620,2026-03-19,CC BY
pmc_PMC11854139,pmc,10.3390/e27020099,2026-03-19,CC BY
pmc_PMC11854140,pmc,10.3390/foods14040636,2026-03-19,CC BY
pmc_PMC11854141,pmc,10.3390/foods14040633,2026-03-19,CC BY
pmc_PMC11854142,pmc,10.3390/foods14040683,2026-03-19,CC BY
pmc_PMC11854143,pmc,10.3390/diagnostics15040484,2026-03-19,CC BY
pmc_PMC11854144,pmc,10.3390/diseases13020052,2026-03-19,CC BY
pmc_PMC11854146,pmc,10.3390/foods14040655,2026-03-19,CC BY
pmc_PMC11854147,pmc,10.3390/cimb47020083,2026-03-19,CC BY
pmc_PMC11854148,pmc,10.3390/cimb47020130,2026-03-19,CC BY
pmc_PMC11854149,pmc,10.3390/children12020153,2026-03-19,CC BY
pmc_PMC11854150,pmc,10.1186/s12891-025-08450-0,2026-03-19,CC BY-NC-ND
pmc_PMC11854151,pmc,10.1186/s12891-025-08449-7,2026-03-19,CC BY-NC-ND
pmc_PMC11854153,pmc,10.3390/cimb47020085,2026-03-19,CC BY
pmc_PMC11854154,pmc,10.3390/children12020209,2026-03-19,CC BY
pmc_PMC11854155,pmc,10.3390/children12020139,2026-03-19,CC BY
pmc_PMC11854159,pmc,10.3390/cells14040306,2026-03-19,CC BY
pmc_PMC11854161,pmc,10.3390/clinpract15020026,2026-03-19,CC BY
pmc_PMC11854163,pmc,10.3390/foods14040654,2026-03-19,CC BY
pmc_PMC11854164,pmc,10.3390/foods14040686,2026-03-19,CC BY
pmc_PMC11854165,pmc,10.1186/s40337-025-01190-5,2026-03-19,CC BY-NC-ND
pmc_PMC11854166,pmc,10.3390/diagnostics15040439,2026-03-19,CC BY
pmc_PMC11854167,pmc,10.3390/gels11020119,2026-03-19,CC BY
pmc_PMC11854168,pmc,10.3390/e27020208,2026-03-19,CC BY
pmc_PMC11854170,pmc,10.3390/diagnostics15040444,2026-03-19,CC BY
pmc_PMC11854171,pmc,10.3390/diagnostics15040499,2026-03-19,CC BY
pmc_PMC11854172,pmc,10.3390/foods14040666,2026-03-19,CC BY
pmc_PMC11854173,pmc,10.3390/children12020178,2026-03-19,CC BY
pmc_PMC11854174,pmc,10.3390/cells14040301,2026-03-19,CC BY
pmc_PMC11854175,pmc,10.3390/children12020170,2026-03-19,CC BY
pmc_PMC11854176,pmc,10.3390/children12020166,2026-03-19,CC BY
pmc_PMC11854177,pmc,10.3390/diagnostics15040491,2026-03-19,CC BY
pmc_PMC11854178,pmc,10.3390/children12020192,2026-03-19,CC BY
pmc_PMC11854179,pmc,10.3390/diagnostics15040398,2026-03-19,CC BY
pmc_PMC11854180,pmc,10.3390/foods14040653,2026-03-19,CC BY
pmc_PMC11854181,pmc,10.3390/diseases13020048,2026-03-19,CC BY
pmc_PMC11854182,pmc,10.3390/e27020138,2026-03-19,CC BY
pmc_PMC11854183,pmc,10.3390/foods14040628,2026-03-19,CC BY
pmc_PMC11854184,pmc,10.3390/foods14040631,2026-03-19,CC BY
pmc_PMC11854185,pmc,10.3390/cimb47020074,2026-03-19,CC BY
pmc_PMC11854186,pmc,10.3390/diagnostics15040485,2026-03-19,CC BY
pmc_PMC11854187,pmc,10.3390/foods14040572,2026-03-19,CC BY
pmc_PMC11854188,pmc,10.3390/cimb47020125,2026-03-19,CC BY
pmc_PMC11854190,pmc,10.3390/children12020235,2026-03-19,CC BY
pmc_PMC11854191,pmc,10.3390/curroncol32020090,2026-03-19,CC BY
pmc_PMC11854192,pmc,10.3390/e27020213,2026-03-19,CC BY
pmc_PMC11854194,pmc,10.3390/e27020161,2026-03-19,CC BY
pmc_PMC11854196,pmc,10.3390/diagnostics15040459,2026-03-19,CC BY
pmc_PMC11854197,pmc,10.3390/e27020116,2026-03-19,CC BY
pmc_PMC11854198,pmc,10.3390/e27020112,2026-03-19,CC BY
pmc_PMC11854199,pmc,10.3390/gels11020083,2026-03-19,CC BY
pmc_PMC11854200,pmc,10.3390/diagnostics15040436,2026-03-19,CC BY
pmc_PMC11854201,pmc,10.3390/cells14040273,2026-03-19,CC BY
pmc_PMC11854203,pmc,10.3390/ejihpe15020016,2026-03-19,CC BY
pmc_PMC11854204,pmc,10.3390/curroncol32020113,2026-03-19,CC BY
pmc_PMC11854205,pmc,10.3390/curroncol32020062,2026-03-19,CC BY
pmc_PMC11854206,pmc,10.3390/dj13020073,2026-03-19,CC BY
pmc_PMC11854207,pmc,10.3390/foods14040707,2026-03-19,CC BY
pmc_PMC11854208,pmc,10.3390/e27020211,2026-03-19,CC BY
pmc_PMC11854209,pmc,10.3390/e27020185,2026-03-19,CC BY
pmc_PMC11854211,pmc,10.3390/e27020109,2026-03-19,CC BY
pmc_PMC11854212,pmc,10.3390/diagnostics15040422,2026-03-19,CC BY
pmc_PMC11854213,pmc,10.3390/e27020198,2026-03-19,CC BY
pmc_PMC11854214,pmc,10.3390/children12020176,2026-03-19,CC BY
pmc_PMC11854215,pmc,10.3390/diagnostics15040446,2026-03-19,CC BY
pmc_PMC11854216,pmc,10.3390/diseases13020044,2026-03-19,CC BY
pmc_PMC11854217,pmc,10.3390/dj13020075,2026-03-19,CC BY
pmc_PMC11854218,pmc,10.3390/e27020127,2026-03-19,CC BY
pmc_PMC11854220,pmc,10.3390/foods14040549,2026-03-19,CC BY
pmc_PMC11854221,pmc,10.3390/e27020155,2026-03-19,CC BY
pmc_PMC11854222,pmc,10.3390/gels11020116,2026-03-19,CC BY
pmc_PMC11854223,pmc,10.3390/foods14040568,2026-03-19,CC BY
pmc_PMC11854224,pmc,10.3390/foods14040584,2026-03-19,CC BY
pmc_PMC11854226,pmc,10.3390/diagnostics15040510,2026-03-19,CC BY
pmc_PMC11854227,pmc,10.3390/children12020124,2026-03-19,CC BY
pmc_PMC11854228,pmc,10.1186/s12906-025-04822-0,2026-03-19,CC BY-NC-ND
pmc_PMC11854229,pmc,10.3390/cimb47020084,2026-03-19,CC BY
pmc_PMC11854231,pmc,10.3390/foods14040552,2026-03-19,CC BY
pmc_PMC11854232,pmc,10.1186/s12885-025-13701-3,2026-03-19,CC BY-NC-ND
pmc_PMC11854234,pmc,10.1186/s12889-025-21973-4,2026-03-19,CC BY-NC-ND
pmc_PMC11854235,pmc,10.3390/ejihpe15020022,2026-03-19,CC BY
pmc_PMC11854236,pmc,10.3390/children12020198,2026-03-19,CC BY
pmc_PMC11854237,pmc,10.3390/e27020156,2026-03-19,CC BY
pmc_PMC11854238,pmc,10.1186/s12880-024-01534-8,2026-03-19,CC BY-NC-ND
pmc_PMC11854239,pmc,10.3390/e27020201,2026-03-19,CC BY
pmc_PMC11854240,pmc,10.3390/gels11020104,2026-03-19,CC BY
pmc_PMC11854241,pmc,10.3390/curroncol32020097,2026-03-19,CC BY
pmc_PMC11854242,pmc,10.3390/cells14040266,2026-03-19,CC BY
pmc_PMC11854244,pmc,10.3390/e27020150,2026-03-19,CC BY
pmc_PMC11854247,pmc,10.3390/diagnostics15040504,2026-03-19,CC BY
pmc_PMC11854248,pmc,10.3390/foods14040562,2026-03-19,CC BY
pmc_PMC11854249,pmc,10.3390/foods14040561,2026-03-19,CC BY
pmc_PMC11854250,pmc,10.3390/foods14040625,2026-03-19,CC BY
pmc_PMC11854251,pmc,10.3390/children12020255,2026-03-19,CC BY
pmc_PMC11854253,pmc,10.3390/diagnostics15040449,2026-03-19,CC BY
pmc_PMC11854254,pmc,10.3390/foods14040658,2026-03-19,CC BY
pmc_PMC11854256,pmc,10.3390/cells14040294,2026-03-19,CC BY
pmc_PMC11854257,pmc,10.3390/e27020162,2026-03-19,CC BY
pmc_PMC11854258,pmc,10.3390/foods14040678,2026-03-19,CC BY
pmc_PMC11854259,pmc,10.3390/diagnostics15040400,2026-03-19,CC BY
pmc_PMC11854261,pmc,10.3390/curroncol32020117,2026-03-19,CC BY
pmc_PMC11854262,pmc,10.3390/clinpract15020035,2026-03-19,CC BY
pmc_PMC11854263,pmc,10.3390/children12020138,2026-03-19,CC BY
pmc_PMC11854265,pmc,10.3390/gels11020088,2026-03-19,CC BY
pmc_PMC11854266,pmc,10.3390/diagnostics15040408,2026-03-19,CC BY
pmc_PMC11854267,pmc,10.3390/foods14040559,2026-03-19,CC BY
pmc_PMC11854268,pmc,10.3390/foods14040660,2026-03-19,CC BY
pmc_PMC11854269,pmc,10.3390/cells14040308,2026-03-19,CC BY
pmc_PMC11854270,pmc,10.3390/gels11020117,2026-03-19,CC BY
pmc_PMC11854271,pmc,10.3390/gels11020085,2026-03-19,CC BY
pmc_PMC11854272,pmc,10.3390/foods14040684,2026-03-19,CC BY
pmc_PMC11854273,pmc,10.3390/cimb47020097,2026-03-19,CC BY
pmc_PMC11854274,pmc,10.3390/foods14040578,2026-03-19,CC BY
pmc_PMC11854275,pmc,10.3390/diagnostics15040413,2026-03-19,CC BY
pmc_PMC11854276,pmc,10.3390/diseases13020036,2026-03-19,CC BY
pmc_PMC11854277,pmc,10.3390/cimb47020077,2026-03-19,CC BY
pmc_PMC11854278,pmc,10.3390/children12020191,2026-03-19,CC BY
pmc_PMC11854279,pmc,10.3390/children12020240,2026-03-19,CC BY
pmc_PMC11854281,pmc,10.1186/s12859-025-06070-y,2026-03-19,CC BY-NC-ND
pmc_PMC11854283,pmc,10.3390/children12020134,2026-03-19,CC BY
pmc_PMC11854284,pmc,10.3390/diseases13020051,2026-03-19,CC BY
pmc_PMC11854285,pmc,10.3390/foods14040556,2026-03-19,CC BY
pmc_PMC11854286,pmc,10.3390/dj13020087,2026-03-19,CC BY
pmc_PMC11854287,pmc,10.3390/foods14040567,2026-03-19,CC BY
pmc_PMC11854288,pmc,10.3390/foods14040694,2026-03-19,CC BY
pmc_PMC11854289,pmc,10.3390/dj13020058,2026-03-19,CC BY
pmc_PMC11854290,pmc,10.3390/e27020189,2026-03-19,CC BY
pmc_PMC11854291,pmc,10.3390/dj13020046,2026-03-19,CC BY
pmc_PMC11854292,pmc,10.3390/cimb47020121,2026-03-19,CC BY
pmc_PMC11854293,pmc,10.3390/foods14040710,2026-03-19,CC BY
pmc_PMC11854294,pmc,10.3390/diagnostics15040479,2026-03-19,CC BY
pmc_PMC11854295,pmc,10.3390/foods14040555,2026-03-19,CC BY
pmc_PMC11854296,pmc,10.3390/e27020128,2026-03-19,CC BY
pmc_PMC11854297,pmc,10.3390/gels11020130,2026-03-19,CC BY
pmc_PMC11854298,pmc,10.3390/diagnostics15040482,2026-03-19,CC BY
pmc_PMC11854299,pmc,10.3390/foods14040599,2026-03-19,CC BY
pmc_PMC11854300,pmc,10.3390/foods14040593,2026-03-19,CC BY
pmc_PMC11854302,pmc,10.3390/diagnostics15040437,2026-03-19,CC BY
pmc_PMC11854303,pmc,10.3390/foods14040575,2026-03-19,CC BY
pmc_PMC11854304,pmc,10.3390/foods14040646,2026-03-19,CC BY
pmc_PMC11854305,pmc,10.3390/children12020208,2026-03-19,CC BY
pmc_PMC11854306,pmc,10.3390/foods14040600,2026-03-19,CC BY
pmc_PMC11854307,pmc,10.3390/foods14040665,2026-03-19,CC BY
pmc_PMC11854308,pmc,10.3390/cimb47020091,2026-03-19,CC BY
pmc_PMC11854309,pmc,10.3390/cimb47020090,2026-03-19,CC BY
pmc_PMC11854310,pmc,10.3390/foods14040627,2026-03-19,CC BY
pmc_PMC11854312,pmc,10.3390/gels11020097,2026-03-19,CC BY
pmc_PMC11854313,pmc,10.3390/foods14040673,2026-03-19,CC BY
pmc_PMC11854315,pmc,10.3390/children12020232,2026-03-19,CC BY
pmc_PMC11854317,pmc,10.1186/s40001-025-02385-x,2026-03-19,CC BY
pmc_PMC11854319,pmc,10.3390/curroncol32020080,2026-03-19,CC BY
pmc_PMC11854320,pmc,10.3390/foods14040697,2026-03-19,CC BY
pmc_PMC11854322,pmc,10.3390/foods14040669,2026-03-19,CC BY
pmc_PMC11854323,pmc,10.3390/foods14040611,2026-03-19,CC BY
pmc_PMC11854324,pmc,10.3390/diagnostics15040496,2026-03-19,CC BY
pmc_PMC11854325,pmc,10.3390/diagnostics15040458,2026-03-19,CC BY
pmc_PMC11854326,pmc,10.3390/foods14040681,2026-03-19,CC BY
pmc_PMC11854327,pmc,10.3390/diagnostics15040466,2026-03-19,CC BY
pmc_PMC11854328,pmc,10.3390/cimb47020101,2026-03-19,CC BY
pmc_PMC11854329,pmc,10.3390/foods14040616,2026-03-19,CC BY
pmc_PMC11854331,pmc,10.3390/diagnostics15040500,2026-03-19,CC BY
pmc_PMC11854332,pmc,10.3390/cimb47020100,2026-03-19,CC BY
pmc_PMC11854333,pmc,10.3390/foods14040644,2026-03-19,CC BY
pmc_PMC11854334,pmc,10.3390/foods14040663,2026-03-19,CC BY
pmc_PMC11854335,pmc,10.1186/s13098-025-01639-2,2026-03-19,CC BY-NC-ND
pmc_PMC11854336,pmc,10.3390/children12020122,2026-03-19,CC BY
pmc_PMC11854337,pmc,10.3390/e27020181,2026-03-19,CC BY
pmc_PMC11854339,pmc,10.3390/children12020236,2026-03-19,CC BY
pmc_PMC11854340,pmc,10.3390/e27020192,2026-03-19,CC BY
pmc_PMC11854341,pmc,10.3390/children12020215,2026-03-19,CC BY
pmc_PMC11854342,pmc,10.3390/cells14040312,2026-03-19,CC BY
pmc_PMC11854344,pmc,10.3390/children12020204,2026-03-19,CC BY
pmc_PMC11854346,pmc,10.3390/foods14040664,2026-03-19,CC BY
pmc_PMC11854348,pmc,10.1002/alz.14577,2026-03-19,CC BY-NC-ND
pmc_PMC11854349,pmc,10.1186/s12917-025-04586-2,2026-03-19,CC BY-NC-ND
pmc_PMC11854351,pmc,10.1186/s12938-025-01352-1,2026-03-19,CC BY
pmc_PMC11854352,pmc,10.3390/curroncol32020058,2026-03-19,CC BY
pmc_PMC11854354,pmc,10.3390/cells14040304,2026-03-19,CC BY
pmc_PMC11854355,pmc,10.3390/gels11020105,2026-03-19,CC BY
pmc_PMC11854356,pmc,10.1002/iid3.70138,2026-03-19,CC BY
pmc_PMC11854357,pmc,10.3390/children12020217,2026-03-19,CC BY
pmc_PMC11854358,pmc,10.3390/cimb47020098,2026-03-19,CC BY
pmc_PMC11854360,pmc,10.1002/alz.14618,2026-03-19,CC BY-NC-ND
pmc_PMC11854361,pmc,10.3390/diagnostics15040411,2026-03-19,CC BY
pmc_PMC11854362,pmc,10.3390/children12020135,2026-03-19,CC BY
pmc_PMC11854363,pmc,10.3390/diagnostics15040442,2026-03-19,CC BY
pmc_PMC11854364,pmc,10.3390/foods14040670,2026-03-19,CC BY
pmc_PMC11854366,pmc,10.3390/curroncol32020057,2026-03-19,CC BY
pmc_PMC11854367,pmc,10.3390/foods14040583,2026-03-19,CC BY
pmc_PMC11854368,pmc,10.3390/children12020206,2026-03-19,CC BY
pmc_PMC11854372,pmc,10.3390/foods14040596,2026-03-19,CC BY
pmc_PMC11854373,pmc,10.3390/clinpract15020032,2026-03-19,CC BY
pmc_PMC11854374,pmc,10.3390/cells14040310,2026-03-19,CC BY
pmc_PMC11854377,pmc,10.3390/children12020187,2026-03-19,CC BY
pmc_PMC11854378,pmc,10.1186/s12909-025-06874-9,2026-03-19,CC BY
pmc_PMC11854379,pmc,10.1186/s12916-025-03883-9,2026-03-19,CC BY
pmc_PMC11854380,pmc,10.1186/s12885-025-13723-x,2026-03-19,CC BY-NC-ND
pmc_PMC11864773,pmc,10.1111/ijsw.12641,2026-03-19,CC BY
pmc_PMC11864786,pmc,10.14218/JTG.2024.00017,2026-03-19,CC BY-NC
pmc_PMC11867797,pmc,10.1097/MEG.0000000000002906,2026-03-19,CC BY-NC-ND
pmc_PMC11867917,pmc,10.1002/jcph.6147,2026-03-19,CC BY-NC-ND
pmc_PMC11867918,pmc,10.1002/jcph.6141,2026-03-19,CC BY-NC-ND
pmc_PMC11867921,pmc,10.1111/andr.13702,2026-03-19,CC BY
pmc_PMC11867924,pmc,10.1002/jcph.6152,2026-03-19,CC BY-NC
pmc_PMC11867968,pmc,10.1038/s41371-024-00924-3,2026-03-19,CC BY
pmc_PMC11867969,pmc,10.1038/s41371-024-00966-7,2026-03-19,CC BY
pmc_PMC11867981,pmc,10.1111/vru.70018,2026-03-19,CC BY-NC-ND
pmc_PMC11867984,pmc,10.1186/s12348-025-00471-z,2026-03-19,CC BY
pmc_PMC11868015,pmc,10.1113/EP092201,2026-03-19,CC BY
pmc_PMC11868017,pmc,10.1113/EP092328,2026-03-19,CC BY
pmc_PMC11868019,pmc,10.1113/EP092256,2026-03-19,CC BY
pmc_PMC11868021,pmc,10.1113/EP092322,2026-03-19,CC BY
pmc_PMC11868031,pmc,10.1113/EP091813,2026-03-19,CC BY
pmc_PMC11868129,pmc,10.1007/s10597-024-01360-w,2026-03-19,CC BY
pmc_PMC11868132,pmc,10.1007/s00277-025-06225-0,2026-03-19,CC BY
pmc_PMC11868134,pmc,10.1007/s00787-024-02531-6,2026-03-19,CC BY
pmc_PMC11868150,pmc,10.1007/s00103-024-03991-6,2026-03-19,CC BY
pmc_PMC11868159,pmc,10.1007/s00417-024-06601-y,2026-03-19,CC BY
pmc_PMC11868172,pmc,10.1007/s00103-025-04017-5,2026-03-19,CC BY
pmc_PMC11868215,pmc,10.1007/s12325-024-03095-2,2026-03-19,CC BY-NC
pmc_PMC11868217,pmc,10.1007/s00103-025-04016-6,2026-03-19,CC BY
pmc_PMC11868299,pmc,10.1007/s10597-024-01345-9,2026-03-19,CC BY
pmc_PMC11868325,pmc,10.1007/s10597-024-01367-3,2026-03-19,CC BY-NC-ND
pmc_PMC11868332,pmc,10.1007/s00417-024-06645-0,2026-03-19,CC BY
pmc_PMC11868340,pmc,10.1007/s00103-025-04010-y,2026-03-19,CC BY
pmc_PMC11868345,pmc,10.1007/s00277-024-06087-y,2026-03-19,CC BY-NC-ND
pmc_PMC11868353,pmc,10.1007/s00103-024-04004-2,2026-03-19,CC BY
pmc_PMC11868378,pmc,10.1007/s00787-024-02506-7,2026-03-19,CC BY
pmc_PMC11868396,pmc,10.1038/s44259-025-00084-5,2026-03-19,CC BY-NC-ND
pmc_PMC11868410,pmc,10.1038/s41598-025-90973-6,2026-03-19,CC BY
pmc_PMC11868415,pmc,10.1038/s41598-025-91360-x,2026-03-19,CC BY-NC-ND
pmc_PMC11868477,pmc,10.1007/s13300-025-01699-7,2026-03-19,CC BY-NC
pmc_PMC11868514,pmc,10.1038/s41598-025-91794-3,2026-03-19,CC BY-NC-ND
pmc_PMC11868535,pmc,10.1038/s41598-025-91531-w,2026-03-19,CC BY-NC-ND
pmc_PMC11868657,pmc,10.1099/jmm.0.001967,2026-03-19,CC BY
pmc_PMC11868658,pmc,10.1099/ijsem.0.006697,2026-03-19,CC BY
pmc_PMC11868690,pmc,10.1111/cdev.14177,2026-03-19,CC BY-NC
pmc_PMC11868691,pmc,10.1111/cdev.14189,2026-03-19,CC BY
pmc_PMC11868772,pmc,10.3892/mmr.2025.13466,2026-03-19,CC BY-NC-ND
pmc_PMC11868786,pmc,10.1002/cam4.70722,2026-03-19,CC BY
pmc_PMC11868787,pmc,10.1002/cam4.70730,2026-03-19,CC BY
pmc_PMC11868969,pmc,10.1001/jamanetworkopen.2024.62054,2026-03-19,CC BY
pmc_PMC11869073,pmc,10.1017/S0950268825000123,2026-03-19,CC BY
pmc_PMC11869150,pmc,10.4274/tjh.galenos.2024.2024.0189,2026-03-19,CC BY-NC-ND
pmc_PMC11870807,pmc,10.1177/00108367241280178,2026-03-19,CC BY-NC
pmc_PMC11870809,pmc,10.1177/01650254241303722,2026-03-19,CC BY-NC
pmc_PMC11870812,pmc,10.1111/psyp.14740,2026-03-19,CC BY-NC-ND
pmc_PMC11870816,pmc,10.1111/psyp.14737,2026-03-19,CC BY-NC-ND
pmc_PMC11870817,pmc,10.1111/psyp.14729,2026-03-19,CC BY-NC
pmc_PMC11870827,pmc,10.1002/elsc.70010,2026-03-19,CC BY-NC
pmc_PMC11870852,pmc,10.1002/nop2.70171,2026-03-19,CC BY-NC-ND
pmc_PMC11870856,pmc,10.30476/ijms.2024.101852.3450,2026-03-19,CC BY-ND
pmc_PMC11870857,pmc,10.30476/ijms.2024.101457.3414,2026-03-19,CC BY-ND
pmc_PMC11870858,pmc,10.30476/ijms.2024.101861.3452,2026-03-19,CC BY-ND
pmc_PMC11870859,pmc,10.30476/ijms.2024.104003.3744,2026-03-19,CC BY-ND
pmc_PMC11870860,pmc,10.30476/ijms.2024.102237.3508,2026-03-19,CC BY-ND
pmc_PMC11870861,pmc,10.30476/ijms.2024.104038.3751,2026-03-19,CC BY-ND
pmc_PMC11870862,pmc,10.30476/ijms.2024.101162.3378,2026-03-19,CC BY-ND
pmc_PMC11870867,pmc,10.1007/s00464-024-11451-0,2026-03-19,CC BY-NC-ND
pmc_PMC11870898,pmc,10.1007/s12013-024-01515-2,2026-03-19,CC BY-NC-ND
pmc_PMC11870913,pmc,10.1007/s12630-024-02863-6,2026-03-19,CC BY-NC
pmc_PMC11870927,pmc,10.1007/s12013-024-01512-5,2026-03-19,CC BY-NC-ND
pmc_PMC11870944,pmc,10.1007/s00464-024-11521-3,2026-03-19,CC BY-NC-ND
pmc_PMC11870968,pmc,10.1007/s00464-024-11509-z,2026-03-19,CC BY-NC-ND
pmc_PMC11870997,pmc,10.1038/s41598-025-91640-6,2026-03-19,CC BY-NC-ND
pmc_PMC11870999,pmc,10.1038/s41598-025-87318-8,2026-03-19,CC BY-NC-ND
pmc_PMC11871000,pmc,10.1038/s41598-025-92014-8,2026-03-19,CC BY-NC-ND
pmc_PMC11871002,pmc,10.1038/s41598-025-91401-5,2026-03-19,CC BY-NC-ND
pmc_PMC11871004,pmc,10.1038/s41598-025-91722-5,2026-03-19,CC BY-NC-ND
pmc_PMC11871005,pmc,10.1038/s41598-025-91980-3,2026-03-19,CC BY-NC-ND
pmc_PMC11871008,pmc,10.1038/s41598-025-92334-9,2026-03-19,CC BY-NC-ND
pmc_PMC11871009,pmc,10.1038/s41598-024-78366-7,2026-03-19,CC BY-NC-ND
pmc_PMC11871013,pmc,10.1038/s41598-025-85183-z,2026-03-19,CC BY-NC-ND
pmc_PMC11871014,pmc,10.1038/s41597-025-04650-4,2026-03-19,CC BY-NC-ND
pmc_PMC11871017,pmc,10.1038/s41598-025-91840-0,2026-03-19,CC BY-NC-ND
pmc_PMC11871021,pmc,10.1038/s41598-024-72630-6,2026-03-19,CC BY-NC-ND
pmc_PMC11871022,pmc,10.1038/s41598-025-90837-z,2026-03-19,CC BY-NC-ND
pmc_PMC11871024,pmc,10.1038/s41467-025-57152-7,2026-03-19,CC BY-NC-ND
pmc_PMC11871025,pmc,10.1038/s41598-025-90570-7,2026-03-19,CC BY-NC-ND
pmc_PMC11871026,pmc,10.1038/s41598-025-90937-w,2026-03-19,CC BY-NC-ND
pmc_PMC11871028,pmc,10.1038/s41467-025-57303-w,2026-03-19,CC BY-NC-ND
pmc_PMC11871029,pmc,10.1038/s41598-025-90421-5,2026-03-19,CC BY-NC-ND
pmc_PMC11871030,pmc,10.1038/s41598-025-89379-1,2026-03-19,CC BY-NC-ND
pmc_PMC11871031,pmc,10.1038/s41598-025-92218-y,2026-03-19,CC BY-NC-ND
pmc_PMC11871033,pmc,10.1038/s41537-025-00583-4,2026-03-19,CC BY-NC-ND
pmc_PMC11871035,pmc,10.1038/s41598-025-88806-7,2026-03-19,CC BY-NC-ND
pmc_PMC11871041,pmc,10.1038/s42003-025-07785-7,2026-03-19,CC BY-NC-ND
pmc_PMC11871042,pmc,10.1038/s41598-025-91229-z,2026-03-19,CC BY-NC-ND
pmc_PMC11871044,pmc,10.1038/s41598-025-91315-2,2026-03-19,CC BY-NC-ND
pmc_PMC11871045,pmc,10.1038/s41598-025-92124-3,2026-03-19,CC BY-NC-ND
pmc_PMC11871050,pmc,10.1038/s41598-025-90305-8,2026-03-19,CC BY-NC-ND
pmc_PMC11871052,pmc,10.1038/s41598-025-91183-w,2026-03-19,CC BY-NC-ND
pmc_PMC11871053,pmc,10.1038/s41598-025-89934-w,2026-03-19,CC BY-NC-ND
pmc_PMC11871055,pmc,10.1038/s41598-025-91767-6,2026-03-19,CC BY-NC-ND
pmc_PMC11871057,pmc,10.1038/s41598-025-89438-7,2026-03-19,CC BY-NC-ND
pmc_PMC11871058,pmc,10.1038/s42003-025-07749-x,2026-03-19,CC BY-NC-ND
pmc_PMC11871059,pmc,10.1038/s41598-025-92100-x,2026-03-19,CC BY-NC-ND
pmc_PMC11871060,pmc,10.1038/s41598-025-88925-1,2026-03-19,CC BY-NC-ND
pmc_PMC11871063,pmc,10.1111/petr.70055,2026-03-19,CC BY-NC-ND
pmc_PMC11871064,pmc,10.1038/s41467-025-57221-x,2026-03-19,CC BY-NC-ND
pmc_PMC11871065,pmc,10.1038/s42003-025-07741-5,2026-03-19,CC BY-NC-ND
pmc_PMC11871067,pmc,10.1111/psyp.14734,2026-03-19,CC BY-NC-ND
pmc_PMC11871068,pmc,10.1038/s41598-025-88458-7,2026-03-19,CC BY-NC-ND
pmc_PMC11871070,pmc,10.1038/s41467-025-57228-4,2026-03-19,CC BY-NC-ND
pmc_PMC11871072,pmc,10.1038/s41598-025-91219-1,2026-03-19,CC BY-NC-ND
pmc_PMC11871075,pmc,10.1038/s41598-025-91830-2,2026-03-19,CC BY-NC-ND
pmc_PMC11871076,pmc,10.1038/s41598-024-83752-2,2026-03-19,CC BY-NC-ND
pmc_PMC11871080,pmc,10.1038/s41598-025-91446-6,2026-03-19,CC BY-NC-ND
pmc_PMC11871082,pmc,10.1038/s41598-025-91976-z,2026-03-19,CC BY-NC-ND
pmc_PMC11871083,pmc,10.1038/s41598-025-92024-6,2026-03-19,CC BY-NC-ND
pmc_PMC11871084,pmc,10.1111/aogs.15004,2026-03-19,CC BY-NC-ND
pmc_PMC11871086,pmc,10.1002/ame2.12341,2026-03-19,CC BY-NC-ND
pmc_PMC11871087,pmc,10.1002/ame2.12470,2026-03-19,CC BY-NC-ND
pmc_PMC11871088,pmc,10.1111/ene.70048,2026-03-19,CC BY-NC-ND
pmc_PMC11871089,pmc,10.1002/ame2.12519,2026-03-19,CC BY-NC
pmc_PMC11871095,pmc,10.1002/ame2.12380,2026-03-19,CC BY-NC-ND
pmc_PMC11871097,pmc,10.1111/aogs.14974,2026-03-19,CC BY-NC
pmc_PMC11871099,pmc,10.1002/ame2.12522,2026-03-19,CC BY-NC
pmc_PMC11871100,pmc,10.1111/aogs.14985,2026-03-19,CC BY-NC
pmc_PMC11871101,pmc,10.1111/aogs.15056,2026-03-19,CC BY-NC
pmc_PMC11871102,pmc,10.1111/aogs.14857,2026-03-19,CC BY-NC
pmc_PMC11871103,pmc,10.1002/ame2.12383,2026-03-19,CC BY-NC-ND
pmc_PMC11871104,pmc,10.1002/ame2.12453,2026-03-19,CC BY-NC-ND
pmc_PMC11871105,pmc,10.1111/ene.70056,2026-03-19,CC BY-NC-ND
pmc_PMC11871106,pmc,10.1111/cts.70174,2026-03-19,CC BY-NC
pmc_PMC11871107,pmc,10.1111/aogs.14849,2026-03-19,CC BY-NC-ND
pmc_PMC11871108,pmc,10.1111/aogs.15038,2026-03-19,CC BY-NC-ND
pmc_PMC11871109,pmc,10.1111/aogs.14979,2026-03-19,CC BY-NC-ND
pmc_PMC11871112,pmc,10.1111/aogs.15030,2026-03-19,CC BY-NC
pmc_PMC11871113,pmc,10.1002/ame2.12468,2026-03-19,CC BY-NC-ND
pmc_PMC11871114,pmc,10.1111/aogs.15003,2026-03-19,CC BY-NC
pmc_PMC11871115,pmc,10.1002/ame2.12525,2026-03-19,CC BY-NC-ND
pmc_PMC11871119,pmc,10.1002/ams2.70023,2026-03-19,CC BY-NC
pmc_PMC11871121,pmc,10.1111/aogs.15016,2026-03-19,CC BY-NC-ND
pmc_PMC11871122,pmc,10.1111/aogs.15048,2026-03-19,CC BY-NC-ND
pmc_PMC11871124,pmc,10.1111/aogs.14977,2026-03-19,CC BY-NC-ND
pmc_PMC11871127,pmc,10.1038/s41598-025-90704-x,2026-03-19,CC BY-NC-ND
pmc_PMC11871129,pmc,10.1038/s44172-025-00379-5,2026-03-19,CC BY-NC-ND
pmc_PMC11871132,pmc,10.1038/s41598-025-91876-2,2026-03-19,CC BY-NC-ND
pmc_PMC11871134,pmc,10.1038/s41598-025-91566-z,2026-03-19,CC BY-NC-ND
pmc_PMC11871136,pmc,10.1038/s41467-025-57269-9,2026-03-19,CC BY-NC-ND
pmc_PMC11871137,pmc,10.1038/s41598-025-91397-y,2026-03-19,CC BY-NC-ND
pmc_PMC11871138,pmc,10.1038/s41598-025-91795-2,2026-03-19,CC BY-NC-ND
pmc_PMC11871139,pmc,10.1038/s41598-025-91730-5,2026-03-19,CC BY-NC-ND
pmc_PMC11871140,pmc,10.1038/s41598-025-91549-0,2026-03-19,CC BY-NC-ND
pmc_PMC11871141,pmc,10.1038/s41598-025-91249-9,2026-03-19,CC BY-NC-ND
pmc_PMC11871143,pmc,10.1038/s41598-025-91698-2,2026-03-19,CC BY-NC-ND
pmc_PMC11871144,pmc,10.1038/s41598-025-89274-9,2026-03-19,CC BY-NC-ND
pmc_PMC11871146,pmc,10.1038/s41598-025-91685-7,2026-03-19,CC BY-NC-ND
pmc_PMC11871154,pmc,10.1186/s13550-025-01212-y,2026-03-19,CC BY-NC-ND
pmc_PMC11871189,pmc,10.1007/s10815-024-03339-8,2026-03-19,CC BY-NC-ND
pmc_PMC11871194,pmc,10.1007/s12672-025-01886-9,2026-03-19,CC BY-NC-ND
pmc_PMC11871204,pmc,10.1007/s12672-025-02003-6,2026-03-19,CC BY-NC-ND
pmc_PMC11871208,pmc,10.1038/s41598-025-91680-y,2026-03-19,CC BY-NC-ND
pmc_PMC11871215,pmc,10.1007/s13534-025-00461-z,2026-03-19,CC BY-NC-ND
pmc_PMC11871218,pmc,10.1007/s10815-024-03321-4,2026-03-19,CC BY-NC-ND
pmc_PMC11871224,pmc,10.1007/s10815-024-03301-8,2026-03-19,CC BY-NC-ND
pmc_PMC11871225,pmc,10.1038/s41467-025-57147-4,2026-03-19,CC BY-NC-ND
pmc_PMC11871226,pmc,10.1038/s41467-025-57334-3,2026-03-19,CC BY-NC-ND
pmc_PMC11871230,pmc,10.1038/s41467-025-56717-w,2026-03-19,CC BY-NC-ND
pmc_PMC11871231,pmc,10.1038/s41598-024-85076-7,2026-03-19,CC BY-NC-ND
pmc_PMC11871232,pmc,10.1038/s41598-025-91815-1,2026-03-19,CC BY-NC-ND
pmc_PMC11871233,pmc,10.1038/s42003-024-07387-9,2026-03-19,CC BY-NC-ND
pmc_PMC11871234,pmc,10.1038/s41598-025-92026-4,2026-03-19,CC BY-NC-ND
pmc_PMC11871238,pmc,10.1038/s41467-025-57367-8,2026-03-19,CC BY-NC-ND
pmc_PMC11871239,pmc,10.1038/s41598-025-91634-4,2026-03-19,CC BY-NC-ND
pmc_PMC11871240,pmc,10.1038/s41598-025-91933-w,2026-03-19,CC BY-NC-ND
pmc_PMC11871242,pmc,10.1007/s10815-024-03327-y,2026-03-19,CC BY-NC-ND
pmc_PMC11871246,pmc,10.1007/s10815-024-03337-w,2026-03-19,CC BY-NC-ND
pmc_PMC11871247,pmc,10.1007/s44192-025-00152-2,2026-03-19,CC BY-NC-ND
pmc_PMC11871255,pmc,10.1007/s10815-024-03366-5,2026-03-19,CC BY-NC-ND
pmc_PMC11871263,pmc,10.1007/s12672-025-01950-4,2026-03-19,CC BY-NC-ND
pmc_PMC11871265,pmc,10.1186/s41824-025-00242-y,2026-03-19,CC BY-NC-ND
pmc_PMC11871271,pmc,10.1007/s10815-024-03322-3,2026-03-19,CC BY-NC-ND
pmc_PMC11871275,pmc,10.1186/s13568-025-01847-z,2026-03-19,CC BY-NC-ND
pmc_PMC11871279,pmc,10.1007/s10815-024-03357-6,2026-03-19,CC BY-NC-ND
pmc_PMC11871286,pmc,10.1038/s41598-025-91943-8,2026-03-19,CC BY-NC-ND
pmc_PMC11871288,pmc,10.1038/s41598-025-92074-w,2026-03-19,CC BY-NC-ND
pmc_PMC11871290,pmc,10.1038/s41598-025-91996-9,2026-03-19,CC BY-NC-ND
pmc_PMC11871291,pmc,10.1038/s44259-025-00088-1,2026-03-19,CC BY-NC-ND
pmc_PMC11871292,pmc,10.1038/s41598-025-90846-y,2026-03-19,CC BY-NC-ND
pmc_PMC11871294,pmc,10.1038/s41598-025-90139-4,2026-03-19,CC BY-NC-ND
pmc_PMC11871297,pmc,10.1038/s41598-025-92003-x,2026-03-19,CC BY-NC-ND
pmc_PMC11871298,pmc,10.1038/s41598-025-91585-w,2026-03-19,CC BY-NC-ND
pmc_PMC11871300,pmc,10.1038/s42003-025-07654-3,2026-03-19,CC BY-NC-ND
pmc_PMC11871301,pmc,10.1038/s41537-025-00584-3,2026-03-19,CC BY-NC-ND
pmc_PMC11871305,pmc,10.1038/s41467-025-57203-z,2026-03-19,CC BY-NC-ND
pmc_PMC11871306,pmc,10.1038/s41598-025-90338-z,2026-03-19,CC BY-NC-ND
pmc_PMC11871307,pmc,10.1038/s42003-025-07777-7,2026-03-19,CC BY-NC-ND
pmc_PMC11871308,pmc,10.1038/s41598-025-91784-5,2026-03-19,CC BY-NC-ND
pmc_PMC11871309,pmc,10.1038/s41467-025-57215-9,2026-03-19,CC BY-NC-ND
pmc_PMC11871311,pmc,10.1038/s41598-025-91285-5,2026-03-19,CC BY-NC-ND
pmc_PMC11871313,pmc,10.1038/s41598-025-91792-5,2026-03-19,CC BY-NC-ND
pmc_PMC11871315,pmc,10.1038/s41467-025-57369-6,2026-03-19,CC BY-NC-ND
pmc_PMC11871317,pmc,10.1038/s41598-025-91626-4,2026-03-19,CC BY-NC-ND
pmc_PMC11871318,pmc,10.1038/s41598-025-91972-3,2026-03-19,CC BY-NC-ND
pmc_PMC11871320,pmc,10.1038/s41598-025-92142-1,2026-03-19,CC BY-NC-ND
pmc_PMC11871321,pmc,10.1038/s41598-024-85027-2,2026-03-19,CC BY-NC-ND
pmc_PMC11871322,pmc,10.1038/s41467-025-56950-3,2026-03-19,CC BY-NC-ND
pmc_PMC11871323,pmc,10.1038/s41467-025-57333-4,2026-03-19,CC BY-NC-ND
pmc_PMC11871324,pmc,10.1038/s41746-025-01525-1,2026-03-19,CC BY-NC-ND
pmc_PMC11871328,pmc,10.1038/s42003-024-07419-4,2026-03-19,CC BY-NC-ND
pmc_PMC11871330,pmc,10.1038/s41467-025-57188-9,2026-03-19,CC BY-NC-ND
pmc_PMC11871332,pmc,10.1038/s41597-025-04679-5,2026-03-19,CC BY-NC-ND
pmc_PMC11871333,pmc,10.1038/s41598-025-91590-z,2026-03-19,CC BY-NC-ND
pmc_PMC11871334,pmc,10.1038/s41598-025-90285-9,2026-03-19,CC BY-NC-ND
pmc_PMC11871335,pmc,10.1038/s41598-025-91164-z,2026-03-19,CC BY-NC-ND
pmc_PMC11871336,pmc,10.1038/s41598-025-90563-6,2026-03-19,CC BY-NC-ND
pmc_PMC11871338,pmc,10.1038/s41598-025-91410-4,2026-03-19,CC BY-NC-ND
pmc_PMC11871343,pmc,10.1038/s41525-025-00480-w,2026-03-19,CC BY-NC-ND
pmc_PMC11871345,pmc,10.1038/s41598-025-91551-6,2026-03-19,CC BY-NC-ND
pmc_PMC11871347,pmc,10.1038/s41598-025-90803-9,2026-03-19,CC BY-NC-ND
pmc_PMC11871349,pmc,10.1038/s41598-025-90861-z,2026-03-19,CC BY-NC-ND
pmc_PMC11871354,pmc,10.1038/s41598-025-91499-7,2026-03-19,CC BY-NC-ND
pmc_PMC11871356,pmc,10.1038/s41598-025-91661-1,2026-03-19,CC BY-NC-ND
pmc_PMC11871357,pmc,10.1038/s41597-025-04689-3,2026-03-19,CC BY-NC-ND
pmc_PMC11871360,pmc,10.1038/s41597-025-04696-4,2026-03-19,CC BY-NC-ND
pmc_PMC11871361,pmc,10.1038/s41467-025-57335-2,2026-03-19,CC BY-NC-ND
pmc_PMC11871362,pmc,10.1038/s41598-024-78151-6,2026-03-19,CC BY-NC-ND
pmc_PMC11871363,pmc,10.1038/s41598-025-89344-y,2026-03-19,CC BY-NC-ND
pmc_PMC11871364,pmc,10.1038/s41598-025-91147-0,2026-03-19,CC BY-NC-ND
pmc_PMC11871365,pmc,10.1038/s41467-025-57154-5,2026-03-19,CC BY-NC-ND
pmc_PMC11871366,pmc,10.1038/s41598-025-87777-z,2026-03-19,CC BY-NC-ND
pmc_PMC11871367,pmc,10.1038/s41598-025-91175-w,2026-03-19,CC BY-NC-ND
pmc_PMC11871377,pmc,10.1111/opn.70018,2026-03-19,CC BY-NC
pmc_PMC11871378,pmc,10.1111/jora.70009,2026-03-19,CC BY-NC
pmc_PMC11871379,pmc,10.1111/jdi.14376,2026-03-19,CC BY-NC
pmc_PMC11871380,pmc,10.1111/jdi.14366,2026-03-19,CC BY-NC
pmc_PMC11871382,pmc,10.1111/jdi.14383,2026-03-19,CC BY-NC
pmc_PMC11871383,pmc,10.1111/jdi.14367,2026-03-19,CC BY-NC-ND
pmc_PMC11871384,pmc,10.1111/jdi.14369,2026-03-19,CC BY-NC-ND
pmc_PMC11871386,pmc,10.1111/jdi.14378,2026-03-19,CC BY-NC-ND
pmc_PMC11871387,pmc,10.1111/jdi.14380,2026-03-19,CC BY-NC-ND
pmc_PMC11871388,pmc,10.1111/jdi.14282,2026-03-19,CC BY-NC
pmc_PMC11871389,pmc,10.1111/jdi.14385,2026-03-19,CC BY-NC-ND
pmc_PMC11871390,pmc,10.1111/jdi.14389,2026-03-19,CC BY-NC
pmc_PMC11871391,pmc,10.1111/jdi.14384,2026-03-19,CC BY-NC
pmc_PMC11871397,pmc,10.1111/jdi.14354,2026-03-19,CC BY-NC-ND
pmc_PMC11871400,pmc,10.1111/jdi.14375,2026-03-19,CC BY-NC-ND
pmc_PMC11871402,pmc,10.1111/jdi.14368,2026-03-19,CC BY-NC
pmc_PMC11871403,pmc,10.1111/jdi.14394,2026-03-19,CC BY-NC-ND
pmc_PMC11871404,pmc,10.1111/jdi.14381,2026-03-19,CC BY-NC-ND
pmc_PMC11871405,pmc,10.1111/jdi.14371,2026-03-19,CC BY-NC-ND
pmc_PMC11871406,pmc,10.1111/jdi.14390,2026-03-19,CC BY-NC-ND
pmc_PMC11871407,pmc,10.1111/jdi.14398,2026-03-19,CC BY-NC
pmc_PMC1617132,pmc,10.1371/journal.pcbi.0020139,2026-03-19,CC BY
pmc_PMC1783898,pmc,10.1529/biophysj.106.091736,2026-03-19,none
pmc_PMC1802755,pmc,10.1371/journal.pbio.0050042,2026-03-19,CC0
pmc_PMC1868775,pmc,10.1371/journal.pcbi.0030093,2026-03-19,CC BY
pmc_PMC1933473,pmc,10.1371/journal.pcbi.0030138,2026-03-19,CC BY
pmc_PMC1945077,pmc,10.1371/journal.pbio.0050192,2026-03-19,CC BY
pmc_PMC2041974,pmc,10.1371/journal.pcbi.0030197,2026-03-19,CC BY
pmc_PMC2080650,pmc,10.1371/journal.pbio.0050309,2026-03-19,CC BY
pmc_PMC2515109,pmc,10.1371/journal.pcbi.1000153,2026-03-19,CC BY
pmc_PMC2518859,pmc,10.1371/journal.pcbi.1000168,2026-03-19,CC BY
pmc_PMC2553841,pmc,10.1371/journal.pbio.0060235,2026-03-19,CC BY
pmc_PMC2577108,pmc,10.1186/1757-1626-1-235,2026-03-19,CC BY
pmc_PMC2615794,pmc,10.1038/nm.1892,2026-03-19,none
pmc_PMC2643484,pmc,10.1371/journal.pcbi.1000305,2026-03-19,CC BY
pmc_PMC2652106,pmc,10.1371/journal.pcbi.1000326,2026-03-19,CC BY
pmc_PMC2707814,pmc,10.2147/copd.2006.1.4.485,2026-03-19,none
pmc_PMC2720837,pmc,10.1038/nmeth.1349,2026-03-19,none
pmc_PMC2739206,pmc,10.1186/1752-153X-3-10,2026-03-19,none
pmc_PMC2745378,pmc,10.1186/1756-9966-28-120,2026-03-19,CC BY
pmc_PMC2753613,pmc,10.1038/nature08109,2026-03-19,none
pmc_PMC2761809,pmc,10.3329/jhpn.v27i1.3321,2026-03-19,CC BY
pmc_PMC2772164,pmc,10.1038/nm.1939,2026-03-19,none
pmc_PMC2778377,pmc,10.1093/hmg/ddp457,2026-03-19,CC BY-NC
pmc_PMC2788339,pmc,10.1186/1758-2652-12-26,2026-03-19,CC BY
pmc_PMC2795930,pmc,10.1186/1753-6561-3-s7-s32,2026-03-19,CC BY
pmc_PMC3224128,pmc,10.1186/1471-2180-11-188,2026-03-19,CC BY
pmc_PMC4507637,pmc,10.3390/s150614045,2026-03-19,CC BY
pmc_PMC4507639,pmc,10.3390/s150613069,2026-03-19,CC BY
pmc_PMC4541904,pmc,10.3390/s150716740,2026-03-19,CC BY
pmc_PMC4541953,pmc,10.3390/s150717666,2026-03-19,CC BY
pmc_PMC4610434,pmc,10.3390/s150922003,2026-03-19,CC BY
pmc_PMC4610505,pmc,10.3390/s150922798,2026-03-19,CC BY
pmc_PMC4759621,pmc,10.1038/jid.2015.383,2026-03-19,CC BY
pmc_PMC5129977,pmc,10.18632/oncotarget.9524,2026-03-19,CC BY
pmc_PMC5422048,pmc,10.3390/s17040775,2026-03-19,CC BY
pmc_PMC5422050,pmc,10.3390/s17040777,2026-03-19,CC BY
pmc_PMC5426828,pmc,10.3390/s17040904,2026-03-19,CC BY
pmc_PMC5623973,pmc,10.1186/s13046-017-0603-4,2026-03-19,CC BY
pmc_PMC5742137,pmc,10.3389/fphar.2017.00930,2026-03-19,CC BY
pmc_PMC6168235,pmc,10.1085/jgp.201711979,2026-03-19,CC BY-NC-SA
pmc_PMC6434498,pmc,10.1002/cam4.1934,2026-03-19,CC BY
pmc_PMC6580407,pmc,https://pmc.ncbi.nlm.nih.gov/articles/PMC6580407/,2026-03-19,CC BY-NC
pmc_PMC6743418,pmc,10.3389/fimmu.2019.02129,2026-03-19,CC BY
pmc_PMC7134984,pmc,10.1016/j.ccc.2019.06.001,2026-03-19,none
pmc_PMC7190147,pmc,10.1371/journal.pone.0230895,2026-03-19,CC BY
pmc_PMC7251357,pmc,10.1016/j.apsb.2020.05.007,2026-03-19,CC BY-NC-ND
pmc_PMC7319939,pmc,10.1016/j.apsb.2020.06.009,2026-03-19,CC BY-NC-ND
pmc_PMC7366118,pmc,10.1016/j.dcmed.2020.06.006,2026-03-19,none
pmc_PMC7382925,pmc,10.1016/j.ijsu.2020.07.032,2026-03-19,none
pmc_PMC7423341,pmc,10.1016/j.ccm.2020.06.007,2026-03-19,none
pmc_PMC7426230,pmc,10.1016/j.jobcr.2020.08.005,2026-03-19,none
pmc_PMC7435222,pmc,10.1186/s12929-020-00680-9,2026-03-19,CC BY
pmc_PMC7436784,pmc,10.1177/0300060520947937,2026-03-19,CC BY-NC
pmc_PMC7437112,pmc,10.1007/s11071-020-05862-6,2026-03-19,CC BY
pmc_PMC7437271,pmc,10.3389/fnagi.2020.00233,2026-03-19,CC BY
pmc_PMC7437332,pmc,10.31557/APJCP.2020.21.3.815,2026-03-19,CC BY
pmc_PMC7437527,pmc,10.3389/fmicb.2020.01936,2026-03-19,CC BY
pmc_PMC7437583,pmc,10.4103/1673-5374.276336,2026-03-19,CC BY-NC-SA
pmc_PMC7437697,pmc,10.1136/bmjgast-2020-000448,2026-03-19,CC BY-NC
pmc_PMC7437919,pmc,10.1371/journal.pone.0237806,2026-03-19,CC BY
pmc_PMC7438022,pmc,10.1128/mSystems.00452-20,2026-03-19,CC BY
pmc_PMC7438192,pmc,10.3748/wjg.v26.i30.4378,2026-03-19,CC BY-NC
pmc_PMC7438348,pmc,10.14218/JCTH.2019.00060,2026-03-19,CC BY-NC
pmc_PMC7438379,pmc,10.3897/mycokeys.71.55009,2026-03-19,CC BY
pmc_PMC7438410,pmc,10.3389/fmicb.2020.01941,2026-03-19,CC BY
pmc_PMC7438476,pmc,10.3389/fphys.2020.00758,2026-03-19,CC BY
pmc_PMC7438565,pmc,10.3389/fmicb.2020.01805,2026-03-19,CC BY
pmc_PMC7438567,pmc,10.3389/fimmu.2020.01554,2026-03-19,CC BY
pmc_PMC7438590,pmc,10.3389/fphar.2020.01230,2026-03-19,CC BY
pmc_PMC7438753,pmc,10.3389/fpsyt.2020.00774,2026-03-19,CC BY
pmc_PMC7438795,pmc,10.3389/fimmu.2020.01810,2026-03-19,CC BY
pmc_PMC7438913,pmc,10.3389/fnagi.2020.00246,2026-03-19,CC BY
pmc_PMC7438946,pmc,10.3389/fgene.2020.00859,2026-03-19,CC BY
pmc_PMC7439176,pmc,10.1155/2020/8940582,2026-03-19,CC BY
pmc_PMC7439206,pmc,10.1155/2020/3978702,2026-03-19,CC BY
pmc_PMC7439281,pmc,10.2147/CCID.S240607,2026-03-19,CC BY-NC
pmc_PMC7439296,pmc,10.1126/sciadv.aba0466,2026-03-19,CC BY-NC
pmc_PMC7439300,pmc,10.5498/wjp.v10.i8.175,2026-03-19,CC BY-NC
pmc_PMC7439320,pmc,10.1126/sciadv.aba8105,2026-03-19,CC BY-NC
pmc_PMC7439327,pmc,10.1002/jcla.23343,2026-03-19,CC BY-NC-ND
pmc_PMC7439333,pmc,10.1002/jcla.23310,2026-03-19,CC BY-NC
pmc_PMC7439348,pmc,10.1002/jcla.23328,2026-03-19,CC BY
pmc_PMC7439357,pmc,10.1002/jcla.23311,2026-03-19,CC BY
pmc_PMC7439407,pmc,10.1126/sciadv.aay9597,2026-03-19,CC BY-NC
pmc_PMC7439423,pmc,10.1002/jcla.23337,2026-03-19,CC BY-NC-ND
pmc_PMC7439430,pmc,10.1002/jcla.23306,2026-03-19,CC BY-NC
pmc_PMC7439434,pmc,10.1002/jcla.23351,2026-03-19,CC BY-NC-ND
pmc_PMC7439490,pmc,10.2147/PGPM.S254470,2026-03-19,CC BY-NC
pmc_PMC7439679,pmc,10.1186/s12884-020-03154-w,2026-03-19,CC BY
pmc_PMC7439682,pmc,10.1186/s12874-020-01065-0,2026-03-19,CC BY
pmc_PMC7439928,pmc,10.1161/CIRCGEN.119.002602,2026-03-19,CC BY-NC-ND
pmc_PMC7440026,pmc,10.1016/j.red.2020.08.002,2026-03-19,none
pmc_PMC7440050,pmc,10.1097/MD.0000000000020008,2026-03-19,CC BY-NC
pmc_PMC7440060,pmc,10.1097/MD.0000000000018831,2026-03-19,CC BY-NC
pmc_PMC7440073,pmc,10.1097/MD.0000000000019544,2026-03-19,CC BY
pmc_PMC7440080,pmc,10.1016/j.eap.2020.08.002,2026-03-19,none
pmc_PMC7440083,pmc,10.1016/j.chaos.2020.110227,2026-03-19,none
pmc_PMC7440341,pmc,10.1097/MD.0000000000020098,2026-03-19,CC BY
pmc_PMC7440710,pmc,10.1136/esmoopen-2020-000773,2026-03-19,CC BY-NC
pmc_PMC7440721,pmc,10.1177/1533033820943244,2026-03-19,CC BY-NC
pmc_PMC7440800,pmc,10.1128/AEM.01205-20,2026-03-19,CC BY
pmc_PMC7440889,pmc,10.1177/2633105520942480,2026-03-19,CC BY-NC
pmc_PMC7441062,pmc,10.1038/s41598-020-71051-5,2026-03-19,CC BY
pmc_PMC7441144,pmc,10.1038/s41598-020-70934-x,2026-03-19,CC BY
pmc_PMC7441237,pmc,10.1128/MRA.00715-20,2026-03-19,CC BY
pmc_PMC7441291,pmc,10.1177/0300060520931313,2026-03-19,CC BY-NC
pmc_PMC7441295,pmc,10.1167/iovs.61.10.11,2026-03-19,CC BY-NC-ND
pmc_PMC7441313,pmc,10.1016/j.socscimed.2020.113222,2026-03-19,CC BY
pmc_PMC7441320,pmc,10.1038/s41598-020-70765-w,2026-03-19,CC BY
pmc_PMC7441558,pmc,10.1186/s12866-020-01943-z,2026-03-19,CC BY
pmc_PMC7441600,pmc,10.3892/br.2020.1342,2026-03-19,CC BY-NC-ND
pmc_PMC7441637,pmc,10.1186/s12864-020-06988-y,2026-03-19,CC BY
pmc_PMC7441704,pmc,10.1186/s12866-020-01946-w,2026-03-19,CC BY
pmc_PMC7441731,pmc,10.1186/s40168-020-00893-y,2026-03-19,CC BY
pmc_PMC7441905,pmc,10.5195/jmla.2020.836,2026-03-19,CC BY
pmc_PMC7441920,pmc,10.7717/peerj.9564,2026-03-19,CC BY
pmc_PMC7442409,pmc,10.1093/advances/nmz095,2026-03-19,CC BY-NC
pmc_PMC7442427,pmc,10.1016/j.cities.2020.102868,2026-03-19,none
pmc_PMC7442545,pmc,10.1007/s12553-020-00474-x,2026-03-19,none
pmc_PMC7443013,pmc,10.1155/2020/5854919,2026-03-19,CC BY
pmc_PMC7443063,pmc,10.1016/j.jclepro.2020.123838,2026-03-19,none
pmc_PMC7443092,pmc,10.7717/peerj.9721,2026-03-19,CC BY
pmc_PMC7443189,pmc,10.1038/s41419-020-02912-0,2026-03-19,CC BY
pmc_PMC7443309,pmc,10.1136/bmjpo-2020-000684,2026-03-19,CC BY
pmc_PMC7443400,pmc,10.2147/PGPM.S258761,2026-03-19,CC BY-NC
pmc_PMC7443709,pmc,10.1016/j.cub.2020.05.077,2026-03-19,CC BY
pmc_PMC7443806,pmc,10.1017/S2045796020000633,2026-03-19,CC BY-NC-ND
pmc_PMC7443833,pmc,10.5306/wjco.v11.i8.629,2026-03-19,CC BY-NC
pmc_PMC7443923,pmc,10.1073/pnas.2007232117,2026-03-19,CC BY-NC-ND
pmc_PMC7444056,pmc,10.1186/s13071-020-04304-x,2026-03-19,CC BY
pmc_PMC7444137,pmc,10.1177/0300060520947627,2026-03-19,CC BY-NC
pmc_PMC7444160,pmc,10.1007/s42399-020-00465-z,2026-03-19,none
pmc_PMC7444228,pmc,10.1177/0963689720903691,2026-03-19,CC BY-NC
pmc_PMC7444324,pmc,10.3892/etm.2020.9103,2026-03-19,CC BY-NC-ND
pmc_PMC7444522,pmc,10.1371/journal.pgen.1008915,2026-03-19,CC BY
pmc_PMC7444542,pmc,10.1371/journal.pone.0227469,2026-03-19,CC BY
pmc_PMC7444544,pmc,10.1371/journal.pgen.1008953,2026-03-19,CC BY
pmc_PMC7444908,pmc,10.1016/j.chaos.2020.110242,2026-03-19,none
pmc_PMC7444953,pmc,10.1016/j.jstrokecerebrovasdis.2020.105260,2026-03-19,none
pmc_PMC7445165,pmc,10.1038/s41398-020-00966-4,2026-03-19,CC BY
pmc_PMC7445166,pmc,10.1038/s41540-020-00146-6,2026-03-19,CC BY
pmc_PMC7445214,pmc,10.1186/s13568-020-01080-w,2026-03-19,CC BY
pmc_PMC7445256,pmc,10.1038/s41598-020-71102-x,2026-03-19,CC BY
pmc_PMC7445275,pmc,10.1038/s41598-020-71062-2,2026-03-19,CC BY
pmc_PMC7445792,pmc,10.1093/synbio/ysx006,2026-03-19,CC BY
pmc_PMC7445978,pmc,10.31557/APJCP.2020.21.4.1167,2026-03-19,CC BY
pmc_PMC7446052,pmc,10.1186/s12913-020-05632-5,2026-03-19,CC BY
pmc_PMC7446165,pmc,10.1186/s12881-020-01101-2,2026-03-19,CC BY
pmc_PMC7446191,pmc,10.1186/s12891-020-03540-7,2026-03-19,CC BY
pmc_PMC7446226,pmc,10.1186/s12957-020-01998-2,2026-03-19,CC BY
pmc_PMC7446709,pmc,10.1016/j.apr.2020.08.028,2026-03-19,none
pmc_PMC7446796,pmc,10.1371/journal.pone.0237541,2026-03-19,CC BY
pmc_PMC7446798,pmc,10.1371/journal.pone.0237869,2026-03-19,CC BY
pmc_PMC7446807,pmc,10.1371/journal.pone.0237135,2026-03-19,CC BY
pmc_PMC7446844,pmc,10.1371/journal.pone.0237164,2026-03-19,CC BY
pmc_PMC7446861,pmc,10.1371/journal.pone.0231801,2026-03-19,CC BY
pmc_PMC7447046,pmc,10.1371/journal.pone.0238032,2026-03-19,CC BY
pmc_PMC7447135,pmc,10.1093/jisesa/ieaa081,2026-03-19,CC BY
pmc_PMC7447183,pmc,10.1097/ICL.0000000000000689,2026-03-19,CC BY-NC-ND
pmc_PMC7447302,pmc,10.3892/ijmm.2020.4697,2026-03-19,CC BY-NC-ND
pmc_PMC7447315,pmc,10.3892/ijmm.2020.4678,2026-03-19,CC BY-NC-ND
pmc_PMC7447398,pmc,10.1097/MD.0000000000021821,2026-03-19,CC BY-NC
pmc_PMC7447401,pmc,10.1097/MD.0000000000021635,2026-03-19,CC BY
pmc_PMC7447416,pmc,10.1097/MD.0000000000021677,2026-03-19,CC BY
pmc_PMC7447452,pmc,10.1097/MD.0000000000021783,2026-03-19,CC BY
pmc_PMC7447468,pmc,10.1097/MD.0000000000021857,2026-03-19,CC BY
pmc_PMC7447477,pmc,10.1097/MD.0000000000021843,2026-03-19,CC BY
pmc_PMC7447491,pmc,10.1097/MD.0000000000021598,2026-03-19,CC BY-NC
pmc_PMC7447614,pmc,10.1007/s10668-020-00956-y,2026-03-19,CC BY
pmc_PMC7447622,pmc,10.1007/s00109-020-01936-5,2026-03-19,CC BY
pmc_PMC7447667,pmc,10.1007/s00253-020-10821-7,2026-03-19,CC BY
pmc_PMC7447702,pmc,10.1186/s40635-020-00336-w,2026-03-19,CC BY
pmc_PMC7447975,pmc,10.1016/j.aap.2020.105596,2026-03-19,CC BY
pmc_PMC7448237,pmc,10.1155/2020/9825028,2026-03-19,CC BY
pmc_PMC7448276,pmc,10.1128/mBio.01545-20,2026-03-19,CC BY
pmc_PMC7448286,pmc,10.1210/jendso/bvaa106,2026-03-19,CC BY-NC-ND
pmc_PMC7448411,pmc,10.3892/or.2020.7703,2026-03-19,CC BY-NC-ND
pmc_PMC7448732,pmc,10.1016/j.jbef.2020.100387,2026-03-19,none
pmc_PMC7448927,pmc,10.1080/20002297.2020.1773067,2026-03-19,CC BY
pmc_PMC7448937,pmc,10.1210/jendso/bvaa096,2026-03-19,CC BY-NC-ND
pmc_PMC7449045,pmc,10.1186/s13020-020-00371-5,2026-03-19,CC BY
pmc_PMC7449369,pmc,10.1038/s41597-020-00593-0,2026-03-19,CC BY
pmc_PMC7449567,pmc,10.1136/bmjdrc-2020-001255,2026-03-19,CC BY-NC
pmc_PMC7449609,pmc,10.1128/mSystems.00668-20,2026-03-19,CC BY
pmc_PMC7449625,pmc,10.1128/mSphere.00742-20,2026-03-19,CC BY
pmc_PMC7449908,pmc,10.7150/thno.42971,2026-03-19,CC BY
pmc_PMC7449937,pmc,10.1016/j.ijid.2020.08.055,2026-03-19,none
pmc_PMC7450312,pmc,10.1155/2020/6587136,2026-03-19,CC BY
pmc_PMC7450324,pmc,10.1155/2020/8380473,2026-03-19,CC BY
pmc_PMC7450463,pmc,10.1177/2515841420942662,2026-03-19,CC BY-NC
pmc_PMC7450472,pmc,10.12688/f1000research.24164.1,2026-03-19,CC BY
pmc_PMC7450495,pmc,10.1021/acsomega.0c01689,2026-03-19,none
pmc_PMC7451432,pmc,10.1016/j.breast.2020.08.004,2026-03-19,CC BY-NC-ND
pmc_PMC7451524,pmc,10.1371/journal.pntd.0008251,2026-03-19,CC BY
pmc_PMC7451583,pmc,10.1016/j.cjtee.2020.06.001,2026-03-19,CC BY-NC-ND
pmc_PMC7451594,pmc,10.1016/j.sjbs.2020.05.036,2026-03-19,CC BY-NC-ND
pmc_PMC7451603,pmc,10.1016/j.sjbs.2020.04.015,2026-03-19,CC BY-NC-ND
pmc_PMC7451641,pmc,10.1371/journal.pone.0238017,2026-03-19,CC BY
pmc_PMC7451671,pmc,10.1016/j.waojou.2020.100452,2026-03-19,CC BY-NC-ND
pmc_PMC7451770,pmc,10.3114/fuse.2020.06.15,2026-03-19,CC BY-NC-ND
pmc_PMC7451774,pmc,10.3114/fuse.2020.06.04,2026-03-19,CC BY-NC-ND
pmc_PMC7451796,pmc,10.1016/j.redox.2020.101677,2026-03-19,CC BY-NC-ND
pmc_PMC7451820,pmc,10.1016/j.ssmph.2019.100459,2026-03-19,CC BY-NC-ND
pmc_PMC7451843,pmc,10.20463/pan.2020.0003,2026-03-19,CC BY
pmc_PMC7451922,pmc,10.1016/j.bioactmat.2020.06.022,2026-03-19,CC BY-NC-ND
pmc_PMC7452049,pmc,10.1016/j.apsb.2020.01.003,2026-03-19,CC BY-NC-ND
pmc_PMC7452091,pmc,10.1016/j.simyco.2020.03.001,2026-03-19,CC BY-NC-ND
pmc_PMC7452269,pmc,10.1016/j.simyco.2020.05.001,2026-03-19,CC BY-NC-ND
pmc_PMC7452440,pmc,10.1016/j.heliyon.2020.e04679,2026-03-19,CC BY-NC-ND
pmc_PMC7452441,pmc,10.1016/j.heliyon.2020.e04701,2026-03-19,CC BY-NC-ND
pmc_PMC7452457,pmc,10.1016/j.heliyon.2020.e04707,2026-03-19,CC BY-NC-ND
pmc_PMC7452468,pmc,10.1016/j.heliyon.2020.e04461,2026-03-19,CC BY-NC-ND
pmc_PMC7452544,pmc,10.1016/j.gendis.2020.01.014,2026-03-19,CC BY-NC-ND
pmc_PMC7452650,pmc,10.1016/j.ijppaw.2020.07.008,2026-03-19,CC BY-NC-ND
pmc_PMC7452888,pmc,10.1038/s41597-020-00609-9,2026-03-19,CC BY
pmc_PMC7452910,pmc,10.3897/zookeys.962.54477,2026-03-19,CC BY
pmc_PMC7453129,pmc,10.3114/fuse.2020.06.13,2026-03-19,CC BY-NC-ND
pmc_PMC7453130,pmc,10.3114/fuse.2020.06.06,2026-03-19,CC BY-NC-ND
pmc_PMC7453272,pmc,10.1155/2020/5458063,2026-03-19,CC BY
pmc_PMC7453278,pmc,10.1128/MRA.00363-20,2026-03-19,CC BY
pmc_PMC7453719,pmc,10.1186/s12906-020-03058-4,2026-03-19,CC BY
pmc_PMC7453720,pmc,10.1186/s12916-020-01699-3,2026-03-19,CC BY
pmc_PMC7454186,pmc,10.1136/bmjgh-2019-002205,2026-03-19,CC BY
pmc_PMC7454957,pmc,10.1371/journal.pone.0237260,2026-03-19,CC BY
pmc_PMC7454960,pmc,10.1371/journal.pone.0238185,2026-03-19,CC BY
pmc_PMC7455043,pmc,10.1371/journal.pone.0238252,2026-03-19,CC BY
pmc_PMC7455071,pmc,10.1080/17538947.2019.1572799,2026-03-19,CC BY
pmc_PMC7455189,pmc,10.1126/sciadv.abb4591,2026-03-19,CC BY-NC
pmc_PMC7455240,pmc,10.1016/j.jairtraman.2020.101918,2026-03-19,none
pmc_PMC7455592,pmc,10.2147/RMHP.S263625,2026-03-19,CC BY-NC
pmc_PMC7455693,pmc,10.1038/s41467-020-18127-y,2026-03-19,CC BY
pmc_PMC7455754,pmc,10.2147/OTT.S263858,2026-03-19,CC BY-NC
pmc_PMC7455838,pmc,10.1155/2020/7936434,2026-03-19,CC BY
pmc_PMC7455877,pmc,10.2196/19389,2026-03-19,CC BY
pmc_PMC7455899,pmc,10.1186/s13046-020-01682-z,2026-03-19,CC BY
pmc_PMC7455989,pmc,10.1186/s12967-020-02495-6,2026-03-19,CC BY
pmc_PMC7456104,pmc,10.1073/pnas.2001813117,2026-03-19,CC BY-NC-ND
pmc_PMC7456259,pmc,10.7717/peerj.9643,2026-03-19,CC BY
pmc_PMC7456385,pmc,10.1186/s13019-020-01275-z,2026-03-19,CC BY
pmc_PMC7456418,pmc,10.1007/s11418-020-01431-8,2026-03-19,CC BY
pmc_PMC7456489,pmc,10.1155/2020/2343817,2026-03-19,CC BY
pmc_PMC7456504,pmc,10.1186/s12944-020-01365-w,2026-03-19,CC BY
pmc_PMC7456508,pmc,10.1186/s12974-020-01937-8,2026-03-19,CC BY
pmc_PMC7456532,pmc,10.7717/peerj.9806,2026-03-19,CC BY
pmc_PMC7456582,pmc,10.1016/j.envres.2020.110148,2026-03-19,none
pmc_PMC7456627,pmc,10.7759/cureus.10103,2026-03-19,CC BY
pmc_PMC7456643,pmc,10.1183/23120541.00168-2020,2026-03-19,CC BY-NC
pmc_PMC7456698,pmc,10.1136/vr.105434,2026-03-19,CC BY-NC
pmc_PMC7456731,pmc,10.1136/gutjnl-2019-319127,2026-03-19,CC BY-NC
pmc_PMC7456744,pmc,10.1136/gutjnl-2019-319696,2026-03-19,CC BY-NC
pmc_PMC7456794,pmc,10.1016/j.neurobiolaging.2020.06.010,2026-03-19,CC BY
pmc_PMC7456834,pmc,10.3389/fpls.2020.01140,2026-03-19,CC BY
pmc_PMC7456858,pmc,10.3389/fpsyt.2020.00804,2026-03-19,CC BY
pmc_PMC7456889,pmc,10.3389/fmicb.2020.01788,2026-03-19,CC BY
pmc_PMC7456893,pmc,10.3389/fonc.2020.01341,2026-03-19,CC BY
pmc_PMC7456901,pmc,10.3389/fvets.2020.00483,2026-03-19,CC BY
pmc_PMC7456996,pmc,10.3389/fimmu.2020.01783,2026-03-19,CC BY
pmc_PMC7457078,pmc,10.1042/BSR20193312,2026-03-19,CC BY
pmc_PMC7457132,pmc,10.3389/fmicb.2020.01830,2026-03-19,CC BY
pmc_PMC7457228,pmc,10.1042/BSR20200894,2026-03-19,CC BY
pmc_PMC7457492,pmc,10.1186/s12866-020-01956-8,2026-03-19,CC BY
pmc_PMC7457505,pmc,10.1186/s13071-020-04310-z,2026-03-19,CC BY
pmc_PMC7457523,pmc,10.1186/s12870-020-02581-3,2026-03-19,CC BY
pmc_PMC7457549,pmc,10.2147/PGPM.S250076,2026-03-19,CC BY-NC
pmc_PMC7457774,pmc,10.2147/IDR.S263196,2026-03-19,CC BY-NC
pmc_PMC7457797,pmc,10.1186/s12920-020-00768-z,2026-03-19,CC BY
pmc_PMC7457807,pmc,10.1186/s13023-020-01512-7,2026-03-19,CC BY
pmc_PMC7457862,pmc,10.2147/CCID.S224418,2026-03-19,CC BY-NC
pmc_PMC7458076,pmc,10.1590/S1678-9946202062062,2026-03-19,CC BY-NC
pmc_PMC7458201,pmc,10.1097/MD.0000000000021997,2026-03-19,CC BY-NC
pmc_PMC7458444,pmc,10.1126/sciadv.abb9153,2026-03-19,CC BY-NC
pmc_PMC7458486,pmc,10.1210/clinem/dgaa382,2026-03-19,CC BY
pmc_PMC7458569,pmc,10.1590/1518-8345.4072.3342,2026-03-19,CC BY
pmc_PMC7458706,pmc,10.7759/cureus.9499,2026-03-19,CC BY
pmc_PMC7458781,pmc,10.1007/s40609-020-00190-4,2026-03-19,none
pmc_PMC7458794,pmc,10.4110/in.2020.20.e32,2026-03-19,CC BY-NC
pmc_PMC7459048,pmc,10.1186/s13568-020-01092-6,2026-03-19,CC BY
pmc_PMC7459142,pmc,10.2147/TACG.S261781,2026-03-19,CC BY-NC
pmc_PMC7459279,pmc,10.1038/s41598-020-71241-1,2026-03-19,CC BY
pmc_PMC7459337,pmc,10.1016/j.techfore.2020.120255,2026-03-19,none
pmc_PMC7459350,pmc,10.1038/s41598-020-71288-0,2026-03-19,CC BY
pmc_PMC7459358,pmc,10.1016/j.techfore.2020.120282,2026-03-19,none
pmc_PMC7459453,pmc,10.3390/pathogens9080623,2026-03-19,CC BY
pmc_PMC7459458,pmc,10.3390/pathogens9080667,2026-03-19,CC BY
pmc_PMC7459502,pmc,10.3390/ani10081340,2026-03-19,CC BY
pmc_PMC7459581,pmc,10.3390/ani10081293,2026-03-19,CC BY
pmc_PMC7459586,pmc,10.3390/ijerph17165659,2026-03-19,CC BY
pmc_PMC7459592,pmc,10.3390/antibiotics9080476,2026-03-19,CC BY
pmc_PMC7459599,pmc,10.3390/pathogens9080665,2026-03-19,CC BY
pmc_PMC7459632,pmc,10.3390/pathogens9080657,2026-03-19,CC BY
pmc_PMC7459669,pmc,10.3390/antibiotics9080444,2026-03-19,CC BY
pmc_PMC7459721,pmc,10.3390/biomedicines8080268,2026-03-19,CC BY
pmc_PMC7459810,pmc,10.3390/ijerph17165830,2026-03-19,CC BY
pmc_PMC7459831,pmc,10.3390/ijerph17165699,2026-03-19,CC BY
pmc_PMC7459849,pmc,10.3390/ani10081401,2026-03-19,CC BY
pmc_PMC7459862,pmc,10.3390/ijerph17165958,2026-03-19,CC BY
pmc_PMC7459930,pmc,10.3390/ijerph17165837,2026-03-19,CC BY
pmc_PMC7459933,pmc,10.3390/pathogens9080628,2026-03-19,CC BY
pmc_PMC7460008,pmc,10.3390/antibiotics9080462,2026-03-19,CC BY
pmc_PMC7460038,pmc,10.3390/ijerph17165712,2026-03-19,CC BY
pmc_PMC7460103,pmc,10.3390/md18080419,2026-03-19,CC BY
pmc_PMC7460190,pmc,10.3390/life10080136,2026-03-19,CC BY
pmc_PMC7460203,pmc,10.3390/ani10081289,2026-03-19,CC BY
pmc_PMC7460214,pmc,10.3390/md18080422,2026-03-19,CC BY
pmc_PMC7460243,pmc,10.3390/ani10081261,2026-03-19,CC BY
pmc_PMC7460256,pmc,10.3390/ani10081292,2026-03-19,CC BY
pmc_PMC7460315,pmc,10.3390/diagnostics10080575,2026-03-19,CC BY
pmc_PMC7460331,pmc,10.3390/antibiotics9080450,2026-03-19,CC BY
pmc_PMC7460338,pmc,10.3390/life10080133,2026-03-19,CC BY
pmc_PMC7460354,pmc,10.3390/antibiotics9080510,2026-03-19,CC BY
pmc_PMC7460405,pmc,10.3390/antibiotics9080487,2026-03-19,CC BY
pmc_PMC7460431,pmc,10.3390/pathogens9080604,2026-03-19,CC BY
pmc_PMC7460432,pmc,10.3390/antibiotics9080502,2026-03-19,CC BY
pmc_PMC7460454,pmc,10.3390/ani10081372,2026-03-19,CC BY
pmc_PMC7460457,pmc,10.3390/ijerph17165694,2026-03-19,CC BY
pmc_PMC7460464,pmc,10.3390/ani10081421,2026-03-19,CC BY
pmc_PMC7460466,pmc,10.3390/ani10081325,2026-03-19,CC BY
pmc_PMC7460504,pmc,10.3390/ijerph17165674,2026-03-19,CC BY
pmc_PMC7460513,pmc,10.3390/antibiotics9080455,2026-03-19,CC BY
pmc_PMC7460534,pmc,10.3390/pathogens9080639,2026-03-19,CC BY
pmc_PMC7460535,pmc,10.3390/antibiotics9080509,2026-03-19,CC BY
pmc_PMC7460570,pmc,10.3390/ijms21165920,2026-03-19,CC BY
pmc_PMC7460634,pmc,10.3390/ijms21165641,2026-03-19,CC BY
pmc_PMC7460658,pmc,10.3390/ijms21165619,2026-03-19,CC BY
pmc_PMC7460666,pmc,10.3390/ijms21165903,2026-03-19,CC BY
pmc_PMC7460749,pmc,10.1186/s12881-020-01110-1,2026-03-19,CC BY
pmc_PMC7461331,pmc,10.1186/s12915-020-00843-y,2026-03-19,CC BY
pmc_PMC7461595,pmc,10.3390/ijms21165837,2026-03-19,CC BY
pmc_PMC7461978,pmc,10.3389/fcimb.2020.00415,2026-03-19,CC BY
pmc_PMC7462034,pmc,10.1089/jir.2020.0111,2026-03-19,CC BY-NC
pmc_PMC7462233,pmc,10.1136/bmjopen-2019-034613,2026-03-19,CC BY-NC
pmc_PMC7462269,pmc,10.1371/journal.pone.0238098,2026-03-19,CC BY
pmc_PMC7462270,pmc,10.1371/journal.pone.0237566,2026-03-19,CC BY
pmc_PMC7462525,pmc,10.1016/j.worlddev.2020.105171,2026-03-19,none
pmc_PMC7462607,pmc,10.7554/eLife.59994,2026-03-19,CC BY
pmc_PMC7462800,pmc,10.3347/kjp.2020.58.4.373,2026-03-19,CC BY-NC
pmc_PMC7462803,pmc,10.3347/kjp.2020.58.4.451,2026-03-19,CC BY-NC
pmc_PMC7462807,pmc,10.3347/kjp.2020.58.4.445,2026-03-19,CC BY-NC
pmc_PMC7462828,pmc,10.3345/cep.2019.00500,2026-03-19,CC BY-NC
pmc_PMC7462893,pmc,10.1016/j.japwor.2020.101035,2026-03-19,none
pmc_PMC7463023,pmc,10.1038/s41525-020-00141-0,2026-03-19,CC BY
pmc_PMC7463237,pmc,10.1038/s41598-020-71468-y,2026-03-19,CC BY
pmc_PMC7463257,pmc,10.1038/s41598-020-71427-7,2026-03-19,CC BY
pmc_PMC7463302,pmc,10.1042/BSR20193637,2026-03-19,CC BY
pmc_PMC7463445,pmc,10.3390/brainsci10080476,2026-03-19,CC BY
pmc_PMC7463471,pmc,10.3390/plants9080996,2026-03-19,CC BY
pmc_PMC7463520,pmc,10.3390/genes11080844,2026-03-19,CC BY
pmc_PMC7463560,pmc,10.3390/antiox9080655,2026-03-19,CC BY
pmc_PMC7463576,pmc,10.3390/microorganisms8081162,2026-03-19,CC BY
pmc_PMC7463578,pmc,10.3390/microorganisms8081132,2026-03-19,CC BY
pmc_PMC7463607,pmc,10.3390/microorganisms8081160,2026-03-19,CC BY
pmc_PMC7463616,pmc,10.3390/microorganisms8081246,2026-03-19,CC BY
pmc_PMC7463816,pmc,10.3390/microorganisms8081111,2026-03-19,CC BY
pmc_PMC7463838,pmc,10.3390/membranes10080181,2026-03-19,CC BY
pmc_PMC7463872,pmc,10.3390/biom10081187,2026-03-19,CC BY
pmc_PMC7463890,pmc,10.3390/brainsci10080532,2026-03-19,CC BY
pmc_PMC7463897,pmc,10.3390/genes11080895,2026-03-19,CC BY
pmc_PMC7463899,pmc,10.3390/jcm9082482,2026-03-19,CC BY
pmc_PMC7463948,pmc,10.3390/microorganisms8081196,2026-03-19,CC BY
pmc_PMC7464081,pmc,10.3390/genes11080841,2026-03-19,CC BY
pmc_PMC7464097,pmc,10.3390/plants9080974,2026-03-19,CC BY
pmc_PMC7464108,pmc,10.3390/microorganisms8081143,2026-03-19,CC BY
pmc_PMC7464109,pmc,10.3390/polym12081776,2026-03-19,CC BY
pmc_PMC7464125,pmc,10.3390/microorganisms8081190,2026-03-19,CC BY
pmc_PMC7464143,pmc,10.3390/microorganisms8081126,2026-03-19,CC BY
pmc_PMC7464152,pmc,10.3390/jcm9082353,2026-03-19,CC BY
pmc_PMC7464158,pmc,10.3390/microorganisms8081133,2026-03-19,CC BY
pmc_PMC7464264,pmc,10.3390/biology9080203,2026-03-19,CC BY
pmc_PMC7464302,pmc,10.3390/plants9081017,2026-03-19,CC BY
pmc_PMC7464309,pmc,10.3390/microorganisms8081174,2026-03-19,CC BY
pmc_PMC7464351,pmc,10.3390/microorganisms8081207,2026-03-19,CC BY
pmc_PMC7464353,pmc,10.3390/microorganisms8081221,2026-03-19,CC BY
pmc_PMC7464388,pmc,10.3390/jcm9082565,2026-03-19,CC BY
pmc_PMC7464454,pmc,10.3390/plants9081052,2026-03-19,CC BY
pmc_PMC7464464,pmc,10.3390/genes11080872,2026-03-19,CC BY
pmc_PMC7464500,pmc,10.3390/jcm9082488,2026-03-19,CC BY
pmc_PMC7464515,pmc,10.3390/microorganisms8081202,2026-03-19,CC BY
pmc_PMC7464526,pmc,10.3390/microorganisms8081181,2026-03-19,CC BY
pmc_PMC7464533,pmc,10.3390/biom10081122,2026-03-19,CC BY
pmc_PMC7464680,pmc,10.3390/cells9081793,2026-03-19,CC BY
pmc_PMC7464694,pmc,10.3390/microorganisms8081094,2026-03-19,CC BY
pmc_PMC7464700,pmc,10.3390/plants9081011,2026-03-19,CC BY
pmc_PMC7464741,pmc,10.3390/biology9080223,2026-03-19,CC BY
pmc_PMC7464758,pmc,10.3390/microorganisms8081238,2026-03-19,CC BY
pmc_PMC7464790,pmc,10.3390/foods9081080,2026-03-19,CC BY
pmc_PMC7464807,pmc,10.3390/microorganisms8081169,2026-03-19,CC BY
pmc_PMC7464816,pmc,10.3390/molecules25163698,2026-03-19,CC BY
pmc_PMC7464877,pmc,10.3390/microorganisms8081102,2026-03-19,CC BY
pmc_PMC7464897,pmc,10.3390/genes11080873,2026-03-19,CC BY
pmc_PMC7464912,pmc,10.3390/molecules25163590,2026-03-19,CC BY
pmc_PMC7464922,pmc,10.3390/microorganisms8081217,2026-03-19,CC BY
pmc_PMC7464939,pmc,10.3390/microorganisms8081129,2026-03-19,CC BY
pmc_PMC7464963,pmc,10.3390/microorganisms8081134,2026-03-19,CC BY
pmc_PMC7464968,pmc,10.3390/jcm9082342,2026-03-19,CC BY
pmc_PMC7464982,pmc,10.3390/microorganisms8081108,2026-03-19,CC BY
pmc_PMC7464995,pmc,10.3390/plants9080942,2026-03-19,CC BY
pmc_PMC7464998,pmc,10.3390/biology9080194,2026-03-19,CC BY
pmc_PMC7465009,pmc,10.3390/jcm9082510,2026-03-19,CC BY
pmc_PMC7465030,pmc,10.3390/genes11080903,2026-03-19,CC BY
pmc_PMC7465033,pmc,10.3390/microorganisms8081140,2026-03-19,CC BY
pmc_PMC7465061,pmc,10.3390/genes11080858,2026-03-19,CC BY
pmc_PMC7465070,pmc,10.3892/etm.2020.9012,2026-03-19,CC BY-NC-ND
pmc_PMC7465074,pmc,10.3390/metabo10080332,2026-03-19,CC BY
pmc_PMC7465089,pmc,10.3390/plants9080959,2026-03-19,CC BY
pmc_PMC7465157,pmc,10.3390/antiox9080725,2026-03-19,CC BY
pmc_PMC7465209,pmc,10.3390/microorganisms8081168,2026-03-19,CC BY
pmc_PMC7465211,pmc,10.3390/ph13080195,2026-03-19,CC BY
pmc_PMC7465227,pmc,10.3390/microorganisms8081212,2026-03-19,CC BY
pmc_PMC7465250,pmc,10.3390/jcm9082448,2026-03-19,CC BY
pmc_PMC7465252,pmc,10.3390/microorganisms8081148,2026-03-19,CC BY
pmc_PMC7465277,pmc,10.3390/molecules25163618,2026-03-19,CC BY
pmc_PMC7465303,pmc,10.3390/metabo10080312,2026-03-19,CC BY
pmc_PMC7465372,pmc,10.3390/microorganisms8081156,2026-03-19,CC BY
pmc_PMC7465624,pmc,10.3390/microorganisms8081141,2026-03-19,CC BY
pmc_PMC7465710,pmc,10.3390/microorganisms8081128,2026-03-19,CC BY
pmc_PMC7465724,pmc,10.1186/s12959-020-00234-x,2026-03-19,CC BY
pmc_PMC7465726,pmc,10.3390/genes11080878,2026-03-19,CC BY
pmc_PMC7465771,pmc,10.3390/foods9081106,2026-03-19,CC BY
pmc_PMC7465882,pmc,10.1007/s00705-020-04789-y,2026-03-19,none
pmc_PMC7465996,pmc,10.3390/biom10081129,2026-03-19,CC BY
pmc_PMC7466023,pmc,10.3390/microorganisms8081205,2026-03-19,CC BY
pmc_PMC7466420,pmc,10.1186/s12934-020-01430-0,2026-03-19,CC BY
pmc_PMC7466818,pmc,10.1186/s12929-020-00685-4,2026-03-19,CC BY
pmc_PMC7467313,pmc,10.1371/journal.pone.0238531,2026-03-19,CC BY
pmc_PMC7467359,pmc,10.18632/aging.103721,2026-03-19,CC BY
pmc_PMC7467368,pmc,10.18632/aging.103738,2026-03-19,CC BY
pmc_PMC7467405,pmc,10.1007/s12325-020-01389-9,2026-03-19,CC BY-NC
pmc_PMC7467479,pmc,10.1007/s12325-020-01302-4,2026-03-19,CC BY-NC
pmc_PMC7467482,pmc,10.1007/s12325-020-01338-6,2026-03-19,CC BY-NC
pmc_PMC7467506,pmc,10.1136/bmjgh-2020-002457,2026-03-19,CC BY-NC
pmc_PMC7468055,pmc,10.1292/jvms.20-0003,2026-03-19,CC BY-NC-ND
pmc_PMC7468094,pmc,10.1042/BSR20201084,2026-03-19,CC BY
pmc_PMC7468197,pmc,10.1128/mBio.01410-20,2026-03-19,CC BY
pmc_PMC7468557,pmc,10.1302/2046-3758.98.BJR-2020-0089.R1,2026-03-19,CC BY-NC-ND
pmc_PMC7468588,pmc,10.14348/molcells.2020.0065,2026-03-19,CC BY-NC-SA
pmc_PMC7468600,pmc,10.1155/2020/8406846,2026-03-19,CC BY
pmc_PMC7468629,pmc,10.1155/2020/2124370,2026-03-19,CC BY
pmc_PMC7468698,pmc,10.3390/nu12082315,2026-03-19,CC BY
pmc_PMC7468709,pmc,10.3390/nu12082216,2026-03-19,CC BY
pmc_PMC7468713,pmc,10.3390/nu12082263,2026-03-19,CC BY
pmc_PMC7468768,pmc,10.3390/nu12082226,2026-03-19,CC BY
pmc_PMC7468775,pmc,10.3390/nu12082171,2026-03-19,CC BY
pmc_PMC7468787,pmc,10.3390/nu12082193,2026-03-19,CC BY
pmc_PMC7468801,pmc,10.3390/nu12082251,2026-03-19,CC BY
pmc_PMC7468805,pmc,10.3390/nu12082285,2026-03-19,CC BY
pmc_PMC7468821,pmc,10.3390/nu12082236,2026-03-19,CC BY
pmc_PMC7468877,pmc,10.3390/nu12082198,2026-03-19,CC BY
pmc_PMC7468882,pmc,10.3390/nu12082460,2026-03-19,CC BY
pmc_PMC7468900,pmc,10.3390/nu12082220,2026-03-19,CC BY
pmc_PMC7468923,pmc,10.3390/nu12082347,2026-03-19,CC BY
pmc_PMC7468936,pmc,10.3390/nu12082414,2026-03-19,CC BY
pmc_PMC7468961,pmc,10.3390/nu12082298,2026-03-19,CC BY
pmc_PMC7468966,pmc,10.3390/nu12082364,2026-03-19,CC BY
pmc_PMC7468981,pmc,10.3390/nu12082474,2026-03-19,CC BY
pmc_PMC7468985,pmc,10.3390/nu12082200,2026-03-19,CC BY
pmc_PMC7469011,pmc,10.3390/nu12082212,2026-03-19,CC BY
pmc_PMC7469021,pmc,10.3390/nu12082257,2026-03-19,CC BY
pmc_PMC7469045,pmc,10.3390/nu12082378,2026-03-19,CC BY
pmc_PMC7469050,pmc,10.3390/nu12082286,2026-03-19,CC BY
pmc_PMC7469321,pmc,10.1186/s13148-020-00927-0,2026-03-19,CC BY
pmc_PMC7469358,pmc,10.1186/s13071-020-04309-6,2026-03-19,CC BY
pmc_PMC7469462,pmc,10.1093/tas/txaa146,2026-03-19,CC BY
pmc_PMC7469645,pmc,10.1021/acsomega.0c03207,2026-03-19,none
pmc_PMC7469824,pmc,10.1111/cas.14535,2026-03-19,CC BY-NC
pmc_PMC7470399,pmc,10.1371/journal.ppat.1008758,2026-03-19,CC0
pmc_PMC7470795,pmc,10.1016/S0140-6736(20)31761-X,2026-03-19,none
pmc_PMC7521323,pmc,10.1111/jcmm.15718,2026-03-19,CC BY
pmc_PMC7580254,pmc,10.3389/fimmu.2020.581758,2026-03-19,CC BY
pmc_PMC7615589,pmc,10.1681/ASN.0000000000000271,2026-03-19,CC BY
pmc_PMC7616399,pmc,10.1002/ajb2.16383,2026-03-19,CC BY
pmc_PMC7616497,pmc,10.1097/ICB.0000000000001568,2026-03-19,CC BY
pmc_PMC7616563,pmc,10.1080/13572334.2022.2160289,2026-03-19,CC BY
pmc_PMC7616586,pmc,10.1080/1081602X.2024.2360935,2026-03-19,CC BY
pmc_PMC7616697,pmc,10.1016/j.tbs.2024.100906,2026-03-19,CC BY
pmc_PMC7617223,pmc,10.21037/jmai-24-94,2026-03-19,CC BY-NC-ND
pmc_PMC7717251,pmc,10.1093/icvts/ivaa269,2026-03-19,none
pmc_PMC8005771,pmc,10.1016/j.invent.2021.100377,2026-03-19,CC BY-NC-ND
pmc_PMC8306626,pmc,10.3390/mi12070822,2026-03-19,CC BY
pmc_PMC8328475,pmc,10.3389/fimmu.2021.701275,2026-03-19,CC BY
pmc_PMC8442892,pmc,10.1126/sciadv.abi6856,2026-03-19,CC BY
pmc_PMC8442935,pmc,10.1126/sciadv.abg6263,2026-03-19,CC BY-NC
pmc_PMC8448445,pmc,10.1126/sciadv.abg1333,2026-03-19,CC BY-NC
pmc_PMC8448448,pmc,10.1126/sciadv.abh2932,2026-03-19,CC BY-NC
pmc_PMC8560975,pmc,10.1016/j.isci.2021.103233,2026-03-19,CC BY-NC-ND
pmc_PMC8569700,pmc,10.3389/fcell.2021.731712,2026-03-19,CC BY
pmc_PMC8664669,pmc,10.1007/s44197-021-00019-z,2026-03-19,CC BY
pmc_PMC8684834,pmc,10.1016/j.ekir.2021.12.011,2026-03-19,CC BY-NC-ND
pmc_PMC8706268,pmc,10.3390/ma14247609,2026-03-19,CC BY
pmc_PMC8744250,pmc,10.1016/j.socscimed.2022.114711,2026-03-19,CC BY-NC-ND
pmc_PMC8782753,pmc,10.1016/j.jviromet.2022.114475,2026-03-19,CC BY
pmc_PMC8783980,pmc,10.1016/j.sleep.2022.01.011,2026-03-19,none
pmc_PMC8801343,pmc,10.1016/j.clinsp.2021.100004,2026-03-19,CC BY
pmc_PMC8843122,pmc,10.1080/15685551.2022.2037215,2026-03-19,CC BY
pmc_PMC8853020,pmc,10.1186/s11689-022-09423-3,2026-03-19,CC BY
pmc_PMC8863315,pmc,10.1016/j.heliyon.2022.e09001,2026-03-19,CC BY-NC-ND
pmc_PMC8873043,pmc,10.1016/j.dib.2022.107996,2026-03-19,CC BY
pmc_PMC8885085,pmc,10.1016/j.pmedr.2022.101744,2026-03-19,CC BY-NC-ND
pmc_PMC8891382,pmc,10.3389/fimmu.2022.829451,2026-03-19,CC BY
pmc_PMC8891438,pmc,10.3389/fpls.2022.829118,2026-03-19,CC BY
pmc_PMC8891522,pmc,10.3389/fmed.2022.843395,2026-03-19,CC BY
pmc_PMC8891529,pmc,10.3389/fmed.2022.825567,2026-03-19,CC BY
pmc_PMC8891530,pmc,10.3389/fnins.2022.816106,2026-03-19,CC BY
pmc_PMC8891531,pmc,10.3389/fimmu.2022.837524,2026-03-19,CC BY
pmc_PMC8891542,pmc,10.3389/fcvm.2022.826630,2026-03-19,CC BY
pmc_PMC8891573,pmc,10.3389/fmed.2022.835481,2026-03-19,CC BY
pmc_PMC8891605,pmc,10.3389/fgene.2021.801275,2026-03-19,CC BY
pmc_PMC8891669,pmc,10.4254/wjh.v14.i2.354,2026-03-19,CC BY-NC
pmc_PMC8891698,pmc,10.1016/j.jhepr.2022.100444,2026-03-19,CC BY-NC-ND
pmc_PMC8891812,pmc,10.1016/j.mmcr.2022.02.001,2026-03-19,CC BY
pmc_PMC8891833,pmc,10.1177/20556683221078455,2026-03-19,CC BY-NC
pmc_PMC8891839,pmc,10.1177/17562848211066439,2026-03-19,CC BY-NC
pmc_PMC8891862,pmc,10.1177/20543581221081207,2026-03-19,CC BY-NC
pmc_PMC8891864,pmc,10.1177/17588359221080580,2026-03-19,CC BY-NC
pmc_PMC8891935,pmc,10.1242/dmm.049133,2026-03-19,CC BY
pmc_PMC8891980,pmc,10.7759/cureus.21798,2026-03-19,CC BY
pmc_PMC8892133,pmc,10.1016/j.bioactmat.2021.10.036,2026-03-19,CC BY
pmc_PMC8892149,pmc,10.1016/j.bioactmat.2021.12.014,2026-03-19,CC BY-NC-ND
pmc_PMC8892152,pmc,10.1016/j.bioactmat.2021.12.011,2026-03-19,CC BY-NC-ND
pmc_PMC8892166,pmc,10.1016/j.bioactmat.2021.11.018,2026-03-19,CC BY
pmc_PMC8892194,pmc,10.1016/j.ultsonch.2022.105954,2026-03-19,CC BY
pmc_PMC8892213,pmc,10.3389/fendo.2022.820932,2026-03-19,CC BY
pmc_PMC8892272,pmc,10.1590/1678-4685-GMB-2021-0280,2026-03-19,CC BY
pmc_PMC8892305,pmc,10.1073/pnas.2116435119,2026-03-19,CC BY-NC-ND
pmc_PMC8892403,pmc,10.1140/epjds/s13688-022-00324-y,2026-03-19,CC BY
pmc_PMC8892475,pmc,10.1021/acsomega.1c05340,2026-03-19,CC BY-NC-ND
pmc_PMC8892505,pmc,10.1073/pnas.2119813119,2026-03-19,CC BY-NC-ND
pmc_PMC8892519,pmc,10.1073/pnas.2117514119,2026-03-19,CC BY-NC-ND
pmc_PMC8892537,pmc,10.1093/infdis/jiab115,2026-03-19,CC BY
pmc_PMC8892541,pmc,10.1093/femsre/fuab055,2026-03-19,CC BY
pmc_PMC8892547,pmc,10.1093/femsre/fuab051,2026-03-19,CC BY-NC
pmc_PMC8892581,pmc,10.3389/fmed.2021.809134,2026-03-19,CC BY
pmc_PMC8892604,pmc,10.3389/fimmu.2022.826732,2026-03-19,CC BY
pmc_PMC8892697,pmc,10.1186/s12974-022-02418-w,2026-03-19,CC BY
pmc_PMC8892718,pmc,10.2147/JAA.S274524,2026-03-19,CC BY-NC
pmc_PMC8892766,pmc,10.1186/s12864-022-08407-w,2026-03-19,CC BY
pmc_PMC8892767,pmc,10.1186/s13741-022-00241-8,2026-03-19,CC BY
pmc_PMC8892942,pmc,10.1093/molbev/msac034,2026-03-19,CC BY
pmc_PMC8893046,pmc,10.3389/fneur.2022.806344,2026-03-19,CC BY
pmc_PMC8893099,pmc,10.4103/jehp.jehp_376_21,2026-03-19,CC BY-NC-SA
pmc_PMC8893142,pmc,10.3389/fpsyg.2021.820074,2026-03-19,CC BY
pmc_PMC8893196,pmc,10.1093/gerona/glab361,2026-03-19,CC BY
pmc_PMC8893199,pmc,10.3389/fmolb.2022.783669,2026-03-19,CC BY
pmc_PMC8893357,pmc,10.3389/fmed.2022.795309,2026-03-19,CC BY
pmc_PMC8893607,pmc,10.1371/journal.pone.0264728,2026-03-19,CC BY
pmc_PMC8893637,pmc,10.1371/journal.pone.0264774,2026-03-19,CC BY
pmc_PMC8893646,pmc,10.1371/journal.pone.0262783,2026-03-19,CC BY
pmc_PMC8893648,pmc,10.1371/journal.pone.0264391,2026-03-19,CC BY
pmc_PMC8893649,pmc,10.1371/journal.pone.0264474,2026-03-19,CC BY
pmc_PMC8893681,pmc,10.1371/journal.pone.0264264,2026-03-19,CC BY
pmc_PMC8893704,pmc,10.1371/journal.pone.0264685,2026-03-19,CC BY
pmc_PMC8894064,pmc,10.1155/2022/3972173,2026-03-19,CC BY
pmc_PMC8894095,pmc,10.1007/s11625-022-01101-6,2026-03-19,none
pmc_PMC8894097,pmc,10.18699/VJGB-22-07,2026-03-19,CC BY
pmc_PMC8894190,pmc,10.3389/fpubh.2022.774668,2026-03-19,CC BY
pmc_PMC8894210,pmc,10.1007/s40656-022-00483-1,2026-03-19,CC BY
pmc_PMC8894289,pmc,10.7555/JBR.35.20210091,2026-03-19,CC BY-NC-SA
pmc_PMC8894299,pmc,10.1007/s40264-021-01141-4,2026-03-19,CC BY-NC
pmc_PMC8894365,pmc,10.1038/s41598-022-07567-9,2026-03-19,CC BY
pmc_PMC8894423,pmc,10.1038/s41598-022-07344-8,2026-03-19,CC BY
pmc_PMC8894443,pmc,10.3389/fped.2022.826295,2026-03-19,CC BY
pmc_PMC8894561,pmc,10.1186/s42269-022-00743-x,2026-03-19,CC BY
pmc_PMC8894600,pmc,10.3389/fendo.2022.809445,2026-03-19,CC BY
pmc_PMC8894618,pmc,10.18699/VJGB-22-13,2026-03-19,CC BY
pmc_PMC8894648,pmc,10.3389/fncel.2022.818536,2026-03-19,CC BY
pmc_PMC8894702,pmc,10.3389/fcell.2022.809132,2026-03-19,CC BY
pmc_PMC8894715,pmc,10.3389/fphar.2022.810668,2026-03-19,CC BY
pmc_PMC8894716,pmc,10.3389/fcimb.2022.836379,2026-03-19,CC BY
pmc_PMC8894759,pmc,10.3389/fcell.2021.712732,2026-03-19,CC BY
pmc_PMC8894805,pmc,10.3389/fbioe.2022.846489,2026-03-19,CC BY
pmc_PMC8894883,pmc,10.3389/fbioe.2021.801891,2026-03-19,CC BY
pmc_PMC8894932,pmc,10.1177/10760296221081121,2026-03-19,CC BY-NC
pmc_PMC8894948,pmc,10.1177/24705470221081215,2026-03-19,CC BY-NC
pmc_PMC8894963,pmc,10.1177/17562864221078177,2026-03-19,CC BY-NC
pmc_PMC8894969,pmc,10.1177/03000605221082892,2026-03-19,CC BY-NC
pmc_PMC8895022,pmc,10.1107/S2052252522002251,2026-03-19,CC BY
pmc_PMC8895200,pmc,10.3389/fphar.2022.842636,2026-03-19,CC BY
pmc_PMC8895221,pmc,10.1093/ajcn/nqab427,2026-03-19,CC BY
pmc_PMC8895247,pmc,10.3389/fimmu.2022.825108,2026-03-19,CC BY
pmc_PMC8895292,pmc,10.2196/33355,2026-03-19,CC BY
pmc_PMC8895304,pmc,10.3389/fmed.2022.796424,2026-03-19,CC BY
pmc_PMC8895457,pmc,10.1002/1878-0261.13115,2026-03-19,CC BY
pmc_PMC8895468,pmc,10.2807/1560-7917.ES.2022.27.9.2100419,2026-03-19,CC BY
pmc_PMC8895522,pmc,10.1186/s40246-022-00381-4,2026-03-19,CC BY
pmc_PMC8895541,pmc,10.1186/s12862-021-01944-0,2026-03-19,CC BY
pmc_PMC8895543,pmc,10.1186/s12889-022-12827-4,2026-03-19,CC BY
pmc_PMC8895569,pmc,10.1186/s12889-022-12828-3,2026-03-19,CC BY
pmc_PMC8895589,pmc,10.1186/s13019-022-01771-4,2026-03-19,CC BY
pmc_PMC8895651,pmc,10.1099/ijsem.0.005193,2026-03-19,CC BY
pmc_PMC8895709,pmc,10.3389/fcimb.2022.826018,2026-03-19,CC BY
pmc_PMC8895748,pmc,10.1093/hmg/ddab275,2026-03-19,CC BY-NC
pmc_PMC8895756,pmc,10.1093/hmg/ddab263,2026-03-19,CC BY
pmc_PMC8895790,pmc,10.1186/s12872-022-02521-z,2026-03-19,CC BY
pmc_PMC8895797,pmc,10.1186/s13018-022-03020-9,2026-03-19,CC BY
pmc_PMC8895817,pmc,10.1186/s12967-022-03314-w,2026-03-19,CC BY
pmc_PMC8895869,pmc,10.1186/s13287-022-02756-9,2026-03-19,CC BY
pmc_PMC8895880,pmc,10.1186/s12931-022-01956-4,2026-03-19,CC BY
pmc_PMC8895979,pmc,10.1093/g3journal/jkac027,2026-03-19,CC BY
pmc_PMC8895992,pmc,10.1093/g3journal/jkab453,2026-03-19,CC BY
pmc_PMC8896020,pmc,10.7717/peerj.13034,2026-03-19,CC BY
pmc_PMC8896078,pmc,10.1186/s13104-022-05974-9,2026-03-19,CC BY
pmc_PMC8896209,pmc,10.1089/heq.2021.0041,2026-03-19,CC BY
pmc_PMC8896297,pmc,10.1186/s12862-022-01973-3,2026-03-19,CC BY
pmc_PMC8896327,pmc,10.1186/s13033-022-00527-w,2026-03-19,CC BY
pmc_PMC8896362,pmc,10.1186/s12876-022-02180-6,2026-03-19,CC BY
pmc_PMC8896401,pmc,10.3389/fcvm.2022.763015,2026-03-19,CC BY
pmc_PMC8896441,pmc,10.1097/MD.0000000000028967,2026-03-19,CC BY-NC
pmc_PMC8896457,pmc,10.1101/gr.275826.121,2026-03-19,CC BY-NC
pmc_PMC8896465,pmc,10.1101/gr.275992.121,2026-03-19,CC BY-NC
pmc_PMC8896524,pmc,10.2147/DDDT.S346892,2026-03-19,CC BY-NC
pmc_PMC8896701,pmc,10.1371/journal.pone.0264634,2026-03-19,CC BY
pmc_PMC8896734,pmc,10.1371/journal.pone.0263723,2026-03-19,CC BY
pmc_PMC8896744,pmc,10.1590/2177-6709.27.1.e2220159.oar,2026-03-19,CC BY
pmc_PMC8896885,pmc,10.1016/j.rinp.2022.105378,2026-03-19,none
pmc_PMC8897024,pmc,10.1016/j.apsb.2021.08.001,2026-03-19,CC BY-NC-ND
pmc_PMC8897309,pmc,10.1016/j.ekir.2021.10.009,2026-03-19,CC BY-NC-ND
pmc_PMC8897318,pmc,10.1007/s00431-021-04312-8,2026-03-19,CC BY
pmc_PMC8897417,pmc,10.1038/s41598-022-07596-4,2026-03-19,CC BY
pmc_PMC8897468,pmc,10.1038/s41467-022-28694-x,2026-03-19,CC BY
pmc_PMC8897523,pmc,10.1186/s40981-022-00506-7,2026-03-19,CC BY
pmc_PMC8897636,pmc,10.1016/j.btre.2022.e00716,2026-03-19,CC BY-NC-ND
pmc_PMC8897645,pmc,10.1016/j.vas.2022.100240,2026-03-19,CC BY-NC-ND
pmc_PMC8897646,pmc,10.1016/j.bioactmat.2021.11.015,2026-03-19,CC BY
pmc_PMC8897685,pmc,10.1016/j.ekir.2021.09.018,2026-03-19,CC BY-NC-ND
pmc_PMC8897700,pmc,10.1016/j.jbc.2022.101699,2026-03-19,CC BY-NC-ND
pmc_PMC8897731,pmc,10.1186/s13731-022-00222-7,2026-03-19,CC BY
pmc_PMC8897944,pmc,10.1186/s12920-022-01197-w,2026-03-19,CC BY
pmc_PMC8897953,pmc,10.1186/s12935-022-02529-7,2026-03-19,CC BY
pmc_PMC8897963,pmc,10.12659/MSM.936523,2026-03-19,CC BY-NC-ND
pmc_PMC8898010,pmc,10.7717/peerj.13015,2026-03-19,CC BY
pmc_PMC8898139,pmc,10.1155/2022/2017975,2026-03-19,CC BY
pmc_PMC8898146,pmc,10.1155/2022/5030175,2026-03-19,CC BY
pmc_PMC8898170,pmc,10.1016/j.eclinm.2022.101317,2026-03-19,CC BY
pmc_PMC8898216,pmc,10.1007/s11356-021-17115-z,2026-03-19,CC BY
pmc_PMC8898224,pmc,10.1007/s00784-021-04278-9,2026-03-19,CC BY
pmc_PMC8898234,pmc,10.1007/s00784-021-04233-8,2026-03-19,CC BY
pmc_PMC8898236,pmc,10.1007/s10741-021-10105-w,2026-03-19,CC BY
pmc_PMC8898251,pmc,10.1007/s00784-021-04260-5,2026-03-19,CC BY
pmc_PMC8898353,pmc,10.7150/ijbs.67892,2026-03-19,CC BY
pmc_PMC8898368,pmc,10.7150/ijbs.66477,2026-03-19,CC BY
pmc_PMC8898427,pmc,10.1186/s13023-022-02269-x,2026-03-19,CC BY
pmc_PMC8898453,pmc,10.1186/s12944-022-01636-8,2026-03-19,CC BY
pmc_PMC8898461,pmc,10.1186/s12890-022-01875-6,2026-03-19,CC BY
pmc_PMC8898467,pmc,10.1186/s12913-022-07687-y,2026-03-19,CC BY
pmc_PMC8898477,pmc,10.1186/s13063-022-06128-9,2026-03-19,CC BY
pmc_PMC8898487,pmc,10.1186/s12920-022-01200-4,2026-03-19,CC BY
pmc_PMC8898501,pmc,10.1007/s10995-022-03384-8,2026-03-19,none
pmc_PMC8898505,pmc,10.1186/s13018-022-02989-7,2026-03-19,CC BY
pmc_PMC8898549,pmc,10.7717/peerj.12999,2026-03-19,CC BY
pmc_PMC8898585,pmc,10.4317/medoral.25092,2026-03-19,CC BY
pmc_PMC8898760,pmc,10.1016/j.crfs.2022.02.010,2026-03-19,CC BY-NC-ND
pmc_PMC8898815,pmc,10.1155/2022/4780019,2026-03-19,CC BY
pmc_PMC8898890,pmc,10.1016/j.ijscr.2022.106912,2026-03-19,CC BY-NC-ND
pmc_PMC8898944,pmc,10.1038/s41398-022-01854-9,2026-03-19,CC BY
pmc_PMC8898960,pmc,10.3389/fgene.2022.705272,2026-03-19,CC BY
pmc_PMC8899000,pmc,10.1007/s40259-022-00519-9,2026-03-19,none
pmc_PMC8899029,pmc,10.3389/fpsyt.2021.724061,2026-03-19,CC BY
pmc_PMC8899104,pmc,10.3389/fcvm.2022.836942,2026-03-19,CC BY
pmc_PMC8899178,pmc,10.1111/jcmm.17041,2026-03-19,CC BY
pmc_PMC8899182,pmc,10.1111/jcmm.17196,2026-03-19,CC BY
pmc_PMC8899198,pmc,10.1111/jcmm.17098,2026-03-19,CC BY
pmc_PMC8899271,pmc,10.1177/1455072521999220,2026-03-19,CC BY-NC
pmc_PMC8899289,pmc,10.3389/fnbeh.2022.799015,2026-03-19,CC BY
pmc_PMC8899292,pmc,10.3389/fcell.2022.816249,2026-03-19,CC BY
pmc_PMC8899295,pmc,10.1177/1744987121993505,2026-03-19,CC BY-NC
pmc_PMC8899408,pmc,10.3389/fvets.2022.792346,2026-03-19,CC BY
pmc_PMC8899627,pmc,10.1098/rstb.2020.0496,2026-03-19,CC BY
pmc_PMC8899711,pmc,10.3389/fnut.2022.772243,2026-03-19,CC BY
pmc_PMC8899808,pmc,10.1177/0844562121996222,2026-03-19,CC BY
pmc_PMC8900045,pmc,10.1136/jitc-2021-004414,2026-03-19,CC BY-NC
pmc_PMC8900064,pmc,10.3389/phrs.2022.1604499,2026-03-19,CC BY
pmc_PMC8900154,pmc,10.1093/nargab/lqac017,2026-03-19,CC BY-NC
pmc_PMC8900404,pmc,10.1186/s40560-022-00604-9,2026-03-19,CC BY
pmc_PMC8900408,pmc,10.1186/s13104-022-05978-5,2026-03-19,CC BY
pmc_PMC8900411,pmc,10.1186/s12920-022-01196-x,2026-03-19,CC BY
pmc_PMC8900549,pmc,10.3748/wjg.v28.i6.683,2026-03-19,CC BY-NC
pmc_PMC8900618,pmc,10.1016/j.stem.2022.01.011,2026-03-19,CC BY
pmc_PMC8900647,pmc,10.1007/s11156-022-01047-x,2026-03-19,none
pmc_PMC8900705,pmc,10.3389/fpsyg.2022.800727,2026-03-19,CC BY
pmc_PMC8900707,pmc,10.1179/1351000215Y.0000000040,2026-03-19,CC BY-NC-ND
pmc_PMC8900810,pmc,10.2147/IJGM.S348176,2026-03-19,CC BY-NC
pmc_PMC8900929,pmc,10.1093/ofid/ofac057,2026-03-19,CC BY-NC-ND
pmc_PMC8900964,pmc,10.1057/s41260-022-00260-6,2026-03-19,none
pmc_PMC8901083,pmc,10.7759/cureus.21944,2026-03-19,CC BY
pmc_PMC8901090,pmc,10.7759/cureus.21859,2026-03-19,CC BY
pmc_PMC8901145,pmc,10.7759/cureus.21872,2026-03-19,CC BY
pmc_PMC8901279,pmc,10.1080/0886022X.2021.1915799,2026-03-19,CC BY
pmc_PMC8901331,pmc,10.1155/2022/2294120,2026-03-19,CC BY
pmc_PMC8901384,pmc,10.7759/cureus.21942,2026-03-19,CC BY
pmc_PMC8901494,pmc,10.1007/s10646-021-02510-6,2026-03-19,CC BY
pmc_PMC8901603,pmc,10.3389/fneur.2021.711050,2026-03-19,CC BY
pmc_PMC8901618,pmc,10.1038/s41598-022-07934-6,2026-03-19,CC BY
pmc_PMC8901630,pmc,10.1038/s41598-022-07941-7,2026-03-19,CC BY
pmc_PMC8901631,pmc,10.1038/s41598-022-08051-0,2026-03-19,CC BY
pmc_PMC8901641,pmc,10.1038/s41598-022-07507-7,2026-03-19,CC BY
pmc_PMC8901674,pmc,10.1038/s41598-022-07439-2,2026-03-19,CC BY
pmc_PMC8901723,pmc,10.3389/fsurg.2022.824076,2026-03-19,CC BY
pmc_PMC8901724,pmc,10.3389/fneur.2022.839398,2026-03-19,CC BY
pmc_PMC8901760,pmc,10.1038/s41598-022-07945-3,2026-03-19,CC BY
pmc_PMC8901764,pmc,10.1038/s41598-022-07291-4,2026-03-19,CC BY
pmc_PMC8901805,pmc,10.1038/s41467-022-28741-7,2026-03-19,CC BY
pmc_PMC8901932,pmc,10.1038/s41598-022-07661-y,2026-03-19,CC BY
pmc_PMC8901949,pmc,10.21053/ceo.2021.00920,2026-03-19,CC BY-NC
pmc_PMC8902000,pmc,10.1093/shm/hkab048,2026-03-19,CC BY
pmc_PMC8902002,pmc,10.1093/shm/hkab036,2026-03-19,CC BY
pmc_PMC8902003,pmc,10.1093/shm/hkaa092,2026-03-19,CC BY
pmc_PMC8902005,pmc,10.1093/ojls/gqab010,2026-03-19,CC BY
pmc_PMC8902007,pmc,10.1093/shm/hkab118,2026-03-19,CC BY
pmc_PMC8902008,pmc,10.1093/shm/hkab122,2026-03-19,CC BY
pmc_PMC8902011,pmc,10.1177/17588359221081922,2026-03-19,CC BY-NC
pmc_PMC8902014,pmc,10.1093/shm/hkab097,2026-03-19,CC BY
pmc_PMC8902015,pmc,10.1093/ojls/gqab029,2026-03-19,CC BY
pmc_PMC8902017,pmc,10.1093/ojls/gqab024,2026-03-19,CC BY
pmc_PMC8902024,pmc,10.1093/ojls/gqab031,2026-03-19,CC BY
pmc_PMC8902026,pmc,10.1093/shm/hkab016,2026-03-19,CC BY
pmc_PMC8902058,pmc,10.2147/COPD.S338583,2026-03-19,CC BY-NC
pmc_PMC8902112,pmc,10.21037/jtd-22-48,2026-03-19,CC BY-NC-ND
pmc_PMC8902185,pmc,10.1177/17534666221077562,2026-03-19,CC BY-NC
pmc_PMC8902190,pmc,10.1177/2473974X221083981,2026-03-19,CC BY-NC
pmc_PMC8902203,pmc,10.1177/2473974X211072791,2026-03-19,CC BY-NC
pmc_PMC8902223,pmc,10.5713/ab.21.0143,2026-03-19,CC BY
pmc_PMC8902264,pmc,10.1177/02698811211013583,2026-03-19,CC BY
pmc_PMC8902306,pmc,10.3389/fgene.2022.795479,2026-03-19,CC BY
pmc_PMC8902324,pmc,10.1093/jnci/djab172,2026-03-19,CC BY-NC
pmc_PMC8902424,pmc,10.4111/icu.20210407,2026-03-19,CC BY-NC
pmc_PMC8902623,pmc,10.1016/j.ijscr.2022.106895,2026-03-19,CC BY-NC-ND
pmc_PMC8902632,pmc,10.1155/2022/4824357,2026-03-19,CC BY
pmc_PMC8902693,pmc,10.1177/15459683211062890,2026-03-19,CC BY
pmc_PMC8902705,pmc,10.1186/s12859-022-04613-1,2026-03-19,CC BY
pmc_PMC8902764,pmc,10.1186/s12879-022-07197-6,2026-03-19,CC BY
pmc_PMC8903219,pmc,10.1097/RLI.0000000000000834,2026-03-19,CC BY-NC-ND
pmc_PMC8903238,pmc,10.1093/noajnl/vdac013,2026-03-19,CC BY
pmc_PMC8903253,pmc,10.1371/journal.pone.0264761,2026-03-19,CC BY
pmc_PMC8903260,pmc,10.1371/journal.pone.0264907,2026-03-19,CC0
pmc_PMC8903277,pmc,10.1371/journal.ppat.1010364,2026-03-19,CC BY
pmc_PMC8903310,pmc,10.1007/s11042-022-12593-w,2026-03-19,none
pmc_PMC8903498,pmc,10.1186/s12263-021-00702-7,2026-03-19,CC BY
pmc_PMC8903548,pmc,10.1186/s11689-022-09429-x,2026-03-19,CC BY
pmc_PMC8903623,pmc,10.1186/s12888-022-03799-1,2026-03-19,CC BY
pmc_PMC8903626,pmc,10.1186/s12889-022-12855-0,2026-03-19,CC BY
pmc_PMC8903639,pmc,10.1186/s12940-022-00839-x,2026-03-19,CC BY
pmc_PMC8903706,pmc,10.1186/s12263-022-00704-z,2026-03-19,CC BY
pmc_PMC8903711,pmc,10.1186/s11689-021-09408-8,2026-03-19,CC BY
pmc_PMC8903754,pmc,10.1080/07853890.2022.2045034,2026-03-19,CC BY
pmc_PMC8903764,pmc,10.1080/0886022X.2022.2046609,2026-03-19,CC BY
pmc_PMC8903792,pmc,10.1080/19420889.2021.2025195,2026-03-19,CC BY
pmc_PMC8904105,pmc,10.18295/squmj.4.2021.042,2026-03-19,CC BY-ND
pmc_PMC8904128,pmc,10.1155/2022/3348393,2026-03-19,CC BY
pmc_PMC8904200,pmc,10.18699/VJGB-22-09,2026-03-19,CC BY
pmc_PMC8904231,pmc,10.1016/j.tranon.2022.101378,2026-03-19,CC BY-NC-ND
pmc_PMC8904233,pmc,10.1016/j.eclinm.2022.101333,2026-03-19,CC BY-NC-ND
pmc_PMC8904236,pmc,10.1016/j.jctube.2022.100307,2026-03-19,CC BY-NC-ND
pmc_PMC8904256,pmc,10.1038/s41390-021-01626-z,2026-03-19,CC BY
pmc_PMC8904263,pmc,10.2147/OPTH.S349582,2026-03-19,CC BY-NC
pmc_PMC8904366,pmc,10.3389/fmed.2022.807319,2026-03-19,CC BY
pmc_PMC8904379,pmc,10.1016/j.fochx.2022.100275,2026-03-19,CC BY-NC-ND
pmc_PMC8904425,pmc,10.3389/fimmu.2022.817062,2026-03-19,CC BY
pmc_PMC8904432,pmc,10.2147/PGPM.S351658,2026-03-19,CC BY-NC
pmc_PMC8904491,pmc,10.1038/s41398-022-01861-w,2026-03-19,CC BY
pmc_PMC8904524,pmc,10.1038/s41541-022-00457-1,2026-03-19,CC BY
pmc_PMC8904528,pmc,10.1038/s41598-022-07441-8,2026-03-19,CC BY
pmc_PMC8904540,pmc,10.1038/s41598-022-07791-3,2026-03-19,CC BY
pmc_PMC8904549,pmc,10.1038/s41598-022-07704-4,2026-03-19,CC BY
pmc_PMC8904555,pmc,10.1038/s41598-022-07874-1,2026-03-19,CC BY
pmc_PMC8904605,pmc,10.1016/j.jesf.2022.02.003,2026-03-19,CC BY-NC-ND
pmc_PMC8904627,pmc,10.1038/s41598-022-07619-0,2026-03-19,CC BY
pmc_PMC8904749,pmc,10.3389/fneur.2021.800605,2026-03-19,CC BY
pmc_PMC8904759,pmc,10.2147/OPTH.S289359,2026-03-19,CC BY-NC
pmc_PMC8904763,pmc,10.1038/s41598-022-07560-2,2026-03-19,CC BY
pmc_PMC8904778,pmc,10.1038/s41598-022-08174-4,2026-03-19,CC BY
pmc_PMC8904856,pmc,10.1038/s41598-022-07944-4,2026-03-19,CC BY
pmc_PMC8904904,pmc,10.3389/fmolb.2022.839887,2026-03-19,CC BY
pmc_PMC8904924,pmc,10.3389/fphys.2022.840623,2026-03-19,CC BY
pmc_PMC8904992,pmc,10.21037/atm-21-6774,2026-03-19,CC BY-NC-ND
pmc_PMC8905008,pmc,10.1186/s13063-022-06102-5,2026-03-19,CC BY
pmc_PMC8905022,pmc,10.3748/wjg.v28.i5.602,2026-03-19,CC BY-NC
pmc_PMC8905059,pmc,10.1177/23814683221081434,2026-03-19,CC BY-NC
pmc_PMC8905096,pmc,10.21037/tp-22-27,2026-03-19,CC BY-NC-ND
pmc_PMC8905106,pmc,10.21037/tp-21-624,2026-03-19,CC BY-NC-ND
pmc_PMC8905194,pmc,10.1177/20503121221081756,2026-03-19,CC BY-NC
pmc_PMC8905364,pmc,10.3389/fphar.2022.783506,2026-03-19,CC BY
pmc_PMC8905459,pmc,10.4102/hsag.v27i0.1731,2026-03-19,CC BY
pmc_PMC8905471,pmc,10.4102/sajid.v37i1.326,2026-03-19,CC BY
pmc_PMC8905494,pmc,10.3389/fphar.2022.840478,2026-03-19,CC BY
pmc_PMC8905520,pmc,10.3389/fonc.2022.821958,2026-03-19,CC BY
pmc_PMC8905557,pmc,10.1007/s11356-022-19573-5,2026-03-19,none
pmc_PMC8905562,pmc,10.1007/s12665-022-10298-9,2026-03-19,none
pmc_PMC8905606,pmc,10.1109/MPULS.2021.3128986,2026-03-19,none
pmc_PMC8905721,pmc,10.1186/s13023-022-02264-2,2026-03-19,CC BY
pmc_PMC8905745,pmc,10.1186/s13075-022-02755-4,2026-03-19,CC BY
pmc_PMC8905758,pmc,10.1186/s12964-022-00840-4,2026-03-19,CC BY
pmc_PMC8905790,pmc,10.1186/s12985-022-01769-3,2026-03-19,CC BY
pmc_PMC8905810,pmc,10.1186/s12889-022-12859-w,2026-03-19,CC BY
pmc_PMC8906017,pmc,10.1002/jcla.24205,2026-03-19,CC BY-NC-ND
pmc_PMC8906078,pmc,10.1016/j.crpvbd.2021.100036,2026-03-19,CC BY-NC-ND
pmc_PMC8906080,pmc,10.1016/j.crpvbd.2021.100054,2026-03-19,CC BY-NC-ND
pmc_PMC8906373,pmc,10.5935/1984-0063.20210026,2026-03-19,CC BY
pmc_PMC8906385,pmc,10.5935/1984-0063.20210002,2026-03-19,CC BY
pmc_PMC8906509,pmc,10.3389/fphar.2021.790832,2026-03-19,CC BY
pmc_PMC8906586,pmc,10.1371/journal.pntd.0010115,2026-03-19,CC BY
pmc_PMC8906808,pmc,10.7554/eLife.68925,2026-03-19,CC BY
pmc_PMC8906875,pmc,10.2147/IJGM.S341502,2026-03-19,CC BY-NC
pmc_PMC8906958,pmc,10.1155/2022/3889300,2026-03-19,CC BY
pmc_PMC8907173,pmc,10.1038/s41598-022-07632-3,2026-03-19,CC BY
pmc_PMC8907202,pmc,10.1038/s41598-022-07789-x,2026-03-19,CC BY
pmc_PMC8907293,pmc,10.1038/s41467-022-28861-0,2026-03-19,CC BY
pmc_PMC8907312,pmc,10.1038/s41467-022-28729-3,2026-03-19,CC BY
pmc_PMC8907337,pmc,10.1038/s41598-022-07548-y,2026-03-19,CC BY
pmc_PMC8907382,pmc,10.3389/fendo.2022.800714,2026-03-19,CC BY
pmc_PMC8907410,pmc,10.1210/jendso/bvac026,2026-03-19,CC BY-NC-ND
pmc_PMC8907448,pmc,10.3389/fimmu.2022.844001,2026-03-19,CC BY
pmc_PMC8907489,pmc,10.1093/nutrit/nuab061,2026-03-19,CC BY-NC-ND
pmc_PMC8907525,pmc,10.3389/fimmu.2022.845684,2026-03-19,CC BY
pmc_PMC8907541,pmc,10.3389/fcvm.2022.800427,2026-03-19,CC BY
pmc_PMC8907571,pmc,10.3389/fendo.2022.836527,2026-03-19,CC BY
pmc_PMC8907669,pmc,10.1016/j.jve.2022.100066,2026-03-19,CC BY
pmc_PMC8907745,pmc,10.3389/fphys.2022.826314,2026-03-19,CC BY
pmc_PMC8907852,pmc,10.3389/fmolb.2022.759792,2026-03-19,CC BY
pmc_PMC8908019,pmc,10.3389/fneur.2022.821166,2026-03-19,CC BY
pmc_PMC8908119,pmc,10.21037/atm-22-67,2026-03-19,CC BY-NC-ND
pmc_PMC8908167,pmc,10.21037/atm-22-383,2026-03-19,CC BY-NC-ND
pmc_PMC8908173,pmc,10.21037/atm-21-7043,2026-03-19,CC BY-NC-ND
pmc_PMC8908195,pmc,10.2196/23845,2026-03-19,CC BY
pmc_PMC8908254,pmc,10.3389/fimmu.2022.839362,2026-03-19,CC BY
pmc_PMC8908315,pmc,10.3389/fpls.2022.822217,2026-03-19,CC BY
pmc_PMC8908326,pmc,10.4253/wjge.v14.i2.77,2026-03-19,CC BY-NC
pmc_PMC8908342,pmc,10.4240/wjgs.v14.i2.143,2026-03-19,CC BY-NC
pmc_PMC8908365,pmc,10.1021/acsomega.1c07015,2026-03-19,CC BY-NC-ND
pmc_PMC8908400,pmc,10.1177/23259671221075653,2026-03-19,CC BY-NC-ND
pmc_PMC8908448,pmc,10.3389/fnut.2022.834557,2026-03-19,CC BY
pmc_PMC8908591,pmc,10.1186/s13578-022-00768-9,2026-03-19,CC BY
pmc_PMC8908593,pmc,10.1186/s13002-022-00513-z,2026-03-19,CC BY
pmc_PMC8908643,pmc,10.1186/s40168-021-01215-6,2026-03-19,CC BY
pmc_PMC8908650,pmc,10.1186/s13002-022-00516-w,2026-03-19,CC BY
pmc_PMC8908687,pmc,10.1186/s12872-022-02520-0,2026-03-19,CC BY
pmc_PMC8908729,pmc,10.12659/AJCR.934212,2026-03-19,CC BY-NC-ND
pmc_PMC8908826,pmc,10.3390/ani12050558,2026-03-19,CC BY
pmc_PMC8908828,pmc,10.3390/ani12050533,2026-03-19,CC BY
pmc_PMC8908831,pmc,10.3390/ani12050543,2026-03-19,CC BY
pmc_PMC8908847,pmc,10.3390/ani12050560,2026-03-19,CC BY
pmc_PMC8908906,pmc,10.3389/fgene.2022.789270,2026-03-19,CC BY
pmc_PMC8908932,pmc,10.18632/aging.203908,2026-03-19,CC BY
pmc_PMC8908964,pmc,10.3389/fcimb.2022.817532,2026-03-19,CC BY
pmc_PMC8908976,pmc,10.3390/foods11050748,2026-03-19,CC BY
pmc_PMC8908999,pmc,10.3390/cancers14051155,2026-03-19,CC BY
pmc_PMC8909026,pmc,10.3390/ani12050622,2026-03-19,CC BY
pmc_PMC8909038,pmc,10.3390/ani12050608,2026-03-19,CC BY
pmc_PMC8909079,pmc,10.3390/ani12050641,2026-03-19,CC BY
pmc_PMC8963685,pmc,https://pmc.ncbi.nlm.nih.gov/articles/PMC8963685/,2026-03-19,CC BY
pmc_PMC9063472,pmc,10.1039/c9ra01017c,2026-03-19,CC BY-NC
pmc_PMC9137268,pmc,10.1016/j.intfin.2022.101592,2026-03-19,none
pmc_PMC9165260,pmc,10.1007/s00259-022-05675-2,2026-03-19,CC BY
pmc_PMC9271009,pmc,10.1093/hr/uhac105,2026-03-19,CC BY
pmc_PMC9320530,pmc,10.3390/medicines9070038,2026-03-19,CC BY
pmc_PMC9477314,pmc,10.1371/journal.pone.0274356,2026-03-19,CC BY
pmc_PMC9555620,pmc,10.1371/journal.pone.0275725,2026-03-19,CC BY
pmc_PMC9560679,pmc,10.1016/j.bas.2022.100931,2026-03-19,CC BY-NC-ND
pmc_PMC9635224,pmc,10.25122/jml-2021-0127,2026-03-19,CC BY
pmc_PMC9635231,pmc,10.25122/jml-2022-0114,2026-03-19,CC BY
pmc_PMC9662740,pmc,10.1371/journal.pone.0275603,2026-03-19,CC BY
pmc_PMC9757572,pmc,10.1371/journal.pone.0275816,2026-03-19,CC BY
pmc_PMC9760781,pmc,10.1111/hir.12445,2026-03-19,CC BY
pmc_PMC9794792,pmc,10.1038/s41419-022-05521-1,2026-03-19,CC BY
pmc_PMC9823265,pmc,10.1007/s11356-022-24901-w,2026-03-19,none
pmc_PMC9832545,pmc,10.1098/rspb.2022.2246,2026-03-19,CC BY
pmc_PMC9845977,pmc,10.1098/rspb.2022.2262,2026-03-19,CC BY
pmc_PMC9853011,pmc,10.3389/fcell.2022.1026477,2026-03-19,CC BY
pmc_PMC9872498,pmc,10.17161/kjm.vol16.18723,2026-03-19,CC BY-NC-ND
pmc_PMC9872500,pmc,10.17161/kjm.vol16.17945,2026-03-19,CC BY-NC-ND
pmc_PMC9872503,pmc,10.17161/kjm.vol16.18711,2026-03-19,CC BY-NC-ND
pmc_PMC9881958,pmc,10.1101/2023.01.07.523110,2026-03-19,CC BY-NC-ND
pmc_PMC9882114,pmc,10.1101/2023.01.16.524298,2026-03-19,CC BY-ND
pmc_PMC9882214,pmc,10.1101/2023.01.17.524014,2026-03-19,CC BY
pmc_PMC9882443,pmc,10.1101/2023.01.06.23284266,2026-03-19,CC BY
pmc_PMC9882630,pmc,10.1101/2023.01.11.23284452,2026-03-19,CC BY-NC-ND
pmc_PMC9900803,pmc,10.1101/2023.01.25.525430,2026-03-19,CC BY-ND
pmc_PMC9915831,pmc,10.1101/2023.01.31.23285223,2026-03-19,CC BY-NC-ND
pmc_PMC9934794,pmc,10.1101/2023.02.06.23285560,2026-03-19,CC BY-NC-ND
pmc_PMC9934802,pmc,10.1101/2023.02.08.23285634,2026-03-19,CC BY-NC-ND
pmc_PMC9949169,pmc,https://pmc.ncbi.nlm.nih.gov/articles/PMC9949169/,2026-03-19,CC BY-SA
pmc_PMC9959062,pmc,10.3390/jpm13020343,2026-03-19,CC BY
https://openalex.org/W10420025,openalex,https://doi.org/10.1007/978-981-97-7808-9,2026-03-19,
https://openalex.org/W134494718,openalex,https://doi.org/10.25916/sut.26227055,2026-03-19,
https://openalex.org/W1519341446,openalex,https://doi.org/10.25439/rmt.27344148,2026-03-19,
https://openalex.org/W1537232044,openalex,https://doi.org/10.25439/rmt.27351516,2026-03-19,
https://openalex.org/W1856529645,openalex,https://doi.org/10.25916/sut.26263406,2026-03-19,
https://openalex.org/W1960726611,openalex,https://doi.org/10.24377/dteij.article2260,2026-03-19,
https://openalex.org/W2096137869,openalex,https://doi.org/10.71609/iheid-gygw-t664,2026-03-19,other-oa
https://openalex.org/W2128711421,openalex,https://doi.org/10.24377/dteij.article2292,2026-03-19,cc-by
https://openalex.org/W2183085301,openalex,https://doi.org/10.71889/5fylantbak.30802883,2026-03-19,
https://openalex.org/W2222980387,openalex,https://doi.org/10.1073/pnas.2206193121,2026-03-19,cc-by
https://openalex.org/W2231606676,openalex,https://doi.org/10.25439/rmt.27337161,2026-03-19,
https://openalex.org/W2268407012,openalex,https://doi.org/10.25439/rmt.27348978,2026-03-19,
https://openalex.org/W2271207508,openalex,https://doi.org/10.1007/978-3-031-56172-6,2026-03-19,cc-by
https://openalex.org/W2280319391,openalex,https://doi.org/10.25916/sut.26261318,2026-03-19,
https://openalex.org/W2281915808,openalex,https://doi.org/10.1007/978-3-032-05760-0,2026-03-19,
https://openalex.org/W2469557254,openalex,https://doi.org/10.60910/wdkv-eray,2026-03-19,
https://openalex.org/W2750856593,openalex,https://doi.org/10.7916/fbca-z504,2026-03-19,
https://openalex.org/W2800805985,openalex,https://doi.org/10.25916/sut.26245565,2026-03-19,
https://openalex.org/W2891383753,openalex,https://doi.org/10.25439/rmt.27350232,2026-03-19,
https://openalex.org/W2980611271,openalex,https://doi.org/10.7916/xrp8-wh97,2026-03-19,other-oa
https://openalex.org/W3156012754,openalex,https://doi.org/10.1111/joes.12611,2026-03-19,cc-by
https://openalex.org/W3159039665,openalex,https://doi.org/10.1016/j.jfineco.2024.103831,2026-03-19,cc-by
https://openalex.org/W366828755,openalex,https://doi.org/10.25916/sut.26272870,2026-03-19,
https://openalex.org/W4255883645,openalex,https://doi.org/10.14207/ejsd,2026-03-19,
https://openalex.org/W4390479233,openalex,https://doi.org/10.3390/su16010391,2026-03-19,cc-by
https://openalex.org/W4390481322,openalex,https://doi.org/10.1109/tem.2023.3348991,2026-03-19,
https://openalex.org/W4390483836,openalex,https://doi.org/10.31181/jscda21202430,2026-03-19,cc-by
https://openalex.org/W4390487412,openalex,https://doi.org/10.1002/sd.2878,2026-03-19,cc-by
https://openalex.org/W4390495594,openalex,https://doi.org/10.1016/j.ecoenv.2023.115908,2026-03-19,cc-by
https://openalex.org/W4390495761,openalex,https://doi.org/10.1371/journal.pone.0295802,2026-03-19,cc-by
https://openalex.org/W4390496533,openalex,https://doi.org/10.1038/s41598-023-50825-7,2026-03-19,cc-by
https://openalex.org/W4390500872,openalex,https://doi.org/10.3390/polym16010142,2026-03-19,cc-by
https://openalex.org/W4390501820,openalex,https://doi.org/10.1002/bit.28643,2026-03-19,
https://openalex.org/W4390502221,openalex,https://doi.org/10.1186/s12992-023-01009-5,2026-03-19,cc-by
https://openalex.org/W4390503997,openalex,https://doi.org/10.1177/01708406231217143,2026-03-19,cc-by
https://openalex.org/W4390506356,openalex,https://doi.org/10.3390/su16010396,2026-03-19,cc-by
https://openalex.org/W4390508486,openalex,https://doi.org/10.1007/s43621-023-00175-1,2026-03-19,cc-by
https://openalex.org/W4390510666,openalex,https://doi.org/10.1057/s41599-023-02539-4,2026-03-19,cc-by
https://openalex.org/W4390511697,openalex,https://doi.org/10.1016/j.indic.2023.100332,2026-03-19,cc-by-nc-nd
https://openalex.org/W4390519706,openalex,https://doi.org/10.1002/sd.2867,2026-03-19,cc-by-nc-nd
https://openalex.org/W4390520069,openalex,https://doi.org/10.1002/sd.2845,2026-03-19,
https://openalex.org/W4390532039,openalex,https://doi.org/10.1016/j.ribaf.2023.102208,2026-03-19,cc-by
https://openalex.org/W4390534198,openalex,https://doi.org/10.1080/23311886.2023.2299614,2026-03-19,cc-by
https://openalex.org/W4390537946,openalex,https://doi.org/10.1016/j.renene.2024.119948,2026-03-19,cc-by
https://openalex.org/W4390538964,openalex,https://doi.org/10.1080/09537287.2023.2296669,2026-03-19,
https://openalex.org/W4390541022,openalex,https://doi.org/10.1080/03075079.2023.2299328,2026-03-19,cc-by
https://openalex.org/W4390542524,openalex,https://doi.org/10.3389/fpsyg.2023.1234349,2026-03-19,cc-by
https://openalex.org/W4390544338,openalex,https://doi.org/10.3390/su16010422,2026-03-19,cc-by
https://openalex.org/W4390544912,openalex,https://doi.org/10.3390/app14010437,2026-03-19,cc-by
https://openalex.org/W4390546201,openalex,https://doi.org/10.1016/j.oceram.2024.100537,2026-03-19,cc-by-nc-nd
https://openalex.org/W4390563161,openalex,https://doi.org/10.1016/j.foodqual.2023.105086,2026-03-19,cc-by
https://openalex.org/W4390564838,openalex,https://doi.org/10.30574/wjarr.2024.21.1.2683,2026-03-19,cc-by-nc-sa
https://openalex.org/W4390570837,openalex,https://doi.org/10.1016/j.eti.2023.103523,2026-03-19,cc-by-nc-nd
https://openalex.org/W4390578912,openalex,https://doi.org/10.1016/j.gsf.2023.101776,2026-03-19,cc-by-nc-nd
https://openalex.org/W4390581087,openalex,https://doi.org/10.1002/bbb.2559,2026-03-19,
https://openalex.org/W4390581737,openalex,https://doi.org/10.3390/horticulturae10010049,2026-03-19,cc-by
https://openalex.org/W4390583258,openalex,https://doi.org/10.1016/j.jclepro.2023.140527,2026-03-19,cc-by
https://openalex.org/W4390583985,openalex,https://doi.org/10.3389/focsu.2023.1308125,2026-03-19,cc-by
https://openalex.org/W4390585235,openalex,https://doi.org/10.1080/14616688.2023.2299832,2026-03-19,cc-by
https://openalex.org/W4390587099,openalex,https://doi.org/10.1016/j.bir.2024.01.004,2026-03-19,cc-by-nc-nd
https://openalex.org/W4390587815,openalex,https://doi.org/10.3390/buildings14010130,2026-03-19,cc-by
https://openalex.org/W4390589639,openalex,https://doi.org/10.1002/adhm.202304207,2026-03-19,cc-by
https://openalex.org/W4390599264,openalex,https://doi.org/10.1007/978-3-031-10948-5_21,2026-03-19,cc-by
https://openalex.org/W4390600217,openalex,https://doi.org/10.1007/978-3-031-10948-5,2026-03-19,cc-by
https://openalex.org/W4390603641,openalex,https://doi.org/10.1145/3639060,2026-03-19,cc-by
https://openalex.org/W4390603845,openalex,https://doi.org/10.1051/e3sconf/202447201026,2026-03-19,cc-by
https://openalex.org/W4390612360,openalex,https://doi.org/10.1111/beer.12654,2026-03-19,
https://openalex.org/W4390614034,openalex,https://doi.org/10.3390/su16020475,2026-03-19,cc-by
https://openalex.org/W4390617018,openalex,https://doi.org/10.1007/s42161-023-01543-6,2026-03-19,cc-by
https://openalex.org/W4390617246,openalex,https://doi.org/10.3390/su16020495,2026-03-19,cc-by
https://openalex.org/W4390618044,openalex,https://doi.org/10.1002/cctc.202301225,2026-03-19,cc-by
https://openalex.org/W4390618382,openalex,https://doi.org/10.1038/s41598-024-51326-x,2026-03-19,cc-by
https://openalex.org/W4390636913,openalex,https://doi.org/10.1016/j.wmb.2024.01.002,2026-03-19,cc-by-nc-nd
https://openalex.org/W4390644305,openalex,https://doi.org/10.30574/wjarr.2024.21.1.2717,2026-03-19,cc-by-nc-sa
https://openalex.org/W4390646543,openalex,https://doi.org/10.1016/j.rineng.2024.101765,2026-03-19,cc-by-nc-nd
https://openalex.org/W4390646717,openalex,https://doi.org/10.56556/gssr.v3i1.636,2026-03-19,cc-by-nc-nd
https://openalex.org/W4390655198,openalex,https://doi.org/10.1002/sd.2851,2026-03-19,cc-by-nc-nd
https://openalex.org/W4390655356,openalex,https://doi.org/10.20944/preprints202401.0329.v1,2026-03-19,cc-by
https://openalex.org/W4390658388,openalex,https://doi.org/10.1016/j.eti.2024.103532,2026-03-19,cc-by-nc-nd
https://openalex.org/W4390663203,openalex,https://doi.org/10.35784/preko.5325,2026-03-19,cc-by
https://openalex.org/W4390663243,openalex,https://doi.org/10.35784/preko.5755,2026-03-19,cc-by
https://openalex.org/W4390663373,openalex,https://doi.org/10.3390/su16020506,2026-03-19,cc-by
https://openalex.org/W4390664648,openalex,https://doi.org/10.1016/j.spc.2024.01.002,2026-03-19,cc-by
https://openalex.org/W4390664739,openalex,https://doi.org/10.3389/fenrg.2023.1184348,2026-03-19,cc-by
https://openalex.org/W4390666960,openalex,https://doi.org/10.3389/feduc.2023.1327641,2026-03-19,cc-by
https://openalex.org/W4390667103,openalex,https://doi.org/10.1016/j.xinn.2024.100573,2026-03-19,cc-by
https://openalex.org/W4390670412,openalex,https://doi.org/10.3390/electronics13020268,2026-03-19,cc-by
https://openalex.org/W4390670673,openalex,https://doi.org/10.35784/preko.5749,2026-03-19,cc-by
https://openalex.org/W4390671356,openalex,https://doi.org/10.1002/sd.2865,2026-03-19,cc-by
https://openalex.org/W4390674135,openalex,https://doi.org/10.1039/d3mh01998e,2026-03-19,
https://openalex.org/W4390675710,openalex,https://doi.org/10.1002/sd.2885,2026-03-19,cc-by
https://openalex.org/W4390684506,openalex,https://doi.org/10.1016/j.cosust.2023.101411,2026-03-19,cc-by-nc-nd
https://openalex.org/W4390685150,openalex,https://doi.org/10.1002/cben.202300056,2026-03-19,cc-by-nc
https://openalex.org/W4390686607,openalex,https://doi.org/10.1039/d3sd00296a,2026-03-19,cc-by-nc
https://openalex.org/W4390689926,openalex,https://doi.org/10.35784/preko.5413,2026-03-19,cc-by
https://openalex.org/W4390692055,openalex,https://doi.org/10.1093/postmj/qgad131,2026-03-19,cc-by
https://openalex.org/W4390695027,openalex,https://doi.org/10.3390/su16020606,2026-03-19,cc-by
https://openalex.org/W4390703210,openalex,https://doi.org/10.3390/su16020596,2026-03-19,cc-by
https://openalex.org/W4390703375,openalex,https://doi.org/10.1007/s00226-023-01519-w,2026-03-19,cc-by
https://openalex.org/W4390703898,openalex,https://doi.org/10.3390/nu16020225,2026-03-19,cc-by
https://openalex.org/W4390704945,openalex,https://doi.org/10.3390/su16020613,2026-03-19,cc-by
https://openalex.org/W4390717506,openalex,https://doi.org/10.1126/sciadv.adk4620,2026-03-19,cc-by-nc
https://openalex.org/W4390719187,openalex,https://doi.org/10.1002/sd.2889,2026-03-19,cc-by
https://openalex.org/W4390721005,openalex,https://doi.org/10.1016/j.egyr.2023.12.058,2026-03-19,cc-by-nc-nd
https://openalex.org/W4390729019,openalex,https://doi.org/10.1039/d3fb00224a,2026-03-19,cc-by-nc
https://openalex.org/W4390729517,openalex,https://doi.org/10.1016/j.arabjc.2024.105610,2026-03-19,cc-by-nc-nd
https://openalex.org/W4390740255,openalex,https://doi.org/10.9734/ijecc/2024/v14i13830,2026-03-19,
https://openalex.org/W4390740492,openalex,https://doi.org/10.3390/batteries10010027,2026-03-19,cc-by
https://openalex.org/W4390740675,openalex,https://doi.org/10.51594/csitrj.v5i1.700,2026-03-19,cc-by-nc
https://openalex.org/W4390743996,openalex,https://doi.org/10.1111/anae.16159,2026-03-19,cc-by-nc
https://openalex.org/W4390744283,openalex,https://doi.org/10.1111/anae.16207,2026-03-19,
https://openalex.org/W4390744365,openalex,https://doi.org/10.3389/fsufs.2023.1296337,2026-03-19,cc-by
https://openalex.org/W4390745092,openalex,https://doi.org/10.3389/frsc.2023.1308684,2026-03-19,cc-by
https://openalex.org/W4390748645,openalex,https://doi.org/10.9734/ajarr/2024/v18i1598,2026-03-19,
https://openalex.org/W4390749788,openalex,https://doi.org/10.3390/electronics13020317,2026-03-19,cc-by
https://openalex.org/W4390750896,openalex,https://doi.org/10.3390/su16020638,2026-03-19,cc-by
https://openalex.org/W4390751117,openalex,https://doi.org/10.3390/su16020629,2026-03-19,cc-by
https://openalex.org/W4390751231,openalex,https://doi.org/10.3390/su16020558,2026-03-19,cc-by
https://openalex.org/W4390751273,openalex,https://doi.org/10.3390/su16020628,2026-03-19,cc-by
https://openalex.org/W4390751318,openalex,https://doi.org/10.3390/su16020640,2026-03-19,cc-by
https://openalex.org/W4390751453,openalex,https://doi.org/10.3390/su16020641,2026-03-19,cc-by
https://openalex.org/W4390754529,openalex,https://doi.org/10.1016/j.scenv.2024.100071,2026-03-19,cc-by-nc-nd
https://openalex.org/W4390759281,openalex,https://doi.org/10.3390/healthcare12020156,2026-03-19,cc-by
https://openalex.org/W4390764001,openalex,https://doi.org/10.1108/ijchm-06-2023-0840,2026-03-19,
https://openalex.org/W4390765391,openalex,https://doi.org/10.1002/ppp3.10481,2026-03-19,cc-by-nc
https://openalex.org/W4390770071,openalex,https://doi.org/10.1108/ijopm-02-2023-0135,2026-03-19,
https://openalex.org/W4390788675,openalex,https://doi.org/10.1016/j.iedeen.2023.100240,2026-03-19,cc-by-nc-nd
https://openalex.org/W4390788713,openalex,https://doi.org/10.3390/eng5010009,2026-03-19,cc-by
https://openalex.org/W4390790354,openalex,https://doi.org/10.1002/sd.2861,2026-03-19,
https://openalex.org/W4390796394,openalex,https://doi.org/10.1016/j.greeac.2024.100095,2026-03-19,cc-by
https://openalex.org/W4390805475,openalex,https://doi.org/10.1109/access.2024.3352742,2026-03-19,
https://openalex.org/W4390811443,openalex,https://doi.org/10.1016/j.annals.2023.103678,2026-03-19,cc-by
https://openalex.org/W4390813388,openalex,https://doi.org/10.1111/beer.12656,2026-03-19,cc-by
https://openalex.org/W4390813598,openalex,https://doi.org/10.3390/su16020695,2026-03-19,cc-by
https://openalex.org/W4390815600,openalex,https://doi.org/10.32604/jrm.2023.046074,2026-03-19,
https://openalex.org/W4390816728,openalex,https://doi.org/10.1016/j.cacint.2023.100138,2026-03-19,cc-by-nc-nd
https://openalex.org/W4390818156,openalex,https://doi.org/10.3390/su16020698,2026-03-19,cc-by
https://openalex.org/W4390820213,openalex,https://doi.org/10.1002/bse.3665,2026-03-19,cc-by-nc-nd
https://openalex.org/W4390821706,openalex,https://doi.org/10.3390/su16020689,2026-03-19,cc-by
https://openalex.org/W4390822343,openalex,https://doi.org/10.1021/acsnano.3c11432,2026-03-19,cc-by
https://openalex.org/W4390823557,openalex,https://doi.org/10.1038/s41428-023-00863-9,2026-03-19,cc-by
https://openalex.org/W4390828004,openalex,https://doi.org/10.3390/su16020670,2026-03-19,cc-by
https://openalex.org/W4390839566,openalex,https://doi.org/10.1002/bse.3678,2026-03-19,cc-by
https://openalex.org/W4390847706,openalex,https://doi.org/10.30574/wjarr.2024.21.1.0060,2026-03-19,cc-by-nc-sa
https://openalex.org/W4390848477,openalex,https://doi.org/10.1016/j.conbuildmat.2024.134987,2026-03-19,cc-by-nc-nd
https://openalex.org/W4390858305,openalex,https://doi.org/10.59298/idosrjas/2024/1.8.9.295,2026-03-19,
https://openalex.org/W4390861587,openalex,https://doi.org/10.1016/j.ijhydene.2024.01.058,2026-03-19,cc-by
https://openalex.org/W4390862879,openalex,https://doi.org/10.1002/jtr.2626,2026-03-19,
https://openalex.org/W4390863539,openalex,https://doi.org/10.1002/csr.2712,2026-03-19,
https://openalex.org/W4390876330,openalex,https://doi.org/10.3390/su16020749,2026-03-19,cc-by
https://openalex.org/W4390877670,openalex,https://doi.org/10.1007/s43621-024-00182-w,2026-03-19,cc-by
https://openalex.org/W4390879106,openalex,https://doi.org/10.3390/polym16020242,2026-03-19,cc-by
https://openalex.org/W4390879319,openalex,https://doi.org/10.3390/nu16020259,2026-03-19,cc-by
https://openalex.org/W4390879455,openalex,https://doi.org/10.3390/en17020408,2026-03-19,cc-by
https://openalex.org/W4390879471,openalex,https://doi.org/10.3390/ma17020404,2026-03-19,cc-by
https://openalex.org/W4390879594,openalex,https://doi.org/10.3390/en17020409,2026-03-19,cc-by
https://openalex.org/W4390880685,openalex,https://doi.org/10.51594/csitrj.v5i1.715,2026-03-19,cc-by-nc
https://openalex.org/W4390880947,openalex,https://doi.org/10.3390/microorganisms12010166,2026-03-19,cc-by
https://openalex.org/W4390881252,openalex,https://doi.org/10.47941/jags.1624,2026-03-19,cc-by
https://openalex.org/W4390881254,openalex,https://doi.org/10.1111/ijfs.16910,2026-03-19,
https://openalex.org/W4390881999,openalex,https://doi.org/10.46656/access.2024.5.1(8),2026-03-19,cc-by
https://openalex.org/W4390882642,openalex,https://doi.org/10.1080/09537287.2024.2302479,2026-03-19,
https://openalex.org/W4390883073,openalex,https://doi.org/10.1007/s10767-023-09463-0,2026-03-19,cc-by
https://openalex.org/W4390886497,openalex,https://doi.org/10.1016/j.watres.2024.121141,2026-03-19,cc-by
https://openalex.org/W4390891832,openalex,https://doi.org/10.1016/j.egyr.2024.01.001,2026-03-19,cc-by-nc-nd
https://openalex.org/W4390893867,openalex,https://doi.org/10.1017/9781009326049,2026-03-19,cc-by
https://openalex.org/W4390903786,openalex,https://doi.org/10.1021/acs.chemmater.3c02408,2026-03-19,cc-by
https://openalex.org/W4390906474,openalex,https://doi.org/10.3390/su16020784,2026-03-19,cc-by
https://openalex.org/W4390906515,openalex,https://doi.org/10.3390/su16020786,2026-03-19,cc-by
https://openalex.org/W4390909157,openalex,https://doi.org/10.1084/jem.20231363,2026-03-19,
https://openalex.org/W4390910437,openalex,https://doi.org/10.1021/acs.energyfuels.3c03842,2026-03-19,cc-by
https://openalex.org/W4390913198,openalex,https://doi.org/10.3390/polym16020254,2026-03-19,cc-by
https://openalex.org/W4390913870,openalex,https://doi.org/10.1038/s43017-023-00501-1,2026-03-19,cc-by
https://openalex.org/W4390917617,openalex,https://doi.org/10.3389/fpsyg.2023.1216944,2026-03-19,cc-by
https://openalex.org/W4390920304,openalex,https://doi.org/10.1002/fes3.520,2026-03-19,cc-by
https://openalex.org/W4390930578,openalex,https://doi.org/10.30574/wjarr.2024.21.1.0111,2026-03-19,cc-by-nc-sa
https://openalex.org/W4390933184,openalex,https://doi.org/10.3390/su16020759,2026-03-19,cc-by
https://openalex.org/W4390942174,openalex,https://doi.org/10.1016/j.appet.2024.107213,2026-03-19,cc-by
https://openalex.org/W4390942180,openalex,https://doi.org/10.3390/su16020817,2026-03-19,cc-by
https://openalex.org/W4390945323,openalex,https://doi.org/10.3390/su16020788,2026-03-19,cc-by
https://openalex.org/W4390946666,openalex,https://doi.org/10.1002/agr.21894,2026-03-19,cc-by
https://openalex.org/W4390947053,openalex,https://doi.org/10.1039/d3sc03909a,2026-03-19,cc-by-nc
https://openalex.org/W4390949828,openalex,https://doi.org/10.1186/s41072-023-00162-9,2026-03-19,cc-by
https://openalex.org/W4390950127,openalex,https://doi.org/10.1016/j.sftr.2024.100159,2026-03-19,cc-by-nc-nd
https://openalex.org/W4390953689,openalex,https://doi.org/10.51594/ijmer.v6i1.710,2026-03-19,cc-by-nc
https://openalex.org/W4390954855,openalex,https://doi.org/10.3390/admsci14010016,2026-03-19,cc-by
https://openalex.org/W4390963580,openalex,https://doi.org/10.3390/su16020757,2026-03-19,cc-by
https://openalex.org/W4390971553,openalex,https://doi.org/10.3390/foods13020306,2026-03-19,cc-by
https://openalex.org/W4390973924,openalex,https://doi.org/10.1051/bioconf/20248601058,2026-03-19,cc-by
https://openalex.org/W4390973933,openalex,https://doi.org/10.1051/bioconf/20248601072,2026-03-19,cc-by
https://openalex.org/W4390974690,openalex,https://doi.org/10.1057/s41599-023-02492-2,2026-03-19,cc-by
https://openalex.org/W4390974707,openalex,https://doi.org/10.3390/aerospace11010086,2026-03-19,cc-by
https://openalex.org/W4390976352,openalex,https://doi.org/10.1097/eja.0000000000001942,2026-03-19,
https://openalex.org/W4390977069,openalex,https://doi.org/10.1017/aee.2023.39,2026-03-19,cc-by
https://openalex.org/W4390987674,openalex,https://doi.org/10.1177/15589250231220359,2026-03-19,cc-by
https://openalex.org/W4391002154,openalex,https://doi.org/10.1016/j.indcrop.2024.118078,2026-03-19,cc-by
https://openalex.org/W4391025033,openalex,https://doi.org/10.3390/su16020873,2026-03-19,cc-by
https://openalex.org/W4391026096,openalex,https://doi.org/10.3390/foods13020318,2026-03-19,cc-by
https://openalex.org/W4391027044,openalex,https://doi.org/10.1016/j.clscn.2024.100142,2026-03-19,cc-by
https://openalex.org/W4391027299,openalex,https://doi.org/10.1108/medar-03-2023-1954,2026-03-19,cc-by
https://openalex.org/W4391027468,openalex,https://doi.org/10.1002/bse.3681,2026-03-19,cc-by
https://openalex.org/W4391029528,openalex,https://doi.org/10.3390/ani14020310,2026-03-19,cc-by
https://openalex.org/W4391030624,openalex,https://doi.org/10.3390/su16020855,2026-03-19,cc-by
https://openalex.org/W4391031653,openalex,https://doi.org/10.1002/adfm.202310226,2026-03-19,
https://openalex.org/W4391033529,openalex,https://doi.org/10.1016/j.jafr.2024.100985,2026-03-19,cc-by-nc-nd
https://openalex.org/W4391033623,openalex,https://doi.org/10.3389/fchem.2024.1327113,2026-03-19,cc-by
https://openalex.org/W4391034358,openalex,https://doi.org/10.3390/su16020854,2026-03-19,cc-by
https://openalex.org/W4391035397,openalex,https://doi.org/10.3233/ip-230015,2026-03-19,
https://openalex.org/W4391043497,openalex,https://doi.org/10.30574/wjarr.2024.21.1.0173,2026-03-19,cc-by-nc-sa
https://openalex.org/W4391045523,openalex,https://doi.org/10.51594/estj.v5i1.731,2026-03-19,cc-by-nc
https://openalex.org/W4391045525,openalex,https://doi.org/10.51594/estj.v5i1.730,2026-03-19,cc-by-nc
https://openalex.org/W4391047192,openalex,https://doi.org/10.1016/j.apenergy.2024.122662,2026-03-19,cc-by
https://openalex.org/W4391049924,openalex,https://doi.org/10.1155/2024/8258624,2026-03-19,cc-by
https://openalex.org/W4391062421,openalex,https://doi.org/10.1016/j.ribaf.2024.102242,2026-03-19,cc-by
https://openalex.org/W4391070968,openalex,https://doi.org/10.1016/j.clscn.2024.100141,2026-03-19,cc-by-nc-nd
https://openalex.org/W4391071256,openalex,https://doi.org/10.1002/eet.2096,2026-03-19,cc-by
https://openalex.org/W4391074014,openalex,https://doi.org/10.1016/j.respol.2023.104950,2026-03-19,cc-by
https://openalex.org/W4391074104,openalex,https://doi.org/10.1016/j.techfore.2023.123203,2026-03-19,cc-by
https://openalex.org/W4391074357,openalex,https://doi.org/10.1016/j.psep.2024.01.045,2026-03-19,cc-by
https://openalex.org/W4391074567,openalex,https://doi.org/10.1016/j.eist.2024.100812,2026-03-19,cc-by-nc
https://openalex.org/W4391097865,openalex,https://doi.org/10.3390/metabo14010074,2026-03-19,cc-by
https://openalex.org/W4391099168,openalex,https://doi.org/10.3390/su16020911,2026-03-19,cc-by
https://openalex.org/W4391102318,openalex,https://doi.org/10.3390/batteries10010038,2026-03-19,cc-by
https://openalex.org/W4391102450,openalex,https://doi.org/10.3390/batteries10010039,2026-03-19,cc-by
https://openalex.org/W4391104810,openalex,https://doi.org/10.1002/adma.202307412,2026-03-19,
https://openalex.org/W4391105181,openalex,https://doi.org/10.1080/15710882.2024.2303115,2026-03-19,cc-by
https://openalex.org/W4391107465,openalex,https://doi.org/10.1002/anie.202318545,2026-03-19,
https://openalex.org/W4391107984,openalex,https://doi.org/10.1002/aisy.202300667,2026-03-19,cc-by
https://openalex.org/W4391115093,openalex,https://doi.org/10.1002/bse.3651,2026-03-19,cc-by-nc
https://openalex.org/W4391115321,openalex,https://doi.org/10.1016/j.seh.2024.100061,2026-03-19,cc-by-nc-nd
https://openalex.org/W4391116336,openalex,https://doi.org/10.1002/adma.202311416,2026-03-19,
https://openalex.org/W4391131066,openalex,https://doi.org/10.3390/su16020934,2026-03-19,cc-by
https://openalex.org/W4391131100,openalex,https://doi.org/10.3390/su16020930,2026-03-19,cc-by
https://openalex.org/W4391131180,openalex,https://doi.org/10.3390/su16030971,2026-03-19,cc-by
https://openalex.org/W4391131339,openalex,https://doi.org/10.3390/su16030976,2026-03-19,cc-by
https://openalex.org/W4391131724,openalex,https://doi.org/10.1016/j.clet.2024.100722,2026-03-19,cc-by-nc-nd
https://openalex.org/W4391132181,openalex,https://doi.org/10.1016/j.plana.2024.100059,2026-03-19,cc-by-nc-nd
https://openalex.org/W4391132895,openalex,https://doi.org/10.1016/j.joitmc.2024.100219,2026-03-19,cc-by-nc-nd
https://openalex.org/W4391134476,openalex,https://doi.org/10.1021/acssuschemeng.3c07202,2026-03-19,cc-by
https://openalex.org/W4391135438,openalex,https://doi.org/10.3390/en17030546,2026-03-19,cc-by
https://openalex.org/W4391142406,openalex,https://doi.org/10.1002/adfm.202314561,2026-03-19,
https://openalex.org/W4391147563,openalex,https://doi.org/10.1016/j.omega.2024.103035,2026-03-19,cc-by-nc
https://openalex.org/W4391150997,openalex,https://doi.org/10.1016/j.xinn.2024.100582,2026-03-19,cc-by-nc-nd
https://openalex.org/W4391153665,openalex,https://doi.org/10.1016/j.clay.2024.107266,2026-03-19,cc-by-nc-nd
https://openalex.org/W4391160816,openalex,https://doi.org/10.1021/acs.est.3c07394,2026-03-19,cc-by-nc-nd
https://openalex.org/W4391167784,openalex,https://doi.org/10.3390/su16030996,2026-03-19,cc-by
https://openalex.org/W4391167817,openalex,https://doi.org/10.1038/s41598-024-52062-y,2026-03-19,cc-by
https://openalex.org/W4391167864,openalex,https://doi.org/10.3390/su16030995,2026-03-19,cc-by
https://openalex.org/W4391168364,openalex,https://doi.org/10.1080/09640568.2023.2297648,2026-03-19,
https://openalex.org/W4391169449,openalex,https://doi.org/10.1108/agjsr-04-2023-0140,2026-03-19,cc-by
https://openalex.org/W4391169954,openalex,https://doi.org/10.3390/lubricants12020033,2026-03-19,cc-by
https://openalex.org/W4391172763,openalex,https://doi.org/10.51594/estj.v5i1.744,2026-03-19,cc-by-nc
https://openalex.org/W4391173571,openalex,https://doi.org/10.1017/sus.2024.4,2026-03-19,cc-by-nc-nd
https://openalex.org/W4391174097,openalex,https://doi.org/10.1039/d3nr05533g,2026-03-19,
https://openalex.org/W4391174395,openalex,https://doi.org/10.3390/agronomy14020239,2026-03-19,cc-by
https://openalex.org/W4391175393,openalex,https://doi.org/10.3390/jcs8020041,2026-03-19,cc-by
https://openalex.org/W4391175846,openalex,https://doi.org/10.3390/resources13020019,2026-03-19,cc-by
https://openalex.org/W4391176708,openalex,https://doi.org/10.1016/j.crsust.2024.100241,2026-03-19,cc-by
https://openalex.org/W4391179568,openalex,https://doi.org/10.1016/j.ijbiomac.2024.129536,2026-03-19,cc-by
https://openalex.org/W4391180502,openalex,https://doi.org/10.1016/j.joitmc.2024.100221,2026-03-19,cc-by-nc-nd
https://openalex.org/W4391214322,openalex,https://doi.org/10.1016/j.ijinfomgt.2024.102754,2026-03-19,cc-by
https://openalex.org/W4391222205,openalex,https://doi.org/10.3390/su16031035,2026-03-19,cc-by
https://openalex.org/W4391223818,openalex,https://doi.org/10.3390/foods13030387,2026-03-19,cc-by
https://openalex.org/W4391224836,openalex,https://doi.org/10.9734/jsrr/2024/v30i21844,2026-03-19,
https://openalex.org/W4391239471,openalex,https://doi.org/10.1080/23311975.2023.2294513,2026-03-19,cc-by
https://openalex.org/W4391242121,openalex,https://doi.org/10.29333/ejmste/14152,2026-03-19,cc-by
https://openalex.org/W4391244133,openalex,https://doi.org/10.1002/bse.3673,2026-03-19,cc-by
https://openalex.org/W4391246448,openalex,https://doi.org/10.1055/a-2240-9414,2026-03-19,
https://openalex.org/W4391247449,openalex,https://doi.org/10.1016/j.nanoen.2024.109336,2026-03-19,cc-by
https://openalex.org/W4391255796,openalex,https://doi.org/10.3390/su16031080,2026-03-19,cc-by
https://openalex.org/W4391258618,openalex,https://doi.org/10.3390/su16031073,2026-03-19,cc-by
https://openalex.org/W4391262175,openalex,https://doi.org/10.3390/su16031076,2026-03-19,cc-by
https://openalex.org/W4391265035,openalex,https://doi.org/10.1016/j.rineng.2024.101822,2026-03-19,cc-by-nc-nd
https://openalex.org/W4391268398,openalex,https://doi.org/10.1108/sampj-07-2023-0455,2026-03-19,cc-by
https://openalex.org/W4391277947,openalex,https://doi.org/10.1057/s41283-023-00138-w,2026-03-19,cc-by
https://openalex.org/W4391282826,openalex,https://doi.org/10.1007/s10973-023-12831-9,2026-03-19,cc-by
https://openalex.org/W4391285291,openalex,https://doi.org/10.30574/wjarr.2024.21.1.0314,2026-03-19,cc-by-nc-sa
https://openalex.org/W4391285295,openalex,https://doi.org/10.30574/wjarr.2024.21.1.0322,2026-03-19,cc-by-nc-sa
https://openalex.org/W4391305123,openalex,https://doi.org/10.1016/j.igd.2024.100133,2026-03-19,cc-by-nc-nd
https://openalex.org/W4391309635,openalex,https://doi.org/10.3390/su16031143,2026-03-19,cc-by
https://openalex.org/W4391310373,openalex,https://doi.org/10.1016/j.ncrops.2024.100013,2026-03-19,cc-by-nc-nd
https://openalex.org/W4391311188,openalex,https://doi.org/10.1039/d3py01177a,2026-03-19,cc-by
https://openalex.org/W4391313218,openalex,https://doi.org/10.3390/buildings14020360,2026-03-19,cc-by
https://openalex.org/W4391315142,openalex,https://doi.org/10.3390/su16031133,2026-03-19,cc-by
https://openalex.org/W4391320299,openalex,https://doi.org/10.1002/csr.2729,2026-03-19,
https://openalex.org/W4391324149,openalex,https://doi.org/10.1002/jsfa.13342,2026-03-19,
https://openalex.org/W4391324153,openalex,https://doi.org/10.3390/cli12020017,2026-03-19,cc-by
https://openalex.org/W4391332961,openalex,https://doi.org/10.1016/j.conbuildmat.2024.135114,2026-03-19,cc-by-nc-nd
https://openalex.org/W4391343806,openalex,https://doi.org/10.1016/j.envc.2024.100854,2026-03-19,cc-by-nc-nd
https://openalex.org/W4391344043,openalex,https://doi.org/10.1016/j.mtsust.2024.100694,2026-03-19,cc-by
https://openalex.org/W4391345353,openalex,https://doi.org/10.1016/j.heliyon.2024.e25483,2026-03-19,cc-by
https://openalex.org/W4391349650,openalex,https://doi.org/10.1016/j.cscee.2024.100639,2026-03-19,cc-by-nc-nd
https://openalex.org/W4391350284,openalex,https://doi.org/10.1080/14735903.2024.2303886,2026-03-19,cc-by
https://openalex.org/W4391353724,openalex,https://doi.org/10.1177/23970022241229037,2026-03-19,cc-by
https://openalex.org/W4391358713,openalex,https://doi.org/10.1002/bse.3692,2026-03-19,cc-by-nc-nd
https://openalex.org/W4391360548,openalex,https://doi.org/10.3390/su16031157,2026-03-19,cc-by
https://openalex.org/W4391361841,openalex,https://doi.org/10.3390/en17030649,2026-03-19,cc-by
https://openalex.org/W4391362652,openalex,https://doi.org/10.3390/su16031172,2026-03-19,cc-by
https://openalex.org/W4391364193,openalex,https://doi.org/10.1016/j.geosus.2024.01.005,2026-03-19,cc-by-nc-nd
https://openalex.org/W4391381204,openalex,https://doi.org/10.1002/sd.2912,2026-03-19,
https://openalex.org/W4391384064,openalex,https://doi.org/10.3390/separations11020046,2026-03-19,cc-by
https://openalex.org/W4391385008,openalex,https://doi.org/10.3390/info15020078,2026-03-19,cc-by
https://openalex.org/W4391385651,openalex,https://doi.org/10.1002/cssc.202301912,2026-03-19,cc-by-nc-nd
https://openalex.org/W4391386381,openalex,https://doi.org/10.3390/su16031192,2026-03-19,cc-by
https://openalex.org/W4391386431,openalex,https://doi.org/10.3390/su16031184,2026-03-19,cc-by
https://openalex.org/W4391392336,openalex,https://doi.org/10.1002/jsc.2569,2026-03-19,cc-by
https://openalex.org/W4391402553,openalex,https://doi.org/10.9734/jsrr/2024/v30i31856,2026-03-19,
https://openalex.org/W4391405681,openalex,https://doi.org/10.1561/101.00000156,2026-03-19,
https://openalex.org/W4391423413,openalex,https://doi.org/10.1002/agj2.21539,2026-03-19,
https://openalex.org/W4391428419,openalex,https://doi.org/10.1126/science.adj6171,2026-03-19,
https://openalex.org/W4391428593,openalex,https://doi.org/10.1111/eufm.12481,2026-03-19,
https://openalex.org/W4391428797,openalex,https://doi.org/10.1016/j.scitotenv.2024.170364,2026-03-19,cc-by-nc-nd
https://openalex.org/W4391430309,openalex,https://doi.org/10.3390/resources13020022,2026-03-19,cc-by
https://openalex.org/W4391430447,openalex,https://doi.org/10.3390/buildings14020402,2026-03-19,cc-by
https://openalex.org/W4391430996,openalex,https://doi.org/10.3390/jrfm17020058,2026-03-19,cc-by
https://openalex.org/W4391431368,openalex,https://doi.org/10.30574/ijsra.2024.11.1.0171,2026-03-19,cc-by
https://openalex.org/W4391433423,openalex,https://doi.org/10.3390/su16031223,2026-03-19,cc-by
https://openalex.org/W4391434482,openalex,https://doi.org/10.3390/polym16030410,2026-03-19,cc-by
https://openalex.org/W4391434955,openalex,https://doi.org/10.9734/jsrr/2024/v30i31861,2026-03-19,
https://openalex.org/W4391444043,openalex,https://doi.org/10.1002/inf2.12530,2026-03-19,cc-by
https://openalex.org/W4391444279,openalex,https://doi.org/10.3389/frsus.2024.1352572,2026-03-19,cc-by
https://openalex.org/W4391444441,openalex,https://doi.org/10.3389/fbuil.2024.1296817,2026-03-19,cc-by
https://openalex.org/W4391448708,openalex,https://doi.org/10.30574/ijsra.2024.11.1.0150,2026-03-19,cc-by
https://openalex.org/W4391450988,openalex,https://doi.org/10.1016/j.kjs.2024.100197,2026-03-19,cc-by
https://openalex.org/W4391451520,openalex,https://doi.org/10.1016/j.jenvman.2024.120138,2026-03-19,cc-by
https://openalex.org/W4391453327,openalex,https://doi.org/10.35534/ism.2024.10003,2026-03-19,cc-by
https://openalex.org/W4391463843,openalex,https://doi.org/10.1016/j.wmb.2024.01.011,2026-03-19,cc-by-nc-nd
https://openalex.org/W4391467053,openalex,https://doi.org/10.1073/pnas.2309852121,2026-03-19,cc-by-nc-nd
https://openalex.org/W4391475057,openalex,https://doi.org/10.1177/10596011241229891,2026-03-19,cc-by
https://openalex.org/W4391475125,openalex,https://doi.org/10.1007/s40820-024-01329-0,2026-03-19,cc-by
https://openalex.org/W4391480459,openalex,https://doi.org/10.1016/j.spc.2024.01.016,2026-03-19,cc-by
https://openalex.org/W4391480872,openalex,https://doi.org/10.3389/fceng.2024.1356021,2026-03-19,cc-by
https://openalex.org/W4391482650,openalex,https://doi.org/10.1002/bse.3699,2026-03-19,cc-by-nc-nd
https://openalex.org/W4391514104,openalex,https://doi.org/10.1016/j.jclepro.2024.140994,2026-03-19,cc-by
https://openalex.org/W4391514118,openalex,https://doi.org/10.1007/s11269-023-03723-6,2026-03-19,cc-by
https://openalex.org/W4391514417,openalex,https://doi.org/10.1016/j.psep.2024.01.106,2026-03-19,cc-by
https://openalex.org/W4391515135,openalex,https://doi.org/10.9734/jeai/2024/v46i22308,2026-03-19,
https://openalex.org/W4391515255,openalex,https://doi.org/10.1016/j.irfa.2024.103111,2026-03-19,cc-by
https://openalex.org/W4391515427,openalex,https://doi.org/10.1016/j.solcom.2024.100068,2026-03-19,cc-by-nc-nd
https://openalex.org/W4391517595,openalex,https://doi.org/10.1016/j.envsci.2024.103684,2026-03-19,cc-by-nc-nd
https://openalex.org/W4391519976,openalex,https://doi.org/10.58968/ms.v2i2.396,2026-03-19,cc-by-nc
https://openalex.org/W4391520068,openalex,https://doi.org/10.56578/jse030101,2026-03-19,cc-by
https://openalex.org/W4391520126,openalex,https://doi.org/10.1080/15440478.2024.2304004,2026-03-19,cc-by
https://openalex.org/W4391531785,openalex,https://doi.org/10.3390/su16031340,2026-03-19,cc-by
https://openalex.org/W4391535684,openalex,https://doi.org/10.3390/su16031309,2026-03-19,cc-by
https://openalex.org/W4391535869,openalex,https://doi.org/10.1007/s10980-024-01802-6,2026-03-19,cc-by
https://openalex.org/W4391536650,openalex,https://doi.org/10.1108/tr-09-2023-0609,2026-03-19,cc-by
https://openalex.org/W4391537364,openalex,https://doi.org/10.3389/fsufs.2024.1334801,2026-03-19,cc-by
https://openalex.org/W4391537695,openalex,https://doi.org/10.3389/feduc.2024.1291669,2026-03-19,cc-by
https://openalex.org/W4391538934,openalex,https://doi.org/10.3390/su16031321,2026-03-19,cc-by
https://openalex.org/W4391539003,openalex,https://doi.org/10.3390/su16031314,2026-03-19,cc-by
https://openalex.org/W4391539473,openalex,https://doi.org/10.1016/j.jclepro.2024.141111,2026-03-19,cc-by-nc-nd
https://openalex.org/W4391542161,openalex,https://doi.org/10.3390/ani14030510,2026-03-19,cc-by
https://openalex.org/W4391544053,openalex,https://doi.org/10.1088/2631-8695/ad2640,2026-03-19,cc-by-nc-nd
https://openalex.org/W4391553672,openalex,https://doi.org/10.1016/j.envsci.2024.103690,2026-03-19,cc-by-nc-nd
https://openalex.org/W4391554477,openalex,https://doi.org/10.1016/j.esr.2024.101301,2026-03-19,cc-by
https://openalex.org/W4391556213,openalex,https://doi.org/10.3390/su16031338,2026-03-19,cc-by
https://openalex.org/W4391559162,openalex,https://doi.org/10.1016/j.eist.2024.100821,2026-03-19,cc-by
https://openalex.org/W4391559436,openalex,https://doi.org/10.1016/j.heliyon.2024.e25681,2026-03-19,cc-by-nc-nd
https://openalex.org/W4391560927,openalex,https://doi.org/10.3390/mi15020245,2026-03-19,cc-by
https://openalex.org/W4391561186,openalex,https://doi.org/10.3390/su16041390,2026-03-19,cc-by
https://openalex.org/W4391565104,openalex,https://doi.org/10.3390/en17040767,2026-03-19,cc-by
https://openalex.org/W4391566264,openalex,https://doi.org/10.1007/s11334-023-00548-9,2026-03-19,cc-by
https://openalex.org/W4391566703,openalex,https://doi.org/10.3390/buildings14020446,2026-03-19,cc-by
https://openalex.org/W4391567182,openalex,https://doi.org/10.3390/su16041374,2026-03-19,cc-by
https://openalex.org/W4391571634,openalex,https://doi.org/10.58812/wsis.v2i01.609,2026-03-19,cc-by-sa
https://openalex.org/W4391575964,openalex,https://doi.org/10.3390/su16041372,2026-03-19,cc-by
https://openalex.org/W4391576182,openalex,https://doi.org/10.3390/su16041364,2026-03-19,cc-by
https://openalex.org/W4391576348,openalex,https://doi.org/10.3390/electronics13040676,2026-03-19,cc-by
https://openalex.org/W4391576639,openalex,https://doi.org/10.26034/cm.jostrans.2024.4706,2026-03-19,cc-by
https://openalex.org/W4391579202,openalex,https://doi.org/10.3390/horticulturae10020154,2026-03-19,cc-by
https://openalex.org/W4391601999,openalex,https://doi.org/10.1016/j.apmrv.2024.01.001,2026-03-19,cc-by
https://openalex.org/W4391605417,openalex,https://doi.org/10.3390/su16041393,2026-03-19,cc-by
https://openalex.org/W4391607821,openalex,https://doi.org/10.1002/tie.22369,2026-03-19,cc-by
https://openalex.org/W4391608147,openalex,https://doi.org/10.1002/advs.202308666,2026-03-19,cc-by
https://openalex.org/W4391610528,openalex,https://doi.org/10.26803/ijlter.23.1.25,2026-03-19,cc-by-nc-nd
https://openalex.org/W4391612710,openalex,https://doi.org/10.1016/j.adapen.2024.100164,2026-03-19,cc-by
https://openalex.org/W4391613563,openalex,https://doi.org/10.1002/pa.2908,2026-03-19,
https://openalex.org/W4391618339,openalex,https://doi.org/10.4018/joeuc.337606,2026-03-19,cc-by
https://openalex.org/W4391627292,openalex,https://doi.org/10.1016/j.resconrec.2024.107465,2026-03-19,cc-by
https://openalex.org/W4391628361,openalex,https://doi.org/10.1016/j.jbusres.2024.114547,2026-03-19,cc-by
https://openalex.org/W4391630759,openalex,https://doi.org/10.3390/s24041091,2026-03-19,cc-by
https://openalex.org/W4391637162,openalex,https://doi.org/10.1021/acs.est.4c00955,2026-03-19,
https://openalex.org/W4391642328,openalex,https://doi.org/10.1080/17518253.2024.2312848,2026-03-19,cc-by
https://openalex.org/W4391644204,openalex,https://doi.org/10.1108/jfbm-01-2024-0001,2026-03-19,
https://openalex.org/W4391644738,openalex,https://doi.org/10.3390/en17040807,2026-03-19,cc-by
https://openalex.org/W4391645838,openalex,https://doi.org/10.1007/s43621-024-00196-4,2026-03-19,cc-by
https://openalex.org/W4391650393,openalex,https://doi.org/10.51594/estj.v5i2.762,2026-03-19,cc-by-nc
https://openalex.org/W4391651465,openalex,https://doi.org/10.3390/su16041433,2026-03-19,cc-by
https://openalex.org/W4391653442,openalex,https://doi.org/10.1038/s41467-024-44812-3,2026-03-19,cc-by
https://openalex.org/W4391654738,openalex,https://doi.org/10.1007/s43621-024-00184-8,2026-03-19,cc-by
https://openalex.org/W4391656162,openalex,https://doi.org/10.3390/foods13040521,2026-03-19,cc-by
https://openalex.org/W4391659535,openalex,https://doi.org/10.1002/adma.202312880,2026-03-19,
https://openalex.org/W4391660465,openalex,https://doi.org/10.1039/d3ra08680a,2026-03-19,cc-by
https://openalex.org/W4391660525,openalex,https://doi.org/10.1002/fes3.534,2026-03-19,cc-by
https://openalex.org/W4391671392,openalex,https://doi.org/10.1016/j.jncc.2024.01.006,2026-03-19,cc-by-nc-nd
https://openalex.org/W4391672446,openalex,https://doi.org/10.1016/j.watres.2024.121248,2026-03-19,cc-by
https://openalex.org/W4391684390,openalex,https://doi.org/10.3390/su16041484,2026-03-19,cc-by
https://openalex.org/W4391684546,openalex,https://doi.org/10.3390/cleantechnol6010011,2026-03-19,cc-by
https://openalex.org/W4391684617,openalex,https://doi.org/10.3390/su16041483,2026-03-19,cc-by
https://openalex.org/W4391684882,openalex,https://doi.org/10.3390/su16041455,2026-03-19,cc-by
https://openalex.org/W4391684894,openalex,https://doi.org/10.3390/su16041453,2026-03-19,cc-by
https://openalex.org/W4391685625,openalex,https://doi.org/10.1111/joms.13055,2026-03-19,cc-by
https://openalex.org/W4391686855,openalex,https://doi.org/10.1002/sd.2924,2026-03-19,
https://openalex.org/W4391687182,openalex,https://doi.org/10.1002/aenm.202304006,2026-03-19,
https://openalex.org/W4391692748,openalex,https://doi.org/10.3390/wevj15020060,2026-03-19,cc-by
https://openalex.org/W4391694369,openalex,https://doi.org/10.1016/j.ibusrev.2024.102259,2026-03-19,cc-by-nc-nd
https://openalex.org/W4391708114,openalex,https://doi.org/10.1016/j.still.2024.106036,2026-03-19,cc-by-nc-nd
https://openalex.org/W4391715760,openalex,https://doi.org/10.1016/j.heliyon.2024.e25788,2026-03-19,
https://openalex.org/W4391716671,openalex,https://doi.org/10.1038/s41467-024-45534-2,2026-03-19,cc-by
https://openalex.org/W4391722482,openalex,https://doi.org/10.1080/17449480.2024.2312145,2026-03-19,
https://openalex.org/W4391730974,openalex,https://doi.org/10.1016/j.ijhydene.2024.02.038,2026-03-19,cc-by
https://openalex.org/W4391734369,openalex,https://doi.org/10.22214/ijraset.2024.58346,2026-03-19,
https://openalex.org/W4391735492,openalex,https://doi.org/10.1016/j.jobe.2024.108765,2026-03-19,cc-by-nc-nd
https://openalex.org/W4391738041,openalex,https://doi.org/10.1016/j.jafr.2024.101035,2026-03-19,cc-by
https://openalex.org/W4391738603,openalex,https://doi.org/10.1111/obr.13707,2026-03-19,cc-by
https://openalex.org/W4391743541,openalex,https://doi.org/10.1016/j.buildenv.2024.111295,2026-03-19,cc-by
https://openalex.org/W4391746506,openalex,https://doi.org/10.3390/membranes14020052,2026-03-19,cc-by
https://openalex.org/W4391748419,openalex,https://doi.org/10.3390/su16041533,2026-03-19,cc-by
https://openalex.org/W4391748426,openalex,https://doi.org/10.3390/su16041526,2026-03-19,cc-by
https://openalex.org/W4391748463,openalex,https://doi.org/10.3390/su16041519,2026-03-19,cc-by
https://openalex.org/W4391749751,openalex,https://doi.org/10.1016/j.stress.2024.100399,2026-03-19,cc-by-nc-nd
https://openalex.org/W4391752135,openalex,https://doi.org/10.3390/su16041540,2026-03-19,cc-by
https://openalex.org/W4391752231,openalex,https://doi.org/10.3390/s24041162,2026-03-19,cc-by
https://openalex.org/W4391752845,openalex,https://doi.org/10.3390/buildings14020494,2026-03-19,cc-by
https://openalex.org/W4391752897,openalex,https://doi.org/10.1002/adma.202314095,2026-03-19,
https://openalex.org/W4391754237,openalex,https://doi.org/10.3390/foods13040553,2026-03-19,cc-by
https://openalex.org/W4391754433,openalex,https://doi.org/10.1080/09669582.2024.2316298,2026-03-19,
https://openalex.org/W4391765491,openalex,https://doi.org/10.1109/mpel.2024.3356248,2026-03-19,
https://openalex.org/W4391771585,openalex,https://doi.org/10.1021/acsagscitech.3c00426,2026-03-19,cc-by-nc-nd
https://openalex.org/W4391774283,openalex,https://doi.org/10.1016/j.iswa.2024.200333,2026-03-19,cc-by
https://openalex.org/W4391779629,openalex,https://doi.org/10.1080/23311975.2024.2313672,2026-03-19,cc-by
https://openalex.org/W4391779984,openalex,https://doi.org/10.1080/23311975.2024.2303789,2026-03-19,cc-by
https://openalex.org/W4391780834,openalex,https://doi.org/10.1016/j.mtsust.2024.100712,2026-03-19,cc-by
https://openalex.org/W4391780867,openalex,https://doi.org/10.1002/csr.2741,2026-03-19,cc-by-nc
https://openalex.org/W4391783371,openalex,https://doi.org/10.1016/j.scitotenv.2024.170930,2026-03-19,cc-by
https://openalex.org/W4391784388,openalex,https://doi.org/10.3389/fsufs.2024.1347116,2026-03-19,cc-by
https://openalex.org/W4391785525,openalex,https://doi.org/10.3390/su16041563,2026-03-19,cc-by
https://openalex.org/W4391789545,openalex,https://doi.org/10.1080/10106049.2024.2306275,2026-03-19,
https://openalex.org/W4391804837,openalex,https://doi.org/10.1016/j.rser.2024.114322,2026-03-19,cc-by
https://openalex.org/W4391805043,openalex,https://doi.org/10.1016/j.enconman.2024.118186,2026-03-19,cc-by-nc-nd
https://openalex.org/W4391807067,openalex,https://doi.org/10.1177/10591478241235004,2026-03-19,cc-by
https://openalex.org/W4391813241,openalex,https://doi.org/10.3390/polym16040514,2026-03-19,cc-by
https://openalex.org/W4391813382,openalex,https://doi.org/10.3390/su16041583,2026-03-19,cc-by
https://openalex.org/W4391813403,openalex,https://doi.org/10.3390/su16041592,2026-03-19,cc-by
https://openalex.org/W4391813601,openalex,https://doi.org/10.1080/19407963.2024.2314514,2026-03-19,cc-by
https://openalex.org/W4391813739,openalex,https://doi.org/10.3390/molecules29040834,2026-03-19,cc-by
https://openalex.org/W4391814624,openalex,https://doi.org/10.1186/s42055-024-00076-9,2026-03-19,cc-by
https://openalex.org/W4391815398,openalex,https://doi.org/10.1002/cssc.202301921,2026-03-19,cc-by-nc-nd
https://openalex.org/W4391817464,openalex,https://doi.org/10.1002/eap.2948,2026-03-19,
https://openalex.org/W4391819712,openalex,https://doi.org/10.30574/gscarr.2024.18.2.0060,2026-03-19,cc-by-nc-sa
https://openalex.org/W4391823672,openalex,https://doi.org/10.3390/su16041604,2026-03-19,cc-by
https://openalex.org/W4391830763,openalex,https://doi.org/10.1016/j.conbuildmat.2024.135213,2026-03-19,cc-by
https://openalex.org/W4391831870,openalex,https://doi.org/10.1080/23311975.2023.2298215,2026-03-19,cc-by
https://openalex.org/W4391837157,openalex,https://doi.org/10.9734/jsrr/2024/v30i31871,2026-03-19,
https://openalex.org/W4391837163,openalex,https://doi.org/10.1016/j.jclepro.2024.141232,2026-03-19,cc-by-nc-nd
https://openalex.org/W4391838804,openalex,https://doi.org/10.1073/pnas.2215674121,2026-03-19,cc-by
https://openalex.org/W4391839397,openalex,https://doi.org/10.1021/acscatal.3c05388,2026-03-19,cc-by
https://openalex.org/W4391839690,openalex,https://doi.org/10.3390/antiox13020239,2026-03-19,cc-by
https://openalex.org/W4391841100,openalex,https://doi.org/10.1007/s10980-024-01834-y,2026-03-19,cc-by
https://openalex.org/W4391841511,openalex,https://doi.org/10.1177/00420980241227807,2026-03-19,cc-by
https://openalex.org/W4391844775,openalex,https://doi.org/10.3390/su16041621,2026-03-19,cc-by
https://openalex.org/W4391847225,openalex,https://doi.org/10.1080/15487733.2024.2312682,2026-03-19,
https://openalex.org/W4391849224,openalex,https://doi.org/10.1016/j.cell.2024.01.029,2026-03-19,cc-by
https://openalex.org/W4391867213,openalex,https://doi.org/10.1108/yc-06-2023-1765,2026-03-19,cc-by
https://openalex.org/W4391880865,openalex,https://doi.org/10.3389/fnano.2024.1346069,2026-03-19,cc-by
https://openalex.org/W4391882467,openalex,https://doi.org/10.1111/raq.12894,2026-03-19,cc-by
https://openalex.org/W4391883395,openalex,https://doi.org/10.3390/nu16040546,2026-03-19,cc-by
https://openalex.org/W4391884660,openalex,https://doi.org/10.3390/jtaer19010021,2026-03-19,cc-by
https://openalex.org/W4391885076,openalex,https://doi.org/10.1038/s41598-024-53760-3,2026-03-19,cc-by
https://openalex.org/W4391887976,openalex,https://doi.org/10.1016/j.oneear.2024.01.014,2026-03-19,cc-by
https://openalex.org/W4391888424,openalex,https://doi.org/10.1016/j.ymben.2024.02.004,2026-03-19,cc-by
https://openalex.org/W4391897048,openalex,https://doi.org/10.9734/jabb/2024/v27i2697,2026-03-19,
https://openalex.org/W4391898477,openalex,https://doi.org/10.51594/estj.v5i2.806,2026-03-19,cc-by-nc
https://openalex.org/W4391900141,openalex,https://doi.org/10.1016/j.atech.2024.100416,2026-03-19,cc-by-nc-nd
https://openalex.org/W4391906015,openalex,https://doi.org/10.30574/wjaets.2024.11.1.0052,2026-03-19,cc-by
https://openalex.org/W4391906020,openalex,https://doi.org/10.30574/wjaets.2024.11.1.0051,2026-03-19,cc-by
https://openalex.org/W4391906057,openalex,https://doi.org/10.30574/wjarr.2024.21.2.0519,2026-03-19,cc-by-nc-sa
https://openalex.org/W4391906120,openalex,https://doi.org/10.30574/ijsra.2024.11.1.0289,2026-03-19,cc-by
https://openalex.org/W4391906543,openalex,https://doi.org/10.1016/j.scitotenv.2024.170846,2026-03-19,cc-by
https://openalex.org/W4391913342,openalex,https://doi.org/10.1016/j.greeac.2024.100103,2026-03-19,cc-by-nc-nd
https://openalex.org/W4391913762,openalex,https://doi.org/10.1093/jopart/muae005,2026-03-19,public-domain
https://openalex.org/W4391914603,openalex,https://doi.org/10.1016/j.tourman.2024.104907,2026-03-19,cc-by
https://openalex.org/W4391915727,openalex,https://doi.org/10.1016/j.biteb.2024.101789,2026-03-19,cc-by
https://openalex.org/W4391917929,openalex,https://doi.org/10.30574/ijsra.2024.11.1.0288,2026-03-19,cc-by
https://openalex.org/W4391922015,openalex,https://doi.org/10.60087/jaigs.v3i1.64,2026-03-19,cc-by
https://openalex.org/W4391925099,openalex,https://doi.org/10.3390/jmse12020353,2026-03-19,cc-by
https://openalex.org/W4391926108,openalex,https://doi.org/10.61435/ijred.2024.60119,2026-03-19,cc-by-sa
https://openalex.org/W4391927761,openalex,https://doi.org/10.3390/su16041680,2026-03-19,cc-by
https://openalex.org/W4391929264,openalex,https://doi.org/10.1002/sd.2935,2026-03-19,cc-by
https://openalex.org/W4391932422,openalex,https://doi.org/10.1038/s41893-024-01290-1,2026-03-19,cc-by
https://openalex.org/W4391935316,openalex,https://doi.org/10.2991/978-94-6463-374-0_73,2026-03-19,cc-by-nc
https://openalex.org/W4391938679,openalex,https://doi.org/10.1016/j.horiz.2024.100093,2026-03-19,cc-by-nc-nd
https://openalex.org/W4391945389,openalex,https://doi.org/10.1186/s11671-024-03965-2,2026-03-19,cc-by
https://openalex.org/W4391947321,openalex,https://doi.org/10.3390/su16041661,2026-03-19,cc-by
https://openalex.org/W4391959235,openalex,https://doi.org/10.1073/pnas.2317394121,2026-03-19,cc-by-nc-nd
https://openalex.org/W4391962939,openalex,https://doi.org/10.1093/genetics/iyae007,2026-03-19,cc-by
https://openalex.org/W4391965895,openalex,https://doi.org/10.30574/wjaets.2024.11.1.0058,2026-03-19,cc-by
https://openalex.org/W4391967483,openalex,https://doi.org/10.3390/w16040601,2026-03-19,cc-by
https://openalex.org/W4391968967,openalex,https://doi.org/10.3390/su16051717,2026-03-19,cc-by
https://openalex.org/W4391970415,openalex,https://doi.org/10.1038/s41431-024-01555-5,2026-03-19,cc-by
https://openalex.org/W4391971534,openalex,https://doi.org/10.1021/acsnano.3c10827,2026-03-19,cc-by
https://openalex.org/W4391972644,openalex,https://doi.org/10.3390/su16051741,2026-03-19,cc-by
https://openalex.org/W4391972885,openalex,https://doi.org/10.1016/j.heliyon.2024.e26573,2026-03-19,cc-by
https://openalex.org/W4391979284,openalex,https://doi.org/10.30574/ijsra.2024.11.1.0306,2026-03-19,cc-by
https://openalex.org/W4391982892,openalex,https://doi.org/10.3390/pr12020417,2026-03-19,cc-by
https://openalex.org/W4391984529,openalex,https://doi.org/10.3390/electronics13050820,2026-03-19,cc-by
https://openalex.org/W4391988937,openalex,https://doi.org/10.3390/admsci14020036,2026-03-19,cc-by
https://openalex.org/W4391994633,openalex,https://doi.org/10.47205/plhr.2024(8-i)38,2026-03-19,cc-by-nc
https://openalex.org/W4391994869,openalex,https://doi.org/10.3390/applmicrobiol4010029,2026-03-19,cc-by
https://openalex.org/W4391995717,openalex,https://doi.org/10.1002/cey2.483,2026-03-19,cc-by
https://openalex.org/W4392002143,openalex,https://doi.org/10.3389/fsufs.2024.1307210,2026-03-19,cc-by
https://openalex.org/W4392003298,openalex,https://doi.org/10.1108/jabes-05-2023-0149,2026-03-19,cc-by
https://openalex.org/W4392004295,openalex,https://doi.org/10.1080/23311975.2024.2316954,2026-03-19,cc-by
https://openalex.org/W4392010764,openalex,https://doi.org/10.1016/j.conbuildmat.2024.135474,2026-03-19,cc-by-nc
https://openalex.org/W4392014683,openalex,https://doi.org/10.1080/01559982.2024.2301854,2026-03-19,cc-by
https://openalex.org/W4392015665,openalex,https://doi.org/10.3390/su16051779,2026-03-19,cc-by
https://openalex.org/W4392022522,openalex,https://doi.org/10.1093/brain/awae060,2026-03-19,
https://openalex.org/W4392028710,openalex,https://doi.org/10.1016/j.jobe.2024.108861,2026-03-19,cc-by-nc-nd
https://openalex.org/W4392028791,openalex,https://doi.org/10.1016/j.esci.2024.100248,2026-03-19,cc-by-nc-nd
https://openalex.org/W4392031520,openalex,https://doi.org/10.3390/educsci14030226,2026-03-19,cc-by
https://openalex.org/W4392046035,openalex,https://doi.org/10.1080/13636820.2024.2320911,2026-03-19,
https://openalex.org/W4392048824,openalex,https://doi.org/10.1021/acssusresmgt.4c00046,2026-03-19,
https://openalex.org/W4392058746,openalex,https://doi.org/10.3390/economies12030054,2026-03-19,cc-by
https://openalex.org/W4392059711,openalex,https://doi.org/10.1016/j.isci.2024.109154,2026-03-19,cc-by
https://openalex.org/W4392060582,openalex,https://doi.org/10.1039/d4su00027g,2026-03-19,cc-by
https://openalex.org/W4392077419,openalex,https://doi.org/10.1016/j.ins.2024.120326,2026-03-19,cc-by
https://openalex.org/W4392078916,openalex,https://doi.org/10.1016/j.trd.2024.104117,2026-03-19,cc-by
https://openalex.org/W4392079285,openalex,https://doi.org/10.1016/j.heliyon.2024.e26823,2026-03-19,cc-by
https://openalex.org/W4392081118,openalex,https://doi.org/10.9734/ajraf/2024/v10i1271,2026-03-19,cc-by
https://openalex.org/W4392086469,openalex,https://doi.org/10.1016/j.ecoinf.2024.102532,2026-03-19,cc-by
https://openalex.org/W4392096042,openalex,https://doi.org/10.3390/nano14050414,2026-03-19,cc-by
https://openalex.org/W4392096933,openalex,https://doi.org/10.3390/a17030098,2026-03-19,cc-by
https://openalex.org/W4392101962,openalex,https://doi.org/10.3390/ma17051032,2026-03-19,cc-by
https://openalex.org/W4392102269,openalex,https://doi.org/10.22271/27067483.2024.v6.i1c.219,2026-03-19,
https://openalex.org/W4392104626,openalex,https://doi.org/10.1108/scm-01-2023-0047,2026-03-19,cc-by
https://openalex.org/W4392108665,openalex,https://doi.org/10.3389/fspor.2024.1224932,2026-03-19,cc-by
https://openalex.org/W4392109617,openalex,https://doi.org/10.1177/00380385241231737,2026-03-19,cc-by-nc
https://openalex.org/W4392111050,openalex,https://doi.org/10.3390/ceramics7010019,2026-03-19,cc-by
https://openalex.org/W4392113761,openalex,https://doi.org/10.1039/d3gc03756h,2026-03-19,cc-by-nc
https://openalex.org/W4392119017,openalex,https://doi.org/10.1016/j.techfore.2024.123283,2026-03-19,cc-by-nc-nd
https://openalex.org/W4392120948,openalex,https://doi.org/10.48550/arxiv.2402.14596,2026-03-19,
https://openalex.org/W4392124217,openalex,https://doi.org/10.1016/j.sca.2024.100060,2026-03-19,cc-by-nc
https://openalex.org/W4392131425,openalex,https://doi.org/10.1002/sd.2936,2026-03-19,cc-by
https://openalex.org/W4392133593,openalex,https://doi.org/10.1016/j.bir.2024.02.010,2026-03-19,cc-by-nc-nd
https://openalex.org/W4392135420,openalex,https://doi.org/10.59717/j.xinn-energy.2024.100014,2026-03-19,cc-by
https://openalex.org/W4392137836,openalex,https://doi.org/10.1016/j.ijbiomac.2024.130374,2026-03-19,cc-by
https://openalex.org/W4392138259,openalex,https://doi.org/10.1016/j.seps.2024.101848,2026-03-19,cc-by-nc-nd
https://openalex.org/W4392139350,openalex,https://doi.org/10.2224/sbp.12982,2026-03-19,
https://openalex.org/W4392143726,openalex,https://doi.org/10.51594/estj.v5i2.829,2026-03-19,cc-by-nc
https://openalex.org/W4392143775,openalex,https://doi.org/10.1002/mame.202400013,2026-03-19,cc-by
https://openalex.org/W4392154978,openalex,https://doi.org/10.3390/pr12030473,2026-03-19,cc-by
https://openalex.org/W4392155762,openalex,https://doi.org/10.1080/10291954.2024.2306701,2026-03-19,cc-by
https://openalex.org/W4392156112,openalex,https://doi.org/10.1007/s10853-024-09447-1,2026-03-19,cc-by
https://openalex.org/W4392162079,openalex,https://doi.org/10.3390/bacteria3010002,2026-03-19,cc-by
https://openalex.org/W4392162150,openalex,https://doi.org/10.3390/heritage7030056,2026-03-19,cc-by
https://openalex.org/W4392162479,openalex,https://doi.org/10.3390/foods13050711,2026-03-19,cc-by
https://openalex.org/W4392163135,openalex,https://doi.org/10.3390/su16051901,2026-03-19,cc-by
https://openalex.org/W4392163765,openalex,https://doi.org/10.3390/machines12030159,2026-03-19,cc-by
https://openalex.org/W4392164072,openalex,https://doi.org/10.3390/su16051864,2026-03-19,cc-by
https://openalex.org/W4392166661,openalex,https://doi.org/10.3390/su16051917,2026-03-19,cc-by
https://openalex.org/W4392167697,openalex,https://doi.org/10.3390/en17051085,2026-03-19,cc-by
https://openalex.org/W4392168145,openalex,https://doi.org/10.1007/s12892-024-00235-6,2026-03-19,cc-by
https://openalex.org/W4392169541,openalex,https://doi.org/10.60087/jaigs.v1i1.p12,2026-03-19,cc-by
https://openalex.org/W4392179309,openalex,https://doi.org/10.1108/ijshe-07-2022-0242,2026-03-19,cc-by
https://openalex.org/W4392179832,openalex,https://doi.org/10.1016/j.horiz.2024.100099,2026-03-19,cc-by-nc-nd
https://openalex.org/W4392180691,openalex,https://doi.org/10.1016/j.ijhydene.2024.02.247,2026-03-19,cc-by
https://openalex.org/W4392181048,openalex,https://doi.org/10.1007/s11625-024-01475-9,2026-03-19,cc-by
https://openalex.org/W4392191303,openalex,https://doi.org/10.1148/radiol.232030,2026-03-19,
https://openalex.org/W4392193499,openalex,https://doi.org/10.1111/ppl.14226,2026-03-19,cc-by-nc-nd
https://openalex.org/W4392195345,openalex,https://doi.org/10.1016/j.watres.2024.121388,2026-03-19,cc-by
https://openalex.org/W4392196529,openalex,https://doi.org/10.1111/beer.12668,2026-03-19,cc-by
https://openalex.org/W4392196619,openalex,https://doi.org/10.37349/eds.2024.00036,2026-03-19,cc-by
https://openalex.org/W4392213884,openalex,https://doi.org/10.1016/j.ecolecon.2024.108145,2026-03-19,cc-by
https://openalex.org/W4392232297,openalex,https://doi.org/10.3390/foods13050733,2026-03-19,cc-by
https://openalex.org/W4392233281,openalex,https://doi.org/10.3390/su16051991,2026-03-19,cc-by
https://openalex.org/W4392233772,openalex,https://doi.org/10.1007/s10551-024-05617-y,2026-03-19,cc-by
https://openalex.org/W4392235409,openalex,https://doi.org/10.3389/fenvs.2024.1348994,2026-03-19,cc-by
https://openalex.org/W4392239815,openalex,https://doi.org/10.30574/wjarr.2024.21.2.0620,2026-03-19,cc-by-nc-sa
https://openalex.org/W4392245147,openalex,https://doi.org/10.1016/j.envc.2024.100878,2026-03-19,cc-by
https://openalex.org/W4392245288,openalex,https://doi.org/10.1016/j.heliyon.2024.e26507,2026-03-19,
https://openalex.org/W4392247346,openalex,https://doi.org/10.1016/j.algal.2024.103444,2026-03-19,cc-by-nc-nd
https://openalex.org/W4392267187,openalex,https://doi.org/10.1016/j.esr.2024.101330,2026-03-19,cc-by
https://openalex.org/W4392280782,openalex,https://doi.org/10.1021/acssuschemeng.3c07435,2026-03-19,cc-by
https://openalex.org/W4392282687,openalex,https://doi.org/10.1038/s41598-024-55603-7,2026-03-19,cc-by
https://openalex.org/W4392289693,openalex,https://doi.org/10.3389/fpsyg.2024.1323910,2026-03-19,cc-by
https://openalex.org/W4392291835,openalex,https://doi.org/10.55643/fcaptp.1.54.2024.4248,2026-03-19,cc-by
https://openalex.org/W4392293717,openalex,https://doi.org/10.1016/j.ecolind.2024.111816,2026-03-19,cc-by-nc-nd
https://openalex.org/W4392293744,openalex,https://doi.org/10.1016/j.ecolind.2024.111708,2026-03-19,cc-by
https://openalex.org/W4392295809,openalex,https://doi.org/10.1002/cey2.492,2026-03-19,cc-by
https://openalex.org/W4392296122,openalex,https://doi.org/10.1021/acsomega.3c09564,2026-03-19,
https://openalex.org/W4392299711,openalex,https://doi.org/10.60087/jaigs.v2i1.p57,2026-03-19,cc-by
https://openalex.org/W4392304624,openalex,https://doi.org/10.1007/s42452-024-05683-x,2026-03-19,cc-by
https://openalex.org/W4392309265,openalex,https://doi.org/10.1109/access.2024.3371511,2026-03-19,cc-by
https://openalex.org/W4392337707,openalex,https://doi.org/10.1016/j.rse.2024.114079,2026-03-19,cc-by
https://openalex.org/W4392342579,openalex,https://doi.org/10.62225/2583049x.2024.4.2.2432,2026-03-19,
https://openalex.org/W4392342773,openalex,https://doi.org/10.1002/bse.3720,2026-03-19,cc-by-nc-nd
https://openalex.org/W4392343567,openalex,https://doi.org/10.1177/09713557241232246,2026-03-19,cc-by-nc
https://openalex.org/W4392345941,openalex,https://doi.org/10.1080/27658511.2024.2324572,2026-03-19,cc-by
https://openalex.org/W4392348196,openalex,https://doi.org/10.1007/s12144-024-05741-y,2026-03-19,cc-by
https://openalex.org/W4392349515,openalex,https://doi.org/10.1016/j.jenvp.2024.102270,2026-03-19,cc-by
https://openalex.org/W4392350858,openalex,https://doi.org/10.1093/ce/zkae002,2026-03-19,cc-by
https://openalex.org/W4392356758,openalex,https://doi.org/10.3390/gels10030174,2026-03-19,cc-by
https://openalex.org/W4392357074,openalex,https://doi.org/10.3390/su16052058,2026-03-19,cc-by
https://openalex.org/W4392357330,openalex,https://doi.org/10.3390/su16052064,2026-03-19,cc-by
https://openalex.org/W4392357391,openalex,https://doi.org/10.1002/csr.2761,2026-03-19,
https://openalex.org/W4392358105,openalex,https://doi.org/10.3389/fsoc.2024.1344704,2026-03-19,cc-by
https://openalex.org/W4392360239,openalex,https://doi.org/10.3390/wevj15030093,2026-03-19,cc-by
https://openalex.org/W4392361322,openalex,https://doi.org/10.1016/j.psep.2024.02.079,2026-03-19,cc-by
https://openalex.org/W4392362027,openalex,https://doi.org/10.1016/j.jclepro.2024.141629,2026-03-19,cc-by-nc-nd
https://openalex.org/W4392365599,openalex,https://doi.org/10.1111/ijcs.13034,2026-03-19,
https://openalex.org/W4392365672,openalex,https://doi.org/10.1111/1477-8947.12423,2026-03-19,
https://openalex.org/W4392366601,openalex,https://doi.org/10.1016/j.wmb.2024.02.009,2026-03-19,cc-by-nc-nd
https://openalex.org/W4392370252,openalex,https://doi.org/10.1161/cir.0000000000001217,2026-03-19,
https://openalex.org/W4392371912,openalex,https://doi.org/10.1111/agec.12826,2026-03-19,
https://openalex.org/W4392373530,openalex,https://doi.org/10.47760/ijpsm.2024.v09i02.007,2026-03-19,
https://openalex.org/W4392373731,openalex,https://doi.org/10.20944/preprints202402.1600.v1,2026-03-19,cc-by
https://openalex.org/W4392374384,openalex,https://doi.org/10.3390/en17051213,2026-03-19,cc-by
https://openalex.org/W4392374449,openalex,https://doi.org/10.1016/j.jclepro.2024.141634,2026-03-19,cc-by
https://openalex.org/W4392374886,openalex,https://doi.org/10.9734/jgeesi/2024/v28i3755,2026-03-19,
https://openalex.org/W4392375657,openalex,https://doi.org/10.3390/su16052098,2026-03-19,cc-by
https://openalex.org/W4392385798,openalex,https://doi.org/10.1177/10596011241238792,2026-03-19,cc-by
https://openalex.org/W4392385859,openalex,https://doi.org/10.3390/su16052060,2026-03-19,cc-by
https://openalex.org/W4392386442,openalex,https://doi.org/10.30574/msarr.2024.10.1.0029,2026-03-19,cc-by-nc-sa
https://openalex.org/W4392386842,openalex,https://doi.org/10.1007/s42114-024-00863-0,2026-03-19,cc-by
https://openalex.org/W4392387614,openalex,https://doi.org/10.3390/analytics3010008,2026-03-19,cc-by
https://openalex.org/W4392388479,openalex,https://doi.org/10.1016/j.fbio.2024.103835,2026-03-19,cc-by-nc-nd
https://openalex.org/W4392392716,openalex,https://doi.org/10.52970/grmilf.v4i1.351,2026-03-19,cc-by-sa
https://openalex.org/W4392395190,openalex,https://doi.org/10.1039/d3sc06122a,2026-03-19,cc-by-nc
https://openalex.org/W4392401693,openalex,https://doi.org/10.3389/fpls.2024.1364807,2026-03-19,cc-by
https://openalex.org/W4392406130,openalex,https://doi.org/10.1039/d4fb00028e,2026-03-19,cc-by
https://openalex.org/W4392431627,openalex,https://doi.org/10.30574/wjarr.2024.21.3.0659,2026-03-19,cc-by-nc-sa
https://openalex.org/W4392431673,openalex,https://doi.org/10.30574/wjarr.2024.21.3.0658,2026-03-19,cc-by-nc-sa
https://openalex.org/W4392431676,openalex,https://doi.org/10.30574/wjarr.2024.21.3.0662,2026-03-19,cc-by-nc-sa
https://openalex.org/W4392432699,openalex,https://doi.org/10.1016/j.resconrec.2024.107505,2026-03-19,cc-by
https://openalex.org/W4392434708,openalex,https://doi.org/10.30574/wjarr.2024.21.3.0647,2026-03-19,cc-by-nc-sa
https://openalex.org/W4392434746,openalex,https://doi.org/10.30574/wjarr.2024.21.3.0649,2026-03-19,cc-by-nc-sa
https://openalex.org/W4392438394,openalex,https://doi.org/10.1016/j.scp.2024.101512,2026-03-19,cc-by-nc-nd
https://openalex.org/W4392463571,openalex,https://doi.org/10.1002/bse.3728,2026-03-19,cc-by
https://openalex.org/W4392467682,openalex,https://doi.org/10.1016/j.envc.2024.100887,2026-03-19,
https://openalex.org/W4392469108,openalex,https://doi.org/10.1186/s12951-024-02371-1,2026-03-19,cc-by
https://openalex.org/W4392470929,openalex,https://doi.org/10.1080/23311975.2024.2318635,2026-03-19,cc-by
https://openalex.org/W4392504801,openalex,https://doi.org/10.1016/j.soisec.2024.100133,2026-03-19,cc-by-nc-nd
https://openalex.org/W4392507613,openalex,https://doi.org/10.3389/ejcmp.2024.12057,2026-03-19,cc-by
https://openalex.org/W4392509599,openalex,https://doi.org/10.3390/su16052185,2026-03-19,cc-by
https://openalex.org/W4392510893,openalex,https://doi.org/10.1016/j.cscm.2024.e03037,2026-03-19,cc-by-nc
https://openalex.org/W4392515993,openalex,https://doi.org/10.3389/feduc.2024.1343406,2026-03-19,cc-by
https://openalex.org/W4392517732,openalex,https://doi.org/10.3390/su16052200,2026-03-19,cc-by
https://openalex.org/W4392522735,openalex,https://doi.org/10.1039/d3gc03918h,2026-03-19,cc-by-nc
https://openalex.org/W4392543542,openalex,https://doi.org/10.1016/j.jclepro.2024.141568,2026-03-19,cc-by-nc
https://openalex.org/W4392545216,openalex,https://doi.org/10.1016/j.eehl.2024.02.006,2026-03-19,cc-by
https://openalex.org/W4392552058,openalex,https://doi.org/10.59117/20.500.11822/45095,2026-03-19,
https://openalex.org/W4392553601,openalex,https://doi.org/10.3390/su16052221,2026-03-19,cc-by
https://openalex.org/W4392553913,openalex,https://doi.org/10.51594/ijmer.v6i3.844,2026-03-19,cc-by-nc
https://openalex.org/W4392560145,openalex,https://doi.org/10.1016/j.indic.2024.100371,2026-03-19,cc-by
https://openalex.org/W4392560703,openalex,https://doi.org/10.3390/su16062225,2026-03-19,cc-by
https://openalex.org/W4392576086,openalex,https://doi.org/10.1039/d3ra08910j,2026-03-19,cc-by
https://openalex.org/W4392580973,openalex,https://doi.org/10.56369/tsaes.5181,2026-03-19,cc-by
https://openalex.org/W4392581184,openalex,https://doi.org/10.1126/sciadv.adk1992,2026-03-19,cc-by
https://openalex.org/W4392584443,openalex,https://doi.org/10.1038/s41467-024-46464-9,2026-03-19,cc-by
https://openalex.org/W4392591981,openalex,https://doi.org/10.1002/sd.2951,2026-03-19,cc-by
https://openalex.org/W4392592381,openalex,https://doi.org/10.3390/su16062257,2026-03-19,cc-by
https://openalex.org/W4392599953,openalex,https://doi.org/10.3390/ijms25063133,2026-03-19,cc-by
https://openalex.org/W4392600234,openalex,https://doi.org/10.1038/s41467-024-46183-1,2026-03-19,cc-by
https://openalex.org/W4392601125,openalex,https://doi.org/10.3390/buildings14030737,2026-03-19,cc-by
https://openalex.org/W4392601789,openalex,https://doi.org/10.34133/research.0347,2026-03-19,cc-by
https://openalex.org/W4392612989,openalex,https://doi.org/10.1016/j.molliq.2024.124373,2026-03-19,
https://openalex.org/W4392613266,openalex,https://doi.org/10.3389/frma.2024.1303024,2026-03-19,cc-by
https://openalex.org/W4392615096,openalex,https://doi.org/10.9734/jeai/2024/v46i52360,2026-03-19,
https://openalex.org/W4392624484,openalex,https://doi.org/10.1111/joes.12617,2026-03-19,cc-by
https://openalex.org/W4392626622,openalex,https://doi.org/10.1016/j.trac.2024.117631,2026-03-19,cc-by
https://openalex.org/W4392629227,openalex,https://doi.org/10.1021/acs.energyfuels.3c04935,2026-03-19,
https://openalex.org/W4392633811,openalex,https://doi.org/10.51594/estj.v5i3.871,2026-03-19,cc-by-nc
https://openalex.org/W4392639319,openalex,https://doi.org/10.1007/s43621-024-00214-5,2026-03-19,cc-by
https://openalex.org/W4392642324,openalex,https://doi.org/10.1109/ojvt.2024.3375451,2026-03-19,cc-by
https://openalex.org/W4392643703,openalex,https://doi.org/10.30574/wjarr.2024.21.3.0691,2026-03-19,cc-by-nc-sa
https://openalex.org/W4392644172,openalex,https://doi.org/10.5194/egusphere-egu24-21005,2026-03-19,cc-by
https://openalex.org/W4392645851,openalex,https://doi.org/10.1016/j.heliyon.2024.e27936,2026-03-19,cc-by
https://openalex.org/W4392647075,openalex,https://doi.org/10.1016/j.scs.2024.105329,2026-03-19,cc-by
https://openalex.org/W4392647524,openalex,https://doi.org/10.1080/23311975.2024.2320812,2026-03-19,cc-by
https://openalex.org/W4392649336,openalex,https://doi.org/10.3390/su16062285,2026-03-19,cc-by
https://openalex.org/W4392654471,openalex,https://doi.org/10.1111/1751-7915.14436,2026-03-19,cc-by
https://openalex.org/W4392657755,openalex,https://doi.org/10.3390/app14062342,2026-03-19,cc-by
https://openalex.org/W4392658273,openalex,https://doi.org/10.1186/s10033-024-01002-y,2026-03-19,cc-by
https://openalex.org/W4392659011,openalex,https://doi.org/10.1002/adfm.202314857,2026-03-19,cc-by
https://openalex.org/W4392661577,openalex,https://doi.org/10.1016/j.jafrearsci.2024.105229,2026-03-19,cc-by
https://openalex.org/W4392662309,openalex,https://doi.org/10.3390/agriculture14030453,2026-03-19,cc-by
https://openalex.org/W4392662999,openalex,https://doi.org/10.3390/su16062319,2026-03-19,cc-by
https://openalex.org/W4392673039,openalex,https://doi.org/10.1016/j.copbio.2024.103100,2026-03-19,cc-by-nc-nd
https://openalex.org/W4392690956,openalex,https://doi.org/10.1007/s10892-023-09466-1,2026-03-19,cc-by
https://openalex.org/W4392703798,openalex,https://doi.org/10.1063/5.0193506,2026-03-19,cc-by
https://openalex.org/W4392703830,openalex,https://doi.org/10.1016/j.jclepro.2024.141768,2026-03-19,cc-by
https://openalex.org/W4392711120,openalex,https://doi.org/10.1016/j.scitotenv.2024.171672,2026-03-19,cc-by
https://openalex.org/W4392713913,openalex,https://doi.org/10.1016/j.jii.2024.100598,2026-03-19,cc-by
https://openalex.org/W4392716189,openalex,https://doi.org/10.3390/su16062347,2026-03-19,cc-by
https://openalex.org/W4392716256,openalex,https://doi.org/10.24857/rgsa.v18n4-087,2026-03-19,cc-by
https://openalex.org/W4392717897,openalex,https://doi.org/10.1007/s43621-024-00183-9,2026-03-19,cc-by
https://openalex.org/W4392719516,openalex,https://doi.org/10.1109/access.2024.3376431,2026-03-19,
https://openalex.org/W4392730226,openalex,https://doi.org/10.1002/advs.202308546,2026-03-19,cc-by
https://openalex.org/W4392739603,openalex,https://doi.org/10.3390/su16062377,2026-03-19,cc-by
https://openalex.org/W4392742108,openalex,https://doi.org/10.3390/su16062359,2026-03-19,cc-by
https://openalex.org/W4392746809,openalex,https://doi.org/10.3390/su16062373,2026-03-19,cc-by
https://openalex.org/W4392747603,openalex,https://doi.org/10.1038/s41586-024-07167-9,2026-03-19,cc-by
https://openalex.org/W4392749335,openalex,https://doi.org/10.1021/acs.est.3c09263,2026-03-19,
https://openalex.org/W4392750988,openalex,https://doi.org/10.1002/adfm.202400547,2026-03-19,
https://openalex.org/W4392755249,openalex,https://doi.org/10.30574/gjeta.2024.18.3.0041,2026-03-19,cc-by
https://openalex.org/W4392755945,openalex,https://doi.org/10.1161/jaha.123.032516,2026-03-19,cc-by
https://openalex.org/W4392759208,openalex,https://doi.org/10.1007/s13132-024-01813-3,2026-03-19,cc-by
https://openalex.org/W4392760971,openalex,https://doi.org/10.1002/sd.2940,2026-03-19,cc-by-nc-nd
https://openalex.org/W4392761266,openalex,https://doi.org/10.1038/s41467-024-46491-6,2026-03-19,cc-by
https://openalex.org/W4392761704,openalex,https://doi.org/10.1038/s41893-024-01298-7,2026-03-19,cc-by
https://openalex.org/W4392761925,openalex,https://doi.org/10.58251/ekonomi.1450860,2026-03-19,cc-by-nc
https://openalex.org/W4392764934,openalex,https://doi.org/10.1016/j.jclepro.2024.141579,2026-03-19,cc-by-nc
https://openalex.org/W4392772019,openalex,https://doi.org/10.30574/ijsra.2024.11.1.0314,2026-03-19,cc-by
https://openalex.org/W4392772516,openalex,https://doi.org/10.1002/bse.3723,2026-03-19,cc-by
https://openalex.org/W4392774996,openalex,https://doi.org/10.1002/bse.3719,2026-03-19,
https://openalex.org/W4392783427,openalex,https://doi.org/10.1002/bse.3714,2026-03-19,cc-by
https://openalex.org/W4392786828,openalex,https://doi.org/10.1038/s41467-024-45328-6,2026-03-19,cc-by
https://openalex.org/W4392795183,openalex,https://doi.org/10.1007/978-3-031-52485-1,2026-03-19,
https://openalex.org/W4392809222,openalex,https://doi.org/10.1016/j.cosust.2024.101432,2026-03-19,cc-by-nc
https://openalex.org/W4392817008,openalex,https://doi.org/10.3390/su16062397,2026-03-19,cc-by
https://openalex.org/W4392817207,openalex,https://doi.org/10.1007/s42773-024-00316-3,2026-03-19,cc-by
https://openalex.org/W4392820480,openalex,https://doi.org/10.1016/j.rineng.2024.102006,2026-03-19,cc-by-nc
https://openalex.org/W4392823022,openalex,https://doi.org/10.1016/j.marpol.2024.106072,2026-03-19,cc-by
https://openalex.org/W4392844721,openalex,https://doi.org/10.1016/j.ecolecon.2024.108164,2026-03-19,cc-by
https://openalex.org/W4392849599,openalex,https://doi.org/10.62569/iijb.v1i1.5,2026-03-19,cc-by
https://openalex.org/W4392856839,openalex,https://doi.org/10.1080/23311975.2024.2328311,2026-03-19,cc-by
https://openalex.org/W4392861400,openalex,https://doi.org/10.3390/agriculture14030473,2026-03-19,cc-by
https://openalex.org/W4392862061,openalex,https://doi.org/10.3390/systems12030097,2026-03-19,cc-by
https://openalex.org/W4392872043,openalex,https://doi.org/10.1016/j.eneco.2024.107447,2026-03-19,cc-by
https://openalex.org/W4392873050,openalex,https://doi.org/10.1016/j.enconman.2024.118295,2026-03-19,cc-by
https://openalex.org/W4392880474,openalex,https://doi.org/10.5958/0975-6892.2024.00001.7,2026-03-19,cc-by
https://openalex.org/W4392882917,openalex,https://doi.org/10.1002/advs.202400615,2026-03-19,cc-by
https://openalex.org/W4392883794,openalex,https://doi.org/10.1016/j.nutres.2024.03.004,2026-03-19,cc-by
https://openalex.org/W4392884460,openalex,https://doi.org/10.51594/ijmer.v6i3.876,2026-03-19,cc-by-nc
https://openalex.org/W4392892895,openalex,https://doi.org/10.56556/gssr.v3i2.695,2026-03-19,cc-by-nc-nd
https://openalex.org/W4392894016,openalex,https://doi.org/10.1016/j.susoc.2024.03.001,2026-03-19,cc-by-nc-nd
https://openalex.org/W4392894054,openalex,https://doi.org/10.51594/estj.v5i3.906,2026-03-19,cc-by-nc
https://openalex.org/W4392894201,openalex,https://doi.org/10.51594/ijarss.v6i3.885,2026-03-19,cc-by-nc
https://openalex.org/W4392894955,openalex,https://doi.org/10.51594/estj.v5i3.902,2026-03-19,cc-by-nc
https://openalex.org/W4392895112,openalex,https://doi.org/10.51594/ijarss.v6i3.887,2026-03-19,cc-by-nc
https://openalex.org/W4392896980,openalex,https://doi.org/10.3390/su16062484,2026-03-19,cc-by
https://openalex.org/W4392903734,openalex,https://doi.org/10.1073/pnas.2215688121,2026-03-19,cc-by-nc-nd
https://openalex.org/W4392906088,openalex,https://doi.org/10.14512/gaia.33.s1.10,2026-03-19,cc-by
https://openalex.org/W4392908548,openalex,https://doi.org/10.1021/acsami.3c17710,2026-03-19,cc-by
https://openalex.org/W4392913555,openalex,https://doi.org/10.1021/acssuschemeng.3c06996,2026-03-19,cc-by
https://openalex.org/W4392916344,openalex,https://doi.org/10.1108/ijshe-05-2023-0164,2026-03-19,cc-by
https://openalex.org/W4392917960,openalex,https://doi.org/10.3390/su16062508,2026-03-19,cc-by
https://openalex.org/W4392917984,openalex,https://doi.org/10.1039/d4su00056k,2026-03-19,cc-by
https://openalex.org/W4392919473,openalex,https://doi.org/10.1002/pts.2802,2026-03-19,cc-by-nc-nd
https://openalex.org/W4392920307,openalex,https://doi.org/10.3390/su16062500,2026-03-19,cc-by
https://openalex.org/W4392920355,openalex,https://doi.org/10.3390/su16062487,2026-03-19,cc-by
https://openalex.org/W4392921833,openalex,https://doi.org/10.1002/fes3.536,2026-03-19,cc-by
https://openalex.org/W4392921882,openalex,https://doi.org/10.1080/19397038.2024.2327381,2026-03-19,
https://openalex.org/W4392924482,openalex,https://doi.org/10.31083/j.fbl2903105,2026-03-19,cc-by
https://openalex.org/W4392925568,openalex,https://doi.org/10.1111/nph.19697,2026-03-19,
https://openalex.org/W4392925793,openalex,https://doi.org/10.1002/adfm.202314680,2026-03-19,cc-by
https://openalex.org/W4392927151,openalex,https://doi.org/10.36713/epra16111,2026-03-19,
https://openalex.org/W4392927289,openalex,https://doi.org/10.3390/mining4010010,2026-03-19,cc-by
https://openalex.org/W4392927660,openalex,https://doi.org/10.3390/agronomy14030609,2026-03-19,cc-by
https://openalex.org/W4392935396,openalex,https://doi.org/10.1016/j.asej.2024.102740,2026-03-19,cc-by-nc-nd
https://openalex.org/W4392946478,openalex,https://doi.org/10.1016/j.spc.2024.03.017,2026-03-19,cc-by-nc-nd
https://openalex.org/W4392946691,openalex,https://doi.org/10.1371/journal.pbio.3002542,2026-03-19,cc-by
https://openalex.org/W4392950008,openalex,https://doi.org/10.3390/technologies12030042,2026-03-19,cc-by
https://openalex.org/W4392951336,openalex,https://doi.org/10.3390/land13030390,2026-03-19,cc-by
https://openalex.org/W4392952517,openalex,https://doi.org/10.1039/d3ra08684d,2026-03-19,cc-by-nc
https://openalex.org/W4392958771,openalex,https://doi.org/10.3390/buildings14030829,2026-03-19,cc-by
https://openalex.org/W4392958911,openalex,https://doi.org/10.3390/ijgi13030099,2026-03-19,cc-by
https://openalex.org/W4392960689,openalex,https://doi.org/10.3390/su16062517,2026-03-19,cc-by
https://openalex.org/W4392962000,openalex,https://doi.org/10.62304/jbedpm.v3i03.85,2026-03-19,cc-by
https://openalex.org/W4392965873,openalex,https://doi.org/10.1002/bse.3738,2026-03-19,cc-by
https://openalex.org/W4392969985,openalex,https://doi.org/10.1016/j.aquaculture.2024.740835,2026-03-19,cc-by-nc-nd
https://openalex.org/W4392974578,openalex,https://doi.org/10.1016/j.cosust.2024.101437,2026-03-19,cc-by
https://openalex.org/W4392974683,openalex,https://doi.org/10.1016/j.procs.2024.02.006,2026-03-19,cc-by-nc-nd
https://openalex.org/W4392974815,openalex,https://doi.org/10.1016/j.procs.2024.01.169,2026-03-19,cc-by-nc-nd
https://openalex.org/W4392974914,openalex,https://doi.org/10.1016/j.procs.2024.02.095,2026-03-19,cc-by
https://openalex.org/W4392985505,openalex,https://doi.org/10.4018/ijkm.340723,2026-03-19,cc-by
https://openalex.org/W4393002780,openalex,https://doi.org/10.3390/recycling9020025,2026-03-19,cc-by
https://openalex.org/W4393006386,openalex,https://doi.org/10.1111/1541-4337.13319,2026-03-19,
https://openalex.org/W4393006428,openalex,https://doi.org/10.3389/fpls.2024.1349401,2026-03-19,cc-by
https://openalex.org/W4393006799,openalex,https://doi.org/10.1039/d4gc00745j,2026-03-19,cc-by
https://openalex.org/W4393008227,openalex,https://doi.org/10.1017/sus.2024.13,2026-03-19,cc-by-nc-nd
https://openalex.org/W4393022591,openalex,https://doi.org/10.1021/acs.joc.3c01494,2026-03-19,
https://openalex.org/W4393032013,openalex,https://doi.org/10.1016/j.resourpol.2024.104903,2026-03-19,cc-by-nc-nd
https://openalex.org/W4393039538,openalex,https://doi.org/10.1108/ijopm-12-2023-0953,2026-03-19,
https://openalex.org/W4393043691,openalex,https://doi.org/10.3390/su16062575,2026-03-19,cc-by
https://openalex.org/W4393044610,openalex,https://doi.org/10.1039/d3ma01019h,2026-03-19,cc-by-nc
https://openalex.org/W4393068679,openalex,https://doi.org/10.1016/j.crsus.2024.100057,2026-03-19,
https://openalex.org/W4393068914,openalex,https://doi.org/10.3390/su16072620,2026-03-19,cc-by
https://openalex.org/W4393084764,openalex,https://doi.org/10.1016/j.crgsc.2024.100409,2026-03-19,cc-by-nc-nd
https://openalex.org/W4393086182,openalex,https://doi.org/10.1111/1541-4337.13331,2026-03-19,
https://openalex.org/W4393086496,openalex,https://doi.org/10.3390/app14072669,2026-03-19,cc-by
https://openalex.org/W4393087287,openalex,https://doi.org/10.1016/j.jcae.2024.100418,2026-03-19,cc-by-nc-nd
https://openalex.org/W4393089149,openalex,https://doi.org/10.1080/23311975.2024.2328391,2026-03-19,cc-by
https://openalex.org/W4393090736,openalex,https://doi.org/10.1177/00081256241234709,2026-03-19,cc-by
https://openalex.org/W4393094473,openalex,https://doi.org/10.3390/geomatics4020006,2026-03-19,cc-by
https://openalex.org/W4393094803,openalex,https://doi.org/10.51594/imsrj.v4i3.931,2026-03-19,cc-by-nc
https://openalex.org/W4393094901,openalex,https://doi.org/10.1002/bse.3745,2026-03-19,
https://openalex.org/W4393097423,openalex,https://doi.org/10.1021/acssuschemeng.3c07133,2026-03-19,cc-by
https://openalex.org/W4393099164,openalex,https://doi.org/10.33394/ijete.v1i1.10880,2026-03-19,cc-by
https://openalex.org/W4393100018,openalex,https://doi.org/10.1016/j.jik.2024.100472,2026-03-19,cc-by-nc-nd
https://openalex.org/W4393100441,openalex,https://doi.org/10.1515/pdtc-2023-0051,2026-03-19,cc-by
https://openalex.org/W4393107772,openalex,https://doi.org/10.1039/d3ta07980e,2026-03-19,
https://openalex.org/W4393109272,openalex,https://doi.org/10.1016/j.cities.2024.104944,2026-03-19,cc-by
https://openalex.org/W4393118284,openalex,https://doi.org/10.55493/5002.v14i3.5016,2026-03-19,
https://openalex.org/W4393118893,openalex,https://doi.org/10.1007/s11205-024-03328-5,2026-03-19,cc-by
https://openalex.org/W4393120264,openalex,https://doi.org/10.1016/j.ecolind.2024.111909,2026-03-19,cc-by-nc
https://openalex.org/W4393121477,openalex,https://doi.org/10.1039/d4su00009a,2026-03-19,cc-by
https://openalex.org/W4393123513,openalex,https://doi.org/10.1016/j.jairtraman.2024.102580,2026-03-19,cc-by
https://openalex.org/W4393127939,openalex,https://doi.org/10.1002/csr.2789,2026-03-19,cc-by
https://openalex.org/W4393128963,openalex,https://doi.org/10.1016/j.greeac.2024.100108,2026-03-19,cc-by
https://openalex.org/W4393130881,openalex,https://doi.org/10.51594/estj.v5i3.955,2026-03-19,cc-by-nc
https://openalex.org/W4393131159,openalex,https://doi.org/10.51594/estj.v5i3.943,2026-03-19,cc-by-nc
https://openalex.org/W4393131219,openalex,https://doi.org/10.51594/estj.v5i3.957,2026-03-19,cc-by-nc
https://openalex.org/W4393141798,openalex,https://doi.org/10.3390/buildings14040881,2026-03-19,cc-by
https://openalex.org/W4393141868,openalex,https://doi.org/10.3390/smartcities7020034,2026-03-19,cc-by
https://openalex.org/W4393141897,openalex,https://doi.org/10.3390/world5020009,2026-03-19,cc-by
https://openalex.org/W4393146391,openalex,https://doi.org/10.55817/ixvm2800,2026-03-19,cc-by
https://openalex.org/W4393148236,openalex,https://doi.org/10.1002/ange.202403712,2026-03-19,
https://openalex.org/W4393149424,openalex,https://doi.org/10.3390/su16072663,2026-03-19,cc-by
https://openalex.org/W4393154034,openalex,https://doi.org/10.1002/anie.202403712,2026-03-19,
https://openalex.org/W4393156064,openalex,https://doi.org/10.1080/09640568.2024.2325041,2026-03-19,cc-by
https://openalex.org/W4393156357,openalex,https://doi.org/10.1017/s0033291724000333,2026-03-19,cc-by
https://openalex.org/W4393157108,openalex,https://doi.org/10.1111/jfd.13941,2026-03-19,
https://openalex.org/W4393157603,openalex,https://doi.org/10.1017/fas.2023.15,2026-03-19,cc-by
https://openalex.org/W4393160402,openalex,https://doi.org/10.1038/s43016-024-00952-9,2026-03-19,cc-by
https://openalex.org/W4393161240,openalex,https://doi.org/10.3390/suschem5020004,2026-03-19,cc-by
https://openalex.org/W4393162075,openalex,https://doi.org/10.51646/jsesd.v13i1.173,2026-03-19,cc-by-nc
https://openalex.org/W4393162274,openalex,https://doi.org/10.3390/su16072645,2026-03-19,cc-by
https://openalex.org/W4393162493,openalex,https://doi.org/10.3390/su16072664,2026-03-19,cc-by
https://openalex.org/W4393163628,openalex,https://doi.org/10.3390/s24072074,2026-03-19,cc-by
https://openalex.org/W4393163818,openalex,https://doi.org/10.3390/su16072651,2026-03-19,cc-by
https://openalex.org/W4393163934,openalex,https://doi.org/10.3390/su16072657,2026-03-19,cc-by
https://openalex.org/W4393164122,openalex,https://doi.org/10.1162/qss_a_00304,2026-03-19,cc-by
https://openalex.org/W4393164243,openalex,https://doi.org/10.3390/su16072707,2026-03-19,cc-by
https://openalex.org/W4393165606,openalex,https://doi.org/10.1016/j.tifs.2024.104426,2026-03-19,cc-by-nc-nd
https://openalex.org/W4393165697,openalex,https://doi.org/10.1002/bsd2.357,2026-03-19,
https://openalex.org/W4393185899,openalex,https://doi.org/10.23919/pcmp.2023.000317,2026-03-19,
https://openalex.org/W4393187128,openalex,https://doi.org/10.1016/j.animal.2024.101145,2026-03-19,cc-by
https://openalex.org/W4393189002,openalex,https://doi.org/10.3390/ani14071009,2026-03-19,cc-by
https://openalex.org/W4393190074,openalex,https://doi.org/10.3389/fmicb.2024.1183024,2026-03-19,cc-by
https://openalex.org/W4393191575,openalex,https://doi.org/10.3846/jbem.2024.20729,2026-03-19,cc-by
https://openalex.org/W4393194122,openalex,https://doi.org/10.1039/d4ee00221k,2026-03-19,cc-by-nc
https://openalex.org/W4393194666,openalex,https://doi.org/10.1007/s42452-024-05820-6,2026-03-19,cc-by
https://openalex.org/W4393197214,openalex,https://doi.org/10.3389/fenvs.2024.1341471,2026-03-19,cc-by
https://openalex.org/W4393199439,openalex,https://doi.org/10.1002/sd.2980,2026-03-19,other-oa
https://openalex.org/W4393201734,openalex,https://doi.org/10.1038/s41467-024-46742-6,2026-03-19,cc-by
https://openalex.org/W4393218422,openalex,https://doi.org/10.3390/su16072757,2026-03-19,cc-by
https://openalex.org/W4393221998,openalex,https://doi.org/10.5194/acp-24-3813-2024,2026-03-19,cc-by
https://openalex.org/W4393229185,openalex,https://doi.org/10.1002/bse.3746,2026-03-19,cc-by
https://openalex.org/W4393231271,openalex,https://doi.org/10.3389/fenvs.2024.1373287,2026-03-19,cc-by
https://openalex.org/W4393234110,openalex,https://doi.org/10.1001/jamanetworkopen.2024.3474,2026-03-19,cc-by
https://openalex.org/W4393244806,openalex,https://doi.org/10.61954/2616-7107/2024.8.1-8,2026-03-19,cc-by-nc
https://openalex.org/W4393253314,openalex,https://doi.org/10.1016/j.foodqual.2024.105179,2026-03-19,cc-by
https://openalex.org/W4393257697,openalex,https://doi.org/10.1016/j.rser.2024.114386,2026-03-19,cc-by-nc-nd
https://openalex.org/W4393259131,openalex,https://doi.org/10.30828/real.1357661,2026-03-19,cc-by-nc-nd
https://openalex.org/W4393261718,openalex,https://doi.org/10.1038/s41893-024-01320-y,2026-03-19,cc-by
https://openalex.org/W4393266044,openalex,https://doi.org/10.1051/cagri/2024001,2026-03-19,cc-by-nc
https://openalex.org/W4393274159,openalex,https://doi.org/10.3389/fpls.2024.1393458,2026-03-19,cc-by
https://openalex.org/W4393277059,openalex,https://doi.org/10.1002/advs.202309869,2026-03-19,cc-by
https://openalex.org/W4393282041,openalex,https://doi.org/10.1016/j.nxsust.2024.100025,2026-03-19,cc-by
https://openalex.org/W4393282497,openalex,https://doi.org/10.1016/j.rineng.2024.102015,2026-03-19,cc-by-nc
https://openalex.org/W4393289826,openalex,https://doi.org/10.1016/j.frl.2024.105261,2026-03-19,cc-by
https://openalex.org/W4393308718,openalex,https://doi.org/10.3934/gf.2024007,2026-03-19,cc-by
https://openalex.org/W4393315392,openalex,https://doi.org/10.37934/araset.42.1.1430,2026-03-19,cc-by-nc
https://openalex.org/W4393317446,openalex,https://doi.org/10.3390/su16072864,2026-03-19,cc-by
https://openalex.org/W4393320533,openalex,https://doi.org/10.1002/jtr.2643,2026-03-19,cc-by
https://openalex.org/W4393320657,openalex,https://doi.org/10.1016/j.cogsc.2024.100918,2026-03-19,cc-by
https://openalex.org/W4393342786,openalex,https://doi.org/10.1002/sd.2977,2026-03-19,
https://openalex.org/W4393345352,openalex,https://doi.org/10.9734/jenrr/2024/v16i3342,2026-03-19,
https://openalex.org/W4393350655,openalex,https://doi.org/10.1002/sd.2955,2026-03-19,
https://openalex.org/W4393350660,openalex,https://doi.org/10.1002/adma.202403073,2026-03-19,
https://openalex.org/W4393353237,openalex,https://doi.org/10.3390/su16072914,2026-03-19,cc-by
https://openalex.org/W4393354698,openalex,https://doi.org/10.1038/s41598-024-58061-3,2026-03-19,cc-by
https://openalex.org/W4393356366,openalex,https://doi.org/10.3390/su16072878,2026-03-19,cc-by
https://openalex.org/W4393356489,openalex,https://doi.org/10.3390/su16072910,2026-03-19,cc-by
https://openalex.org/W4393356550,openalex,https://doi.org/10.3390/polym16070941,2026-03-19,cc-by
https://openalex.org/W4393356895,openalex,https://doi.org/10.3390/polym16070950,2026-03-19,cc-by
https://openalex.org/W4393357044,openalex,https://doi.org/10.3390/plants13071004,2026-03-19,cc-by
https://openalex.org/W4393359028,openalex,https://doi.org/10.1016/j.ject.2024.03.005,2026-03-19,cc-by-nc-nd
https://openalex.org/W4393373052,openalex,https://doi.org/10.1002/adhm.202303314,2026-03-19,
https://openalex.org/W4393377976,openalex,https://doi.org/10.3390/bacteria3020005,2026-03-19,cc-by
https://openalex.org/W4393378028,openalex,https://doi.org/10.3390/suschem5020007,2026-03-19,cc-by
https://openalex.org/W4393378448,openalex,https://doi.org/10.47992/ijcsbe.2581.6942.0345,2026-03-19,
https://openalex.org/W4393379766,openalex,https://doi.org/10.1109/tem.2024.3383462,2026-03-19,cc-by
https://openalex.org/W4393385609,openalex,https://doi.org/10.1016/j.spc.2024.03.034,2026-03-19,cc-by
https://openalex.org/W4393385633,openalex,https://doi.org/10.1016/j.spc.2024.03.033,2026-03-19,cc-by
https://openalex.org/W4393386024,openalex,https://doi.org/10.1016/j.jbc.2024.107253,2026-03-19,cc-by
https://openalex.org/W4393386633,openalex,https://doi.org/10.1515/cclm-2023-0973,2026-03-19,
https://openalex.org/W4393387604,openalex,https://doi.org/10.3390/urbansci8020028,2026-03-19,cc-by
https://openalex.org/W4393389521,openalex,https://doi.org/10.26803/ijlter.23.3.4,2026-03-19,cc-by-nc-nd
https://openalex.org/W4393391183,openalex,https://doi.org/10.1002/bse.3749,2026-03-19,
https://openalex.org/W4393403623,openalex,https://doi.org/10.1093/pnasnexus/pgae106,2026-03-19,cc-by
https://openalex.org/W4393442779,openalex,https://doi.org/10.1002/sd.2985,2026-03-19,cc-by
https://openalex.org/W4393493365,openalex,https://doi.org/10.1016/j.stress.2024.100455,2026-03-19,cc-by-nc-nd
https://openalex.org/W4393543752,openalex,https://doi.org/10.24857/rgsa.v18n6-060,2026-03-19,cc-by
https://openalex.org/W4393853487,openalex,https://doi.org/10.1111/1751-7915.14458,2026-03-19,cc-by-nc
https://openalex.org/W4393854995,openalex,https://doi.org/10.3390/su16072971,2026-03-19,cc-by
https://openalex.org/W4393858600,openalex,https://doi.org/10.3390/limnolrev24020007,2026-03-19,cc-by
https://openalex.org/W4393861360,openalex,https://doi.org/10.1002/anie.202402915,2026-03-19,other-oa
https://openalex.org/W4393866255,openalex,https://doi.org/10.3390/su16072959,2026-03-19,cc-by
https://openalex.org/W4393902591,openalex,https://doi.org/10.1111/raq.12915,2026-03-19,cc-by
https://openalex.org/W4393929971,openalex,https://doi.org/10.1007/s43621-024-00245-y,2026-03-19,cc-by
https://openalex.org/W4393930320,openalex,https://doi.org/10.1016/j.spc.2024.03.035,2026-03-19,cc-by-nc-nd
https://openalex.org/W4393931245,openalex,https://doi.org/10.1016/j.jbankfin.2024.107167,2026-03-19,cc-by
https://openalex.org/W4393932360,openalex,https://doi.org/10.1080/14486563.2024.2326090,2026-03-19,
https://openalex.org/W4393933510,openalex,https://doi.org/10.56781/ijsrst.2024.4.1.0024,2026-03-19,cc-by
https://openalex.org/W4393934676,openalex,https://doi.org/10.1108/sampj-03-2023-0128,2026-03-19,
https://openalex.org/W4393946011,openalex,https://doi.org/10.1002/anie.202318676,2026-03-19,cc-by
https://openalex.org/W4393948390,openalex,https://doi.org/10.1111/1541-4337.13326,2026-03-19,
https://openalex.org/W4393950457,openalex,https://doi.org/10.3390/su16073014,2026-03-19,cc-by
https://openalex.org/W4393983190,openalex,https://doi.org/10.1039/d3gc02647g,2026-03-19,cc-by-nc
https://openalex.org/W4393986118,openalex,https://doi.org/10.1002/bse.3762,2026-03-19,cc-by-nc-nd
https://openalex.org/W4393987594,openalex,https://doi.org/10.1016/j.emj.2024.04.001,2026-03-19,cc-by
https://openalex.org/W4393988034,openalex,https://doi.org/10.3390/su16073023,2026-03-19,cc-by
https://openalex.org/W4394006892,openalex,https://doi.org/10.1016/j.agwat.2024.108794,2026-03-19,cc-by
https://openalex.org/W4394008899,openalex,https://doi.org/10.1016/j.radi.2024.03.005,2026-03-19,cc-by
https://openalex.org/W4394018444,openalex,https://doi.org/10.1016/j.eja.2024.127178,2026-03-19,cc-by
https://openalex.org/W4394018968,openalex,https://doi.org/10.1016/j.apenergy.2024.123120,2026-03-19,cc-by
https://openalex.org/W4394061547,openalex,https://doi.org/10.1002/ansa.202300065,2026-03-19,cc-by-nc-nd
https://openalex.org/W4394062281,openalex,https://doi.org/10.51594/estj.v5i4.995,2026-03-19,cc-by-nc
https://openalex.org/W4394063228,openalex,https://doi.org/10.51594/estj.v5i4.996,2026-03-19,cc-by-nc
https://openalex.org/W4394202463,openalex,https://doi.org/10.3390/en17071775,2026-03-19,cc-by
https://openalex.org/W4394565809,openalex,https://doi.org/10.1111/jace.19828,2026-03-19,cc-by
https://openalex.org/W4394568102,openalex,https://doi.org/10.3390/su16073066,2026-03-19,cc-by
https://openalex.org/W4394576889,openalex,https://doi.org/10.1002/bse.3760,2026-03-19,cc-by
https://openalex.org/W4394577482,openalex,https://doi.org/10.1038/s44183-024-00057-7,2026-03-19,cc-by
https://openalex.org/W4394579147,openalex,https://doi.org/10.3390/su16073070,2026-03-19,cc-by
https://openalex.org/W4394579290,openalex,https://doi.org/10.3390/su16073082,2026-03-19,cc-by
https://openalex.org/W4394580875,openalex,https://doi.org/10.1038/s41467-024-47270-z,2026-03-19,cc-by
https://openalex.org/W4394584487,openalex,https://doi.org/10.1039/d4ra01047g,2026-03-19,cc-by-nc
https://openalex.org/W4394591455,openalex,https://doi.org/10.1007/s10499-024-01470-y,2026-03-19,cc-by
https://openalex.org/W4394601541,openalex,https://doi.org/10.1007/s43621-024-00242-1,2026-03-19,cc-by
https://openalex.org/W4394601680,openalex,https://doi.org/10.24857/rgsa.v18n7-038,2026-03-19,cc-by
https://openalex.org/W4394603792,openalex,https://doi.org/10.3390/recycling9020030,2026-03-19,cc-by
https://openalex.org/W4394615151,openalex,https://doi.org/10.13189/cea.2024.120336,2026-03-19,cc-by
https://openalex.org/W4394617258,openalex,https://doi.org/10.1016/j.plaphy.2024.108619,2026-03-19,cc-by-nc-nd
https://openalex.org/W4394621365,openalex,https://doi.org/10.1093/pcp/pcae031,2026-03-19,cc-by
https://openalex.org/W4394627114,openalex,https://doi.org/10.1080/10106049.2024.2335249,2026-03-19,cc-by
https://openalex.org/W4394630609,openalex,https://doi.org/10.53430/ijmru.2024.7.2.0030,2026-03-19,cc-by
https://openalex.org/W4394674126,openalex,https://doi.org/10.37868/sei.v6i1.id208,2026-03-19,cc-by
https://openalex.org/W4394675371,openalex,https://doi.org/10.1016/j.jclepro.2024.142181,2026-03-19,cc-by
https://openalex.org/W4394680686,openalex,https://doi.org/10.1039/d3cs00295k,2026-03-19,cc-by
https://openalex.org/W4394681363,openalex,https://doi.org/10.1016/j.esr.2024.101376,2026-03-19,cc-by-nc-nd
https://openalex.org/W4394681873,openalex,https://doi.org/10.3390/ma17081738,2026-03-19,cc-by
https://openalex.org/W4394687650,openalex,https://doi.org/10.3389/fsufs.2024.1292297,2026-03-19,cc-by
https://openalex.org/W4394687747,openalex,https://doi.org/10.3390/su16083172,2026-03-19,cc-by
https://openalex.org/W4394688383,openalex,https://doi.org/10.3389/fchem.2024.1362482,2026-03-19,cc-by
https://openalex.org/W4394688620,openalex,https://doi.org/10.18535/ijsrm/v12i04.ec02,2026-03-19,cc-by
https://openalex.org/W4394688812,openalex,https://doi.org/10.1002/sd.2996,2026-03-19,
https://openalex.org/W4394688882,openalex,https://doi.org/10.59429/ace.v7i2.2084,2026-03-19,cc-by
https://openalex.org/W4394693038,openalex,https://doi.org/10.3389/fvets.2024.1382163,2026-03-19,cc-by
https://openalex.org/W4394693163,openalex,https://doi.org/10.1016/j.ijbiomac.2024.131537,2026-03-19,cc-by
https://openalex.org/W4394697058,openalex,https://doi.org/10.1039/d4fb00047a,2026-03-19,cc-by
https://openalex.org/W4394697557,openalex,https://doi.org/10.1007/978-3-031-45565-0,2026-03-19,cc-by
https://openalex.org/W4394697948,openalex,https://doi.org/10.1051/e3sconf/202451101008,2026-03-19,cc-by
https://openalex.org/W4394704104,openalex,https://doi.org/10.1016/j.jort.2024.100746,2026-03-19,cc-by-nc
https://openalex.org/W4394719837,openalex,https://doi.org/10.1017/sus.2024.12,2026-03-19,cc-by
https://openalex.org/W4394720654,openalex,https://doi.org/10.3390/nu16081123,2026-03-19,cc-by
https://openalex.org/W4394723845,openalex,https://doi.org/10.1007/s10479-024-05970-1,2026-03-19,cc-by
https://openalex.org/W4394724436,openalex,https://doi.org/10.1186/s12870-024-04971-3,2026-03-19,cc-by
https://openalex.org/W4394726160,openalex,https://doi.org/10.1007/s40820-024-01390-9,2026-03-19,cc-by
https://openalex.org/W4394726742,openalex,https://doi.org/10.3390/su16083197,2026-03-19,cc-by
https://openalex.org/W4394733344,openalex,https://doi.org/10.1016/j.gloenvcha.2024.102840,2026-03-19,cc-by
https://openalex.org/W4394741720,openalex,https://doi.org/10.1016/j.ijhydene.2024.04.030,2026-03-19,cc-by-nc-nd
https://openalex.org/W4394748349,openalex,https://doi.org/10.3390/su16083249,2026-03-19,cc-by
https://openalex.org/W4394752211,openalex,https://doi.org/10.3389/fmicb.2024.1379879,2026-03-19,cc-by
https://openalex.org/W4394753431,openalex,https://doi.org/10.3390/world5020012,2026-03-19,cc-by
https://openalex.org/W4394754975,openalex,https://doi.org/10.1051/e3sconf/202451501015,2026-03-19,cc-by
https://openalex.org/W4394755930,openalex,https://doi.org/10.1038/s41467-024-47560-6,2026-03-19,cc-by
https://openalex.org/W4394758212,openalex,https://doi.org/10.1111/1477-8947.12472,2026-03-19,cc-by-nc-nd
https://openalex.org/W4394758244,openalex,https://doi.org/10.1186/s12544-024-00640-6,2026-03-19,cc-by
https://openalex.org/W4394760511,openalex,https://doi.org/10.1016/j.heliyon.2024.e29509,2026-03-19,
https://openalex.org/W4394766601,openalex,https://doi.org/10.3389/fams.2024.1276218,2026-03-19,cc-by
https://openalex.org/W4394767228,openalex,https://doi.org/10.3390/su16083240,2026-03-19,cc-by
https://openalex.org/W4394771272,openalex,https://doi.org/10.47363/jwmrt/2024(2)126,2026-03-19,
https://openalex.org/W4394775451,openalex,https://doi.org/10.53294/ijfstr.2024.6.2.0034,2026-03-19,cc-by-nc-sa
https://openalex.org/W4394775577,openalex,https://doi.org/10.30574/msarr.2024.10.2.0058,2026-03-19,cc-by-nc-sa
https://openalex.org/W4394776101,openalex,https://doi.org/10.53771/ijstra.2024.6.2.0039,2026-03-19,cc-by-nc-sa
https://openalex.org/W4394787466,openalex,https://doi.org/10.1177/00368504241237347,2026-03-19,cc-by-nc
https://openalex.org/W4394788526,openalex,https://doi.org/10.1007/s10462-024-10706-5,2026-03-19,cc-by
https://openalex.org/W4394788929,openalex,https://doi.org/10.1108/jwam-12-2023-0142,2026-03-19,cc-by
https://openalex.org/W4394790048,openalex,https://doi.org/10.1016/j.treng.2024.100252,2026-03-19,cc-by-nc-nd
https://openalex.org/W4394795416,openalex,https://doi.org/10.1016/j.ecmx.2024.100590,2026-03-19,cc-by-nc-nd
https://openalex.org/W4394795781,openalex,https://doi.org/10.1002/bse.3765,2026-03-19,cc-by-nc-nd
https://openalex.org/W4394797669,openalex,https://doi.org/10.1101/2024.04.12.24305195,2026-03-19,cc-by-nc-nd
https://openalex.org/W4394807681,openalex,https://doi.org/10.3390/su16083289,2026-03-19,cc-by
https://openalex.org/W4394808537,openalex,https://doi.org/10.1007/s00289-024-05247-4,2026-03-19,cc-by
https://openalex.org/W4394809229,openalex,https://doi.org/10.1021/acssuschemeng.4c01274,2026-03-19,
https://openalex.org/W4394819239,openalex,https://doi.org/10.3390/su16083267,2026-03-19,cc-by
https://openalex.org/W4394820980,openalex,https://doi.org/10.3390/su16083255,2026-03-19,cc-by
https://openalex.org/W4394823126,openalex,https://doi.org/10.1016/j.pmatsci.2024.101299,2026-03-19,cc-by
https://openalex.org/W4394833143,openalex,https://doi.org/10.1002/adfm.202403608,2026-03-19,
https://openalex.org/W4394836852,openalex,https://doi.org/10.3390/su16083325,2026-03-19,cc-by
https://openalex.org/W4394836990,openalex,https://doi.org/10.3390/buildings14041113,2026-03-19,cc-by
https://openalex.org/W4394838032,openalex,https://doi.org/10.7717/peerj.16836,2026-03-19,cc-by
https://openalex.org/W4394841091,openalex,https://doi.org/10.1021/acsomega.4c00461,2026-03-19,cc-by
https://openalex.org/W4394845945,openalex,https://doi.org/10.58812/wsis.v2i03.747,2026-03-19,cc-by-sa
https://openalex.org/W4394846596,openalex,https://doi.org/10.3390/su16083312,2026-03-19,cc-by
https://openalex.org/W4394851245,openalex,https://doi.org/10.1016/j.gsf.2024.101843,2026-03-19,cc-by-nc-nd
https://openalex.org/W4394855216,openalex,https://doi.org/10.1002/sd.3007,2026-03-19,cc-by
https://openalex.org/W4394856560,openalex,https://doi.org/10.1080/15309576.2024.2340116,2026-03-19,
https://openalex.org/W4394868753,openalex,https://doi.org/10.1002/bse.3767,2026-03-19,cc-by
https://openalex.org/W4394886303,openalex,https://doi.org/10.5267/j.uscm.2024.2.012,2026-03-19,
https://openalex.org/W4394890879,openalex,https://doi.org/10.1002/sd.3013,2026-03-19,
https://openalex.org/W4394891571,openalex,https://doi.org/10.3390/su16083362,2026-03-19,cc-by
https://openalex.org/W4394891716,openalex,https://doi.org/10.3390/foods13081224,2026-03-19,cc-by
https://openalex.org/W4394891806,openalex,https://doi.org/10.3390/foods13081226,2026-03-19,cc-by
https://openalex.org/W4394903761,openalex,https://doi.org/10.1016/j.indmarman.2024.03.010,2026-03-19,cc-by-nc-nd
https://openalex.org/W4394904051,openalex,https://doi.org/10.1016/j.autcon.2024.105420,2026-03-19,cc-by
https://openalex.org/W4394914663,openalex,https://doi.org/10.3390/su16083400,2026-03-19,cc-by
https://openalex.org/W4394919582,openalex,https://doi.org/10.1561/114.00000058,2026-03-19,cc-by-nc
https://openalex.org/W4394922991,openalex,https://doi.org/10.3390/su16083387,2026-03-19,cc-by
https://openalex.org/W4394926593,openalex,https://doi.org/10.1016/j.sftr.2024.100196,2026-03-19,cc-by
https://openalex.org/W4394927162,openalex,https://doi.org/10.1002/wene.517,2026-03-19,cc-by
https://openalex.org/W4394927218,openalex,https://doi.org/10.1002/sd.2982,2026-03-19,cc-by
https://openalex.org/W4394927537,openalex,https://doi.org/10.1108/jkm-09-2023-0788,2026-03-19,
https://openalex.org/W4394927686,openalex,https://doi.org/10.1038/s41467-024-47598-6,2026-03-19,cc-by
https://openalex.org/W4394927977,openalex,https://doi.org/10.1002/sd.3009,2026-03-19,
https://openalex.org/W4394930124,openalex,https://doi.org/10.1002/bse.3766,2026-03-19,
https://openalex.org/W4394935848,openalex,https://doi.org/10.1016/j.heliyon.2024.e29946,2026-03-19,
https://openalex.org/W4394938076,openalex,https://doi.org/10.1039/d4gc00392f,2026-03-19,cc-by
https://openalex.org/W4394946095,openalex,https://doi.org/10.4337/9781800378650,2026-03-19,cc-by-nc-nd
https://openalex.org/W4394958478,openalex,https://doi.org/10.1016/j.scs.2024.105457,2026-03-19,cc-by
https://openalex.org/W4394975964,openalex,https://doi.org/10.1002/kpm.1777,2026-03-19,cc-by
https://openalex.org/W4394976065,openalex,https://doi.org/10.52403/ijrr.20240427,2026-03-19,
https://openalex.org/W4394976983,openalex,https://doi.org/10.1007/s10098-024-02838-7,2026-03-19,cc-by
https://openalex.org/W4394980378,openalex,https://doi.org/10.1016/j.jclepro.2024.142272,2026-03-19,cc-by
https://openalex.org/W4394980783,openalex,https://doi.org/10.1039/d3su00440f,2026-03-19,cc-by-nc
https://openalex.org/W4394983690,openalex,https://doi.org/10.1016/j.jclepro.2024.142293,2026-03-19,cc-by
https://openalex.org/W4394984827,openalex,https://doi.org/10.1016/j.trgeo.2024.101256,2026-03-19,cc-by
https://openalex.org/W4394986722,openalex,https://doi.org/10.1002/bse.3774,2026-03-19,cc-by-nc-nd
https://openalex.org/W4394987190,openalex,https://doi.org/10.31181/jopi21202420,2026-03-19,cc-by
https://openalex.org/W4394989929,openalex,https://doi.org/10.1016/j.cscm.2024.e03188,2026-03-19,cc-by-nc
https://openalex.org/W4394991455,openalex,https://doi.org/10.1016/j.eist.2024.100846,2026-03-19,cc-by
https://openalex.org/W4394996591,openalex,https://doi.org/10.3390/su16083505,2026-03-19,cc-by
https://openalex.org/W4394996728,openalex,https://doi.org/10.1016/j.fbio.2024.104151,2026-03-19,cc-by
https://openalex.org/W4394998011,openalex,https://doi.org/10.3390/agriculture14040643,2026-03-19,cc-by
https://openalex.org/W4394998509,openalex,https://doi.org/10.3390/w16081189,2026-03-19,cc-by
https://openalex.org/W4395000902,openalex,https://doi.org/10.3390/foods13081281,2026-03-19,cc-by
https://openalex.org/W4395001312,openalex,https://doi.org/10.26650/jot.2024.10.1.1312994,2026-03-19,cc-by-nc
https://openalex.org/W4395002973,openalex,https://doi.org/10.1016/j.tust.2024.105776,2026-03-19,cc-by
https://openalex.org/W4395003025,openalex,https://doi.org/10.1002/pc.28467,2026-03-19,
https://openalex.org/W4395004746,openalex,https://doi.org/10.24136/oc.2937,2026-03-19,cc-by-nd
https://openalex.org/W4395005357,openalex,https://doi.org/10.1039/d3cs00898c,2026-03-19,cc-by-nc
https://openalex.org/W4395005712,openalex,https://doi.org/10.28991/esj-2024-08-02-05,2026-03-19,cc-by
https://openalex.org/W4395007592,openalex,https://doi.org/10.1002/bse.3783,2026-03-19,
https://openalex.org/W4395009840,openalex,https://doi.org/10.1002/bsd2.370,2026-03-19,
https://openalex.org/W4395010702,openalex,https://doi.org/10.3390/su16083465,2026-03-19,cc-by
https://openalex.org/W4395011537,openalex,https://doi.org/10.3390/su16083502,2026-03-19,cc-by
https://openalex.org/W4395021080,openalex,https://doi.org/10.1016/j.engstruct.2024.118050,2026-03-19,cc-by
https://openalex.org/W4395028174,openalex,https://doi.org/10.1109/access.2024.3392573,2026-03-19,
https://openalex.org/W4395031283,openalex,https://doi.org/10.1108/jpbafm-06-2023-0097,2026-03-19,cc-by
https://openalex.org/W4395038466,openalex,https://doi.org/10.2166/wcc.2024.631,2026-03-19,cc-by
https://openalex.org/W4395039100,openalex,https://doi.org/10.3390/horticulturae10050427,2026-03-19,cc-by
https://openalex.org/W4395039354,openalex,https://doi.org/10.1002/sd.3017,2026-03-19,cc-by-nc-nd
https://openalex.org/W4395039746,openalex,https://doi.org/10.1016/j.jjimei.2024.100243,2026-03-19,cc-by-nc-nd
https://openalex.org/W4395039887,openalex,https://doi.org/10.4103/singaporemedj.smj-2024-035,2026-03-19,cc-by-nc-sa
https://openalex.org/W4395044692,openalex,https://doi.org/10.1039/d4su00060a,2026-03-19,cc-by-nc
https://openalex.org/W4395046221,openalex,https://doi.org/10.1007/s13399-024-05626-x,2026-03-19,cc-by
https://openalex.org/W4395047555,openalex,https://doi.org/10.1007/s11625-024-01494-6,2026-03-19,cc-by
https://openalex.org/W4395048042,openalex,https://doi.org/10.1002/gch2.202300408,2026-03-19,cc-by
https://openalex.org/W4395063672,openalex,https://doi.org/10.1016/j.ecolind.2024.112011,2026-03-19,cc-by-nc-nd
https://openalex.org/W4395068971,openalex,https://doi.org/10.1051/0004-6361/202348788,2026-03-19,cc-by
https://openalex.org/W4395069886,openalex,https://doi.org/10.1371/journal.pone.0297521,2026-03-19,cc-by
https://openalex.org/W4395071076,openalex,https://doi.org/10.1016/j.sftr.2024.100204,2026-03-19,cc-by
https://openalex.org/W4395073416,openalex,https://doi.org/10.3390/su16093536,2026-03-19,cc-by
https://openalex.org/W4395075476,openalex,https://doi.org/10.1007/s11846-024-00764-y,2026-03-19,cc-by
https://openalex.org/W4395076451,openalex,https://doi.org/10.3390/su16093534,2026-03-19,cc-by
https://openalex.org/W4395081825,openalex,https://doi.org/10.1038/s41598-024-59439-z,2026-03-19,cc-by
https://openalex.org/W4395082137,openalex,https://doi.org/10.3390/su16093541,2026-03-19,cc-by
https://openalex.org/W4395110690,openalex,https://doi.org/10.3390/su16093562,2026-03-19,cc-by
https://openalex.org/W4395114137,openalex,https://doi.org/10.1016/j.jechem.2024.04.018,2026-03-19,cc-by
https://openalex.org/W4395447504,openalex,https://doi.org/10.1109/access.2024.3393470,2026-03-19,cc-by
https://openalex.org/W4395449285,openalex,https://doi.org/10.1073/pnas.2310186121,2026-03-19,cc-by
https://openalex.org/W4395449588,openalex,https://doi.org/10.1016/j.cogsc.2024.100925,2026-03-19,cc-by
https://openalex.org/W4395455151,openalex,https://doi.org/10.1177/00472875241247316,2026-03-19,cc-by
https://openalex.org/W4395455935,openalex,https://doi.org/10.51594/ijmer.v6i4.1058,2026-03-19,cc-by-nc
https://openalex.org/W4395465030,openalex,https://doi.org/10.3390/su16093603,2026-03-19,cc-by
https://openalex.org/W4395467761,openalex,https://doi.org/10.1002/bse.3778,2026-03-19,cc-by
https://openalex.org/W4395468403,openalex,https://doi.org/10.1016/j.foodqual.2024.105200,2026-03-19,cc-by-nc-nd
https://openalex.org/W4395469140,openalex,https://doi.org/10.1016/j.sel.2024.100042,2026-03-19,cc-by-nc-nd
https://openalex.org/W4395475010,openalex,https://doi.org/10.1016/j.trc.2024.104615,2026-03-19,cc-by-nc-nd
https://openalex.org/W4395481578,openalex,https://doi.org/10.1016/j.josfa.2024.100003,2026-03-19,cc-by
https://openalex.org/W4395663063,openalex,https://doi.org/10.3390/plants13091208,2026-03-19,cc-by
https://openalex.org/W4395664239,openalex,https://doi.org/10.1016/j.jdent.2024.105021,2026-03-19,cc-by-nc-nd
https://openalex.org/W4395664873,openalex,https://doi.org/10.3390/su16093663,2026-03-19,cc-by
https://openalex.org/W4395666204,openalex,https://doi.org/10.1021/acssuschemeng.4c00795,2026-03-19,
https://openalex.org/W4395675738,openalex,https://doi.org/10.1111/gfs.12673,2026-03-19,cc-by
https://openalex.org/W4395678449,openalex,https://doi.org/10.1016/j.heliyon.2024.e30412,2026-03-19,
https://openalex.org/W4395684539,openalex,https://doi.org/10.3390/e26050365,2026-03-19,cc-by
https://openalex.org/W4395688401,openalex,https://doi.org/10.1016/j.ecolecon.2024.108211,2026-03-19,cc-by
https://openalex.org/W4395701259,openalex,https://doi.org/10.1007/s44246-024-00123-2,2026-03-19,cc-by
https://openalex.org/W4395701396,openalex,https://doi.org/10.18280/ijsdp.190416,2026-03-19,cc-by
https://openalex.org/W4395960005,openalex,https://doi.org/10.1002/elt2.34,2026-03-19,cc-by
https://openalex.org/W4396215679,openalex,https://doi.org/10.1371/journal.pone.0298982,2026-03-19,cc-by
https://openalex.org/W4396218243,openalex,https://doi.org/10.7200/esicm.55.353,2026-03-19,cc-by
https://openalex.org/W4396218645,openalex,https://doi.org/10.3390/su16093714,2026-03-19,cc-by
https://openalex.org/W4396224883,openalex,https://doi.org/10.1002/bse.3769,2026-03-19,cc-by-nc-nd
https://openalex.org/W4396228206,openalex,https://doi.org/10.3389/fmicb.2024.1403168,2026-03-19,cc-by
https://openalex.org/W4396228474,openalex,https://doi.org/10.1007/s10668-024-04946-2,2026-03-19,cc-by
https://openalex.org/W4396231957,openalex,https://doi.org/10.37934/armne.16.1.1934,2026-03-19,cc-by-nc
https://openalex.org/W4396232129,openalex,https://doi.org/10.3390/molecules29092055,2026-03-19,cc-by
https://openalex.org/W4396238468,openalex,https://doi.org/10.1002/anie.202404454,2026-03-19,cc-by
https://openalex.org/W4396239062,openalex,https://doi.org/10.1007/s13280-024-02003-w,2026-03-19,cc-by
https://openalex.org/W4396495518,openalex,https://doi.org/10.3390/su16093733,2026-03-19,cc-by
https://openalex.org/W4396496057,openalex,https://doi.org/10.9734/jeai/2024/v46i62470,2026-03-19,
https://openalex.org/W4396496376,openalex,https://doi.org/10.59429/ace.v7i2.3870,2026-03-19,cc-by
https://openalex.org/W4396499540,openalex,https://doi.org/10.1016/j.rser.2024.114456,2026-03-19,cc-by
https://openalex.org/W4396510567,openalex,https://doi.org/10.3390/en17092148,2026-03-19,cc-by
https://openalex.org/W4396517381,openalex,https://doi.org/10.1016/j.resourpol.2024.105036,2026-03-19,cc-by
https://openalex.org/W4396518688,openalex,https://doi.org/10.3390/polym16091246,2026-03-19,cc-by
https://openalex.org/W4396522222,openalex,https://doi.org/10.20885/millah.vol23.iss1.art4,2026-03-19,cc-by-sa
https://openalex.org/W4396533771,openalex,https://doi.org/10.1111/pbi.14344,2026-03-19,cc-by
https://openalex.org/W4396540968,openalex,https://doi.org/10.1016/j.rser.2024.114447,2026-03-19,cc-by
https://openalex.org/W4396541921,openalex,https://doi.org/10.1126/scitranslmed.adj4303,2026-03-19,
https://openalex.org/W4396544712,openalex,https://doi.org/10.1016/j.spc.2024.04.030,2026-03-19,cc-by
https://openalex.org/W4396545114,openalex,https://doi.org/10.1016/j.jmst.2024.03.074,2026-03-19,cc-by
https://openalex.org/W4396547627,openalex,https://doi.org/10.1016/j.net.2024.04.046,2026-03-19,cc-by-nc-nd
https://openalex.org/W4396547959,openalex,https://doi.org/10.1039/d3ra05816f,2026-03-19,cc-by
https://openalex.org/W4396550551,openalex,https://doi.org/10.3390/polym16091268,2026-03-19,cc-by
https://openalex.org/W4396558562,openalex,https://doi.org/10.51526/kbes.2024.5.1.1-45,2026-03-19,
https://openalex.org/W4396575497,openalex,https://doi.org/10.3390/fuels5020010,2026-03-19,cc-by
https://openalex.org/W4396578882,openalex,https://doi.org/10.1002/adfm.202406557,2026-03-19,cc-by
https://openalex.org/W4396580970,openalex,https://doi.org/10.1016/j.jclepro.2024.142431,2026-03-19,cc-by-nc-nd
https://openalex.org/W4396585138,openalex,https://doi.org/10.1111/brv.13088,2026-03-19,cc-by
https://openalex.org/W4396586656,openalex,https://doi.org/10.1002/adma.202470139,2026-03-19,
https://openalex.org/W4396592771,openalex,https://doi.org/10.1007/s10668-024-04892-z,2026-03-19,cc-by
https://openalex.org/W4396602537,openalex,https://doi.org/10.1016/j.jebo.2024.04.026,2026-03-19,cc-by
https://openalex.org/W4396608047,openalex,https://doi.org/10.1016/j.enbuild.2024.114226,2026-03-19,cc-by
https://openalex.org/W4396611946,openalex,https://doi.org/10.3390/su16093798,2026-03-19,cc-by
https://openalex.org/W4396614223,openalex,https://doi.org/10.3390/smartcities7030044,2026-03-19,cc-by
https://openalex.org/W4396615995,openalex,https://doi.org/10.1016/j.jdmm.2024.100898,2026-03-19,cc-by-nc
https://openalex.org/W4396616521,openalex,https://doi.org/10.1080/23311886.2024.2341483,2026-03-19,cc-by
https://openalex.org/W4396617990,openalex,https://doi.org/10.1016/j.scs.2024.105497,2026-03-19,cc-by-nc
https://openalex.org/W4396622004,openalex,https://doi.org/10.1016/j.spc.2024.04.032,2026-03-19,cc-by
https://openalex.org/W4396622023,openalex,https://doi.org/10.1016/j.fufo.2024.100355,2026-03-19,cc-by-nc-nd
https://openalex.org/W4396636754,openalex,https://doi.org/10.1016/j.mser.2024.100797,2026-03-19,cc-by-nc
https://openalex.org/W4396636922,openalex,https://doi.org/10.1108/apjba-08-2023-0384,2026-03-19,cc-by
https://openalex.org/W4396639685,openalex,https://doi.org/10.30574/wjarr.2024.22.1.1259,2026-03-19,cc-by-nc-sa
https://openalex.org/W4396640921,openalex,https://doi.org/10.51594/ijmer.v6i5.1093,2026-03-19,cc-by-nc
https://openalex.org/W4396644540,openalex,https://doi.org/10.1016/j.scs.2024.105499,2026-03-19,cc-by
https://openalex.org/W4396646227,openalex,https://doi.org/10.1177/23970022241240890,2026-03-19,cc-by
https://openalex.org/W4396653761,openalex,https://doi.org/10.1007/s12559-024-10285-1,2026-03-19,cc-by
https://openalex.org/W4396654316,openalex,https://doi.org/10.1002/sd.3021,2026-03-19,
https://openalex.org/W4396661104,openalex,https://doi.org/10.1016/j.dwt.2024.100344,2026-03-19,cc-by
https://openalex.org/W4396664211,openalex,https://doi.org/10.34306/att.v6i1.381,2026-03-19,cc-by
https://openalex.org/W4396664228,openalex,https://doi.org/10.1111/ppl.14307,2026-03-19,cc-by
https://openalex.org/W4396666427,openalex,https://doi.org/10.3390/fishes9050167,2026-03-19,cc-by
https://openalex.org/W4396670638,openalex,https://doi.org/10.3389/fnut.2024.1385232,2026-03-19,cc-by
https://openalex.org/W4396674183,openalex,https://doi.org/10.3390/su16093858,2026-03-19,cc-by
https://openalex.org/W4396678540,openalex,https://doi.org/10.1016/j.jobe.2024.109530,2026-03-19,cc-by
https://openalex.org/W4396680626,openalex,https://doi.org/10.1109/access.2024.3397243,2026-03-19,
https://openalex.org/W4396684741,openalex,https://doi.org/10.1016/j.techfore.2024.123436,2026-03-19,cc-by-nc-nd
https://openalex.org/W4396690593,openalex,https://doi.org/10.3389/fsoil.2024.1376159,2026-03-19,cc-by
https://openalex.org/W4396695303,openalex,https://doi.org/10.1007/s42452-024-05920-3,2026-03-19,cc-by
https://openalex.org/W4396698770,openalex,https://doi.org/10.1016/j.heliyon.2024.e30652,2026-03-19,
https://openalex.org/W4396700362,openalex,https://doi.org/10.1016/j.procir.2024.01.143,2026-03-19,cc-by-nc-nd
https://openalex.org/W4396703084,openalex,https://doi.org/10.1002/csr.2832,2026-03-19,
https://openalex.org/W4396706006,openalex,https://doi.org/10.1108/ijoa-08-2023-3951,2026-03-19,cc-by
https://openalex.org/W4396707701,openalex,https://doi.org/10.3390/su16103899,2026-03-19,cc-by
https://openalex.org/W4396708316,openalex,https://doi.org/10.1016/j.isci.2024.109925,2026-03-19,cc-by
https://openalex.org/W4396716447,openalex,https://doi.org/10.1016/j.indcrop.2024.118610,2026-03-19,cc-by-nc-nd
https://openalex.org/W4396716967,openalex,https://doi.org/10.1016/j.rser.2024.114508,2026-03-19,cc-by-nc-nd
https://openalex.org/W4396721859,openalex,https://doi.org/10.1016/j.scitotenv.2024.173107,2026-03-19,cc-by-nc-nd
https://openalex.org/W4396723772,openalex,https://doi.org/10.1002/adfm.202402461,2026-03-19,
https://openalex.org/W4396724081,openalex,https://doi.org/10.1016/j.ccr.2024.215900,2026-03-19,cc-by
https://openalex.org/W4396732615,openalex,https://doi.org/10.1016/j.rser.2024.114457,2026-03-19,cc-by-nc-nd
https://openalex.org/W4396733552,openalex,https://doi.org/10.3390/su16103921,2026-03-19,cc-by
https://openalex.org/W4396734539,openalex,https://doi.org/10.9734/ijecc/2024/v14i54167,2026-03-19,
https://openalex.org/W4396734955,openalex,https://doi.org/10.1108/jfbm-01-2024-0022,2026-03-19,cc-by
https://openalex.org/W4396736842,openalex,https://doi.org/10.37394/232033.2024.2.10,2026-03-19,
https://openalex.org/W4396738122,openalex,https://doi.org/10.1017/err.2024.29,2026-03-19,cc-by
https://openalex.org/W4396740796,openalex,https://doi.org/10.52783/jes.3360,2026-03-19,cc-by-nd
https://openalex.org/W4396752219,openalex,https://doi.org/10.60087/jaigs.v2i1.97,2026-03-19,cc-by
https://openalex.org/W4396752316,openalex,https://doi.org/10.60079/aaar.v2i1.167,2026-03-19,cc-by
https://openalex.org/W4396752433,openalex,https://doi.org/10.60087/jaigs.v1i1.87,2026-03-19,cc-by
https://openalex.org/W4396753533,openalex,https://doi.org/10.1109/access.2024.3397619,2026-03-19,
https://openalex.org/W4396760733,openalex,https://doi.org/10.1186/s11671-024-04007-7,2026-03-19,cc-by
https://openalex.org/W4396761552,openalex,https://doi.org/10.3390/ruminants4020017,2026-03-19,cc-by
https://openalex.org/W4396762921,openalex,https://doi.org/10.3389/frmst.2024.1390599,2026-03-19,cc-by
https://openalex.org/W4396765567,openalex,https://doi.org/10.1007/s42824-024-00117-w,2026-03-19,cc-by
https://openalex.org/W4396766026,openalex,https://doi.org/10.1021/acssuschemeng.4c01260,2026-03-19,cc-by
https://openalex.org/W4396769375,openalex,https://doi.org/10.3390/su16103976,2026-03-19,cc-by
https://openalex.org/W4396769551,openalex,https://doi.org/10.3390/su16103964,2026-03-19,cc-by
https://openalex.org/W4396774176,openalex,https://doi.org/10.1016/j.plaphy.2024.108699,2026-03-19,cc-by-nc-nd
https://openalex.org/W4396779205,openalex,https://doi.org/10.1038/s41467-024-48053-2,2026-03-19,cc-by
https://openalex.org/W4396781002,openalex,https://doi.org/10.1021/acsinfecdis.4c00172,2026-03-19,cc-by-nc-nd
https://openalex.org/W4396791633,openalex,https://doi.org/10.1016/j.ijhm.2024.103791,2026-03-19,cc-by-nc-nd
https://openalex.org/W4396792624,openalex,https://doi.org/10.1016/j.heliyon.2024.e31099,2026-03-19,
https://openalex.org/W4396799187,openalex,https://doi.org/10.29333/ejosdr/14604,2026-03-19,cc-by
https://openalex.org/W4396805398,openalex,https://doi.org/10.1021/acsnano.4c01179,2026-03-19,
https://openalex.org/W4396807524,openalex,https://doi.org/10.1038/s41598-024-61350-6,2026-03-19,cc-by
https://openalex.org/W4396807867,openalex,https://doi.org/10.1108/par-02-2024-0038,2026-03-19,
https://openalex.org/W4396807958,openalex,https://doi.org/10.1002/pls2.10135,2026-03-19,cc-by
https://openalex.org/W4396809042,openalex,https://doi.org/10.1002/spe.3340,2026-03-19,cc-by
https://openalex.org/W4396824689,openalex,https://doi.org/10.1016/j.bcab.2024.103224,2026-03-19,cc-by-nc
https://openalex.org/W4396826464,openalex,https://doi.org/10.1016/j.heliyon.2024.e31133,2026-03-19,
https://openalex.org/W4396826714,openalex,https://doi.org/10.9734/ijpss/2024/v36i64651,2026-03-19,
https://openalex.org/W4396827226,openalex,https://doi.org/10.1145/3613904.3642387,2026-03-19,cc-by-sa
https://openalex.org/W4396830230,openalex,https://doi.org/10.52214/cjel.v49i2.12633,2026-03-19,cc-by
https://openalex.org/W4396830404,openalex,https://doi.org/10.1007/s10668-024-05009-2,2026-03-19,cc-by
https://openalex.org/W4396832524,openalex,https://doi.org/10.1145/3613904.3642581,2026-03-19,cc-by
https://openalex.org/W4396833453,openalex,https://doi.org/10.1145/3613905.3636300,2026-03-19,
https://openalex.org/W4396842098,openalex,https://doi.org/10.1016/j.nxmate.2024.100225,2026-03-19,cc-by-nc-nd
https://openalex.org/W4396847081,openalex,https://doi.org/10.51594/ijmer.v6i5.1128,2026-03-19,cc-by-nc
https://openalex.org/W4396847084,openalex,https://doi.org/10.51594/ijarss.v6i5.1131,2026-03-19,cc-by-nc
https://openalex.org/W4396855402,openalex,https://doi.org/10.1016/j.jclepro.2024.142573,2026-03-19,cc-by
https://openalex.org/W4396857950,openalex,https://doi.org/10.1089/neu.2024.0014,2026-03-19,
https://openalex.org/W4396858297,openalex,https://doi.org/10.1080/09639284.2024.2351951,2026-03-19,
https://openalex.org/W4396861916,openalex,https://doi.org/10.1080/17517575.2024.2351862,2026-03-19,
https://openalex.org/W4396865980,openalex,https://doi.org/10.51594/csitrj.v5i5.1140,2026-03-19,cc-by-nc
https://openalex.org/W4396866159,openalex,https://doi.org/10.51594/ijae.v6i5.1134,2026-03-19,cc-by-nc
https://openalex.org/W4396866351,openalex,https://doi.org/10.51594/estj.v5i5.1136,2026-03-19,cc-by-nc
https://openalex.org/W4396867629,openalex,https://doi.org/10.3389/fsufs.2024.1389309,2026-03-19,cc-by
https://openalex.org/W4396872441,openalex,https://doi.org/10.3390/en17102345,2026-03-19,cc-by
https://openalex.org/W4396874650,openalex,https://doi.org/10.36074/logos-26.04.2024.010,2026-03-19,cc-by-sa
https://openalex.org/W4396875608,openalex,https://doi.org/10.34306/itsdi.v5i2.666,2026-03-19,cc-by
https://openalex.org/W4396885897,openalex,https://doi.org/10.1038/s41467-024-48181-9,2026-03-19,cc-by
https://openalex.org/W4396889689,openalex,https://doi.org/10.1080/23311975.2024.2353222,2026-03-19,cc-by
https://openalex.org/W4396890063,openalex,https://doi.org/10.1021/acs.est.4c03522,2026-03-19,cc-by
https://openalex.org/W4396893264,openalex,https://doi.org/10.1029/2023ef004335,2026-03-19,cc-by
https://openalex.org/W4396897618,openalex,https://doi.org/10.1007/s40804-024-00320-x,2026-03-19,cc-by
https://openalex.org/W4396897919,openalex,https://doi.org/10.3390/su16104076,2026-03-19,cc-by
https://openalex.org/W4396898829,openalex,https://doi.org/10.1016/j.stress.2024.100482,2026-03-19,cc-by-nc-nd
https://openalex.org/W4396900490,openalex,https://doi.org/10.1016/j.ijmst.2024.04.003,2026-03-19,cc-by-nc-nd
https://openalex.org/W4396903234,openalex,https://doi.org/10.1002/sd.3040,2026-03-19,cc-by
https://openalex.org/W4396921597,openalex,https://doi.org/10.3389/frsus.2024.1362051,2026-03-19,cc-by
https://openalex.org/W4396925029,openalex,https://doi.org/10.3390/foods13101534,2026-03-19,cc-by
https://openalex.org/W4396930956,openalex,https://doi.org/10.1002/sd.3037,2026-03-19,cc-by
https://openalex.org/W4396946392,openalex,https://doi.org/10.1016/j.farsys.2024.100098,2026-03-19,cc-by-nc-nd
https://openalex.org/W4396948737,openalex,https://doi.org/10.1371/journal.pone.0298580,2026-03-19,cc-by
https://openalex.org/W4396948778,openalex,https://doi.org/10.1038/s41467-024-48510-y,2026-03-19,cc-by
https://openalex.org/W4396950448,openalex,https://doi.org/10.1073/pnas.2319519121,2026-03-19,cc-by-nc-nd
https://openalex.org/W4396952675,openalex,https://doi.org/10.3390/inventions9030060,2026-03-19,cc-by
https://openalex.org/W4396952745,openalex,https://doi.org/10.1108/ijlm-09-2023-0381,2026-03-19,
https://openalex.org/W4396953543,openalex,https://doi.org/10.3390/educsci14050541,2026-03-19,cc-by
https://openalex.org/W4396957536,openalex,https://doi.org/10.9734/jsrr/2024/v30i62068,2026-03-19,
https://openalex.org/W4396965624,openalex,https://doi.org/10.1016/j.geosus.2024.05.001,2026-03-19,cc-by-nc-nd
https://openalex.org/W4396967916,openalex,https://doi.org/10.1111/gcbb.13150,2026-03-19,cc-by
https://openalex.org/W4396973228,openalex,https://doi.org/10.1007/s10668-024-04919-5,2026-03-19,cc-by
https://openalex.org/W4396975072,openalex,https://doi.org/10.1080/14747731.2024.2351301,2026-03-19,
https://openalex.org/W4396976312,openalex,https://doi.org/10.3390/su16104167,2026-03-19,cc-by
https://openalex.org/W4396976848,openalex,https://doi.org/10.3390/su16104187,2026-03-19,cc-by
https://openalex.org/W4396979066,openalex,https://doi.org/10.1016/j.sftr.2024.100216,2026-03-19,cc-by-nc-nd
https://openalex.org/W4396985253,openalex,https://doi.org/10.1016/j.jwpe.2024.105368,2026-03-19,cc-by-nc
https://openalex.org/W4397000400,openalex,https://doi.org/10.1016/j.adna.2024.05.002,2026-03-19,cc-by-nc-nd
https://openalex.org/W4397002028,openalex,https://doi.org/10.3390/ani14101497,2026-03-19,cc-by
https://openalex.org/W4397002662,openalex,https://doi.org/10.1016/j.oneear.2024.04.018,2026-03-19,
https://openalex.org/W4397004414,openalex,https://doi.org/10.3390/futuretransp4020025,2026-03-19,cc-by
https://openalex.org/W4397004559,openalex,https://doi.org/10.1177/08927057241254324,2026-03-19,cc-by
https://openalex.org/W4397005435,openalex,https://doi.org/10.3390/buildings14051458,2026-03-19,cc-by
https://openalex.org/W4397005995,openalex,https://doi.org/10.3389/fsufs.2024.1402150,2026-03-19,cc-by
https://openalex.org/W4397008515,openalex,https://doi.org/10.1007/s11625-024-01506-5,2026-03-19,cc-by
https://openalex.org/W4397011805,openalex,https://doi.org/10.1108/ejim-11-2023-0961,2026-03-19,cc-by
https://openalex.org/W4397019437,openalex,https://doi.org/10.1177/26349833241255957,2026-03-19,cc-by-nc
https://openalex.org/W4397025923,openalex,https://doi.org/10.1039/d4ee01460j,2026-03-19,cc-by
https://openalex.org/W4397030847,openalex,https://doi.org/10.1016/j.mayocpiqo.2023.10.002,2026-03-19,
https://openalex.org/W4397031688,openalex,https://doi.org/10.1039/d3va00358b,2026-03-19,cc-by-nc
https://openalex.org/W4397041601,openalex,https://doi.org/10.1007/s40123-024-00965-4,2026-03-19,cc-by-nc
https://openalex.org/W4397049859,openalex,https://doi.org/10.1016/j.mtsust.2024.100842,2026-03-19,cc-by
https://openalex.org/W4397289175,openalex,https://doi.org/10.1016/j.scs.2024.105536,2026-03-19,cc-by-nc
https://openalex.org/W4397293847,openalex,https://doi.org/10.28991/cej-2024-010-04-020,2026-03-19,cc-by
https://openalex.org/W4397296034,openalex,https://doi.org/10.1016/j.jik.2024.100498,2026-03-19,cc-by-nc-nd
https://openalex.org/W4398131126,openalex,https://doi.org/10.1681/asn.0000000000000402,2026-03-19,
https://openalex.org/W4398132860,openalex,https://doi.org/10.3389/fchem.2024.1402563,2026-03-19,cc-by
https://openalex.org/W4398134719,openalex,https://doi.org/10.3390/su16104275,2026-03-19,cc-by
https://openalex.org/W4398135719,openalex,https://doi.org/10.1002/adfm.202405055,2026-03-19,
https://openalex.org/W4398138470,openalex,https://doi.org/10.38124/ijisrt/ijisrt24may588,2026-03-19,cc-by-nc
https://openalex.org/W4398141381,openalex,https://doi.org/10.3390/batteries10050168,2026-03-19,cc-by
https://openalex.org/W4398142531,openalex,https://doi.org/10.3390/ijgi13050167,2026-03-19,cc-by
https://openalex.org/W4398142968,openalex,https://doi.org/10.3390/su16104310,2026-03-19,cc-by
https://openalex.org/W4398154910,openalex,https://doi.org/10.1016/j.jenvman.2024.121172,2026-03-19,cc-by
https://openalex.org/W4398159744,openalex,https://doi.org/10.24018/ejece.2024.8.3.618,2026-03-19,cc-by
https://openalex.org/W4398164723,openalex,https://doi.org/10.1016/j.gsf.2024.101873,2026-03-19,cc-by-nc-nd
https://openalex.org/W4398171711,openalex,https://doi.org/10.51594/csitrj.v5i5.1156,2026-03-19,cc-by-nc
https://openalex.org/W4398176756,openalex,https://doi.org/10.20517/dpr.2023.41,2026-03-19,cc-by
https://openalex.org/W4398179859,openalex,https://doi.org/10.51594/ijarss.v6i5.1147,2026-03-19,cc-by-nc
https://openalex.org/W4398183350,openalex,https://doi.org/10.51594/farj.v6i5.1151,2026-03-19,cc-by-nc
https://openalex.org/W4398185455,openalex,https://doi.org/10.1016/j.heliyon.2024.e31592,2026-03-19,cc-by
https://openalex.org/W4398199858,openalex,https://doi.org/10.1088/2632-072x/ad4f3d,2026-03-19,cc-by
https://openalex.org/W4398200114,openalex,https://doi.org/10.1007/s43621-024-00290-7,2026-03-19,cc-by
https://openalex.org/W4398200345,openalex,https://doi.org/10.1016/j.heliyon.2024.e31656,2026-03-19,cc-by-nc
https://openalex.org/W4398201651,openalex,https://doi.org/10.1002/adma.202402090,2026-03-19,cc-by-nc-nd
https://openalex.org/W4398201949,openalex,https://doi.org/10.47750/qas/25.201.02,2026-03-19,
https://openalex.org/W4398204207,openalex,https://doi.org/10.3390/en17112483,2026-03-19,cc-by
https://openalex.org/W4398205017,openalex,https://doi.org/10.1146/annurev-publhealth-060722-032021,2026-03-19,cc-by
https://openalex.org/W4398208864,openalex,https://doi.org/10.1016/j.egyr.2024.05.021,2026-03-19,cc-by-nc
https://openalex.org/W4398215817,openalex,https://doi.org/10.1016/j.hazadv.2024.100435,2026-03-19,cc-by-nc-nd
https://openalex.org/W4398216423,openalex,https://doi.org/10.1039/d4gc00911h,2026-03-19,
https://openalex.org/W4398236406,openalex,https://doi.org/10.1016/j.nanoen.2024.109785,2026-03-19,cc-by
https://openalex.org/W4398241013,openalex,https://doi.org/10.24294/nrcr.v7i1.5536,2026-03-19,cc-by
https://openalex.org/W4398243834,openalex,https://doi.org/10.1101/2024.05.23.595321,2026-03-19,
https://openalex.org/W4398252672,openalex,https://doi.org/10.3390/su16114432,2026-03-19,cc-by
https://openalex.org/W4398252674,openalex,https://doi.org/10.3390/risks12060087,2026-03-19,cc-by
https://openalex.org/W4398255780,openalex,https://doi.org/10.1002/sd.3051,2026-03-19,other-oa
https://openalex.org/W4398325919,openalex,https://doi.org/10.1080/10447318.2024.2352920,2026-03-19,
https://openalex.org/W4398774701,openalex,https://doi.org/10.58496/mjcs/2024/006,2026-03-19,cc-by
https://openalex.org/W4398778153,openalex,https://doi.org/10.3390/su16114451,2026-03-19,cc-by
https://openalex.org/W4398778255,openalex,https://doi.org/10.3390/su16114447,2026-03-19,cc-by
https://openalex.org/W4398781192,openalex,https://doi.org/10.3390/urbansci8020055,2026-03-19,cc-by
https://openalex.org/W4398783563,openalex,https://doi.org/10.3390/en17112542,2026-03-19,cc-by
https://openalex.org/W4398784890,openalex,https://doi.org/10.1016/j.jclepro.2024.142666,2026-03-19,cc-by
https://openalex.org/W4399008620,openalex,https://doi.org/10.1002/adfm.202402513,2026-03-19,cc-by
https://openalex.org/W4399023803,openalex,https://doi.org/10.31893/multirev.2024171,2026-03-19,cc-by-nc-nd
https://openalex.org/W4399028777,openalex,https://doi.org/10.1016/j.foodres.2024.114549,2026-03-19,cc-by
https://openalex.org/W4399036982,openalex,https://doi.org/10.1016/j.jclepro.2024.142700,2026-03-19,cc-by
https://openalex.org/W4399040391,openalex,https://doi.org/10.1016/j.jobab.2024.05.003,2026-03-19,cc-by-nc-nd
https://openalex.org/W4399043342,openalex,https://doi.org/10.3390/su16114478,2026-03-19,cc-by
https://openalex.org/W4399052867,openalex,https://doi.org/10.1108/jmtm-12-2023-0530,2026-03-19,
https://openalex.org/W4399055562,openalex,https://doi.org/10.3390/app14114605,2026-03-19,cc-by
https://openalex.org/W4399070300,openalex,https://doi.org/10.1016/j.heliyon.2024.e31996,2026-03-19,cc-by-nc-nd
https://openalex.org/W4399070341,openalex,https://doi.org/10.1007/s44279-024-00033-2,2026-03-19,cc-by
https://openalex.org/W4399074501,openalex,https://doi.org/10.3390/ma17112607,2026-03-19,cc-by
https://openalex.org/W4399081872,openalex,https://doi.org/10.3390/buildings14061566,2026-03-19,cc-by
https://openalex.org/W4399082301,openalex,https://doi.org/10.1016/j.jclepro.2024.142728,2026-03-19,cc-by
https://openalex.org/W4399082726,openalex,https://doi.org/10.1108/jgr-05-2023-0082,2026-03-19,cc-by
https://openalex.org/W4399086768,openalex,https://doi.org/10.3390/agriengineering6020084,2026-03-19,cc-by
https://openalex.org/W4399087415,openalex,https://doi.org/10.1007/978-3-031-56586-1_89,2026-03-19,cc-by-nc-sa
https://openalex.org/W4399089911,openalex,https://doi.org/10.3390/agriculture14060840,2026-03-19,cc-by
https://openalex.org/W4399092917,openalex,https://doi.org/10.3390/molecules29112534,2026-03-19,cc-by
https://openalex.org/W4399096426,openalex,https://doi.org/10.1177/21582440241255430,2026-03-19,cc-by
https://openalex.org/W4399097421,openalex,https://doi.org/10.1002/advs.202402390,2026-03-19,cc-by
https://openalex.org/W4399099969,openalex,https://doi.org/10.1007/s10668-024-05035-0,2026-03-19,cc-by
https://openalex.org/W4399106169,openalex,https://doi.org/10.1038/s41467-024-48790-4,2026-03-19,cc-by
https://openalex.org/W4399125002,openalex,https://doi.org/10.1016/j.scienta.2024.113342,2026-03-19,cc-by
https://openalex.org/W4399126306,openalex,https://doi.org/10.1017/bhj.2024.10,2026-03-19,cc-by
https://openalex.org/W4399131670,openalex,https://doi.org/10.1108/md-10-2023-2006,2026-03-19,cc-by
https://openalex.org/W4399138691,openalex,https://doi.org/10.3390/su16114596,2026-03-19,cc-by
https://openalex.org/W4399140168,openalex,https://doi.org/10.1002/sus2.207,2026-03-19,cc-by
https://openalex.org/W4399143072,openalex,https://doi.org/10.1016/j.clrc.2024.100196,2026-03-19,cc-by-nc-nd
https://openalex.org/W4399143461,openalex,https://doi.org/10.1016/j.ijhydene.2024.05.369,2026-03-19,cc-by
https://openalex.org/W4399150049,openalex,https://doi.org/10.1002/cey2.561,2026-03-19,cc-by
https://openalex.org/W4399154811,openalex,https://doi.org/10.1021/acsomega.4c02716,2026-03-19,cc-by
https://openalex.org/W4399156817,openalex,https://doi.org/10.3390/su16114650,2026-03-19,cc-by
https://openalex.org/W4399157549,openalex,https://doi.org/10.28978/nesciences.1469858,2026-03-19,cc-by
https://openalex.org/W4399160413,openalex,https://doi.org/10.18280/ijsdp.190537,2026-03-19,cc-by
https://openalex.org/W4399162493,openalex,https://doi.org/10.1002/cnl2.135,2026-03-19,cc-by
https://openalex.org/W4399168018,openalex,https://doi.org/10.1038/s41405-024-00228-1,2026-03-19,cc-by
https://openalex.org/W4399168022,openalex,https://doi.org/10.1126/science.adj2793,2026-03-19,
https://openalex.org/W4399169114,openalex,https://doi.org/10.1108/cdi-02-2024-0073,2026-03-19,cc-by
https://openalex.org/W4399169983,openalex,https://doi.org/10.1073/pnas.2400159121,2026-03-19,cc-by-nc-nd
https://openalex.org/W4399172934,openalex,https://doi.org/10.3390/su16114661,2026-03-19,cc-by
https://openalex.org/W4399175475,openalex,https://doi.org/10.28978/nesciences.1473461,2026-03-19,cc-by
https://openalex.org/W4399175978,openalex,https://doi.org/10.3390/su16114654,2026-03-19,cc-by
https://openalex.org/W4399176344,openalex,https://doi.org/10.1016/j.jwpe.2024.105486,2026-03-19,cc-by
https://openalex.org/W4399176766,openalex,https://doi.org/10.3390/su16114609,2026-03-19,cc-by
https://openalex.org/W4399177772,openalex,https://doi.org/10.1007/s43621-024-00273-8,2026-03-19,cc-by
https://openalex.org/W4399180980,openalex,https://doi.org/10.3390/en17112650,2026-03-19,cc-by
https://openalex.org/W4399188518,openalex,https://doi.org/10.2166/aqua.2024.310,2026-03-19,cc-by
https://openalex.org/W4399193104,openalex,https://doi.org/10.30574/wjarr.2024.22.2.1517,2026-03-19,cc-by-nc-sa
https://openalex.org/W4399208486,openalex,https://doi.org/10.1016/j.hybadv.2024.100218,2026-03-19,cc-by
https://openalex.org/W4399208770,openalex,https://doi.org/10.3390/nu16111725,2026-03-19,cc-by
https://openalex.org/W4399211870,openalex,https://doi.org/10.1016/j.ijhydene.2024.05.397,2026-03-19,cc-by
https://openalex.org/W4399213736,openalex,https://doi.org/10.1039/d3gc04598f,2026-03-19,cc-by-nc
https://openalex.org/W4399217604,openalex,https://doi.org/10.1016/j.conbuildmat.2024.136775,2026-03-19,cc-by
https://openalex.org/W4399222855,openalex,https://doi.org/10.3390/su16114688,2026-03-19,cc-by
https://openalex.org/W4399238326,openalex,https://doi.org/10.1021/acssuschemeng.4c00383,2026-03-19,cc-by
https://openalex.org/W4399243114,openalex,https://doi.org/10.1016/j.dwt.2024.100419,2026-03-19,cc-by-nc
https://openalex.org/W4399245697,openalex,https://doi.org/10.1002/mame.202400081,2026-03-19,cc-by
https://openalex.org/W4399246270,openalex,https://doi.org/10.3389/fpls.2024.1427283,2026-03-19,cc-by
https://openalex.org/W4399249481,openalex,https://doi.org/10.53664/jssd/03-02-2024-01-01-13,2026-03-19,
https://openalex.org/W4399249579,openalex,https://doi.org/10.1016/j.procs.2024.05.065,2026-03-19,cc-by
https://openalex.org/W4399253817,openalex,https://doi.org/10.1016/j.heliyon.2024.e32300,2026-03-19,cc-by-nc-nd
https://openalex.org/W4399255173,openalex,https://doi.org/10.1016/j.jafr.2024.101245,2026-03-19,cc-by
https://openalex.org/W4399264039,openalex,https://doi.org/10.1016/j.dajour.2024.100488,2026-03-19,cc-by-nc-nd
https://openalex.org/W4399265000,openalex,https://doi.org/10.28991/hef-2024-05-02-06,2026-03-19,cc-by
https://openalex.org/W4399265647,openalex,https://doi.org/10.48185/sebr.v5i2.1050,2026-03-19,cc-by
https://openalex.org/W4399274118,openalex,https://doi.org/10.1002/adhm.202401195,2026-03-19,
https://openalex.org/W4399275426,openalex,https://doi.org/10.1016/j.csbj.2024.05.018,2026-03-19,cc-by-nc-nd
https://openalex.org/W4399276013,openalex,https://doi.org/10.1080/13504622.2024.2349934,2026-03-19,cc-by-nc-nd
https://openalex.org/W4399281655,openalex,https://doi.org/10.1016/j.egyr.2024.05.047,2026-03-19,cc-by-nc-nd
https://openalex.org/W4399283493,openalex,https://doi.org/10.1016/j.giant.2024.100298,2026-03-19,cc-by-nc
https://openalex.org/W4399294297,openalex,https://doi.org/10.1080/27658511.2024.2362509,2026-03-19,cc-by
https://openalex.org/W4399300372,openalex,https://doi.org/10.1038/s44296-024-00017-9,2026-03-19,cc-by
https://openalex.org/W4399303145,openalex,https://doi.org/10.46488/nept.2024.v23i02.044,2026-03-19,cc-by
https://openalex.org/W4399309436,openalex,https://doi.org/10.1039/d3gc05027k,2026-03-19,cc-by
https://openalex.org/W4399350209,openalex,https://doi.org/10.1039/d4ee00933a,2026-03-19,cc-by
https://openalex.org/W4399360374,openalex,https://doi.org/10.1016/j.jclepro.2024.142795,2026-03-19,cc-by
https://openalex.org/W4399363254,openalex,https://doi.org/10.1016/j.fpsl.2024.101298,2026-03-19,cc-by-nc-nd
https://openalex.org/W4399365129,openalex,https://doi.org/10.3390/su16114808,2026-03-19,cc-by
https://openalex.org/W4399366683,openalex,https://doi.org/10.3390/gels10060387,2026-03-19,cc-by
https://openalex.org/W4399366788,openalex,https://doi.org/10.1016/j.xcrp.2024.102032,2026-03-19,
https://openalex.org/W4399380351,openalex,https://doi.org/10.1088/1361-6668/ad54f5,2026-03-19,cc-by-nc-nd
https://openalex.org/W4399388100,openalex,https://doi.org/10.1016/j.scitotenv.2024.173561,2026-03-19,cc-by-nc-nd
https://openalex.org/W4399388305,openalex,https://doi.org/10.1038/s43017-024-00560-y,2026-03-19,cc-by
https://openalex.org/W4399392443,openalex,https://doi.org/10.1038/s41545-024-00336-3,2026-03-19,cc-by
https://openalex.org/W4399393077,openalex,https://doi.org/10.3390/jrfm17060236,2026-03-19,cc-by
https://openalex.org/W4399393584,openalex,https://doi.org/10.3390/children11060695,2026-03-19,cc-by
https://openalex.org/W4399401276,openalex,https://doi.org/10.1039/d4ra02939a,2026-03-19,cc-by-nc
https://openalex.org/W4399401408,openalex,https://doi.org/10.1039/d3cs00504f,2026-03-19,cc-by
https://openalex.org/W4399411066,openalex,https://doi.org/10.51594/ijarss.v6i6.1175,2026-03-19,cc-by-nc
https://openalex.org/W4399420692,openalex,https://doi.org/10.1146/annurev-environ-111522-105932,2026-03-19,cc-by
https://openalex.org/W4399423367,openalex,https://doi.org/10.1002/bse.3840,2026-03-19,cc-by-nc-nd
https://openalex.org/W4399429631,openalex,https://doi.org/10.3390/bios14060300,2026-03-19,cc-by
https://openalex.org/W4399430315,openalex,https://doi.org/10.3390/su16124905,2026-03-19,cc-by
https://openalex.org/W4399432208,openalex,https://doi.org/10.1016/j.jort.2024.100779,2026-03-19,cc-by
https://openalex.org/W4399433516,openalex,https://doi.org/10.3390/su16124889,2026-03-19,cc-by
https://openalex.org/W4399434949,openalex,https://doi.org/10.3390/jcs8060215,2026-03-19,cc-by
https://openalex.org/W4399434960,openalex,https://doi.org/10.1002/eet.2115,2026-03-19,
https://openalex.org/W4399437935,openalex,https://doi.org/10.1111/resp.14767,2026-03-19,cc-by
https://openalex.org/W4399438258,openalex,https://doi.org/10.3390/su16124879,2026-03-19,cc-by
https://openalex.org/W4399442277,openalex,https://doi.org/10.51594/csitrj.v5i6.1195,2026-03-19,cc-by-nc
https://openalex.org/W4399444151,openalex,https://doi.org/10.1002/app.55560,2026-03-19,
https://openalex.org/W4399444181,openalex,https://doi.org/10.1002/wene.526,2026-03-19,cc-by
https://openalex.org/W4399462786,openalex,https://doi.org/10.1002/sd.3087,2026-03-19,cc-by
https://openalex.org/W4399463453,openalex,https://doi.org/10.1007/s10570-024-05975-w,2026-03-19,cc-by
https://openalex.org/W4399464922,openalex,https://doi.org/10.1080/27658511.2024.2362512,2026-03-19,cc-by
https://openalex.org/W4399476464,openalex,https://doi.org/10.1002/aesr.202400097,2026-03-19,cc-by
https://openalex.org/W4399478306,openalex,https://doi.org/10.1016/j.biombioe.2024.107277,2026-03-19,cc-by
https://openalex.org/W4399498345,openalex,https://doi.org/10.1002/celc.202400086,2026-03-19,cc-by
https://openalex.org/W4399503054,openalex,https://doi.org/10.1007/s42452-024-06009-7,2026-03-19,cc-by
https://openalex.org/W4399508803,openalex,https://doi.org/10.1002/adma.202404618,2026-03-19,cc-by
https://openalex.org/W4399513933,openalex,https://doi.org/10.3390/horticulturae10060621,2026-03-19,cc-by
https://openalex.org/W4399530448,openalex,https://doi.org/10.3390/environments11060123,2026-03-19,cc-by
https://openalex.org/W4399532423,openalex,https://doi.org/10.3389/frsus.2024.1409498,2026-03-19,cc-by
https://openalex.org/W4399532528,openalex,https://doi.org/10.3390/su16124978,2026-03-19,cc-by
https://openalex.org/W4399542246,openalex,https://doi.org/10.1016/j.atech.2024.100487,2026-03-19,cc-by-nc
https://openalex.org/W4399560843,openalex,https://doi.org/10.1016/j.dss.2024.114269,2026-03-19,cc-by-nc-nd
https://openalex.org/W4399567318,openalex,https://doi.org/10.1080/13467581.2024.2358203,2026-03-19,cc-by
https://openalex.org/W4399570589,openalex,https://doi.org/10.30574/gjeta.2024.19.3.0099,2026-03-19,cc-by
https://openalex.org/W4399574513,openalex,https://doi.org/10.1016/j.esr.2024.101455,2026-03-19,cc-by
https://openalex.org/W4399575246,openalex,https://doi.org/10.3390/polym16121662,2026-03-19,cc-by
https://openalex.org/W4399575609,openalex,https://doi.org/10.17221/20/2024-jfs,2026-03-19,cc-by-nc
https://openalex.org/W4399578677,openalex,https://doi.org/10.1080/20550324.2024.2362477,2026-03-19,
https://openalex.org/W4399581894,openalex,https://doi.org/10.1002/celc.202400288,2026-03-19,cc-by
https://openalex.org/W4399582512,openalex,https://doi.org/10.3390/buildings14061765,2026-03-19,cc-by
https://openalex.org/W4399588519,openalex,https://doi.org/10.1016/j.jclepro.2024.142879,2026-03-19,cc-by
https://openalex.org/W4399595821,openalex,https://doi.org/10.1111/beer.12710,2026-03-19,cc-by
https://openalex.org/W4399598826,openalex,https://doi.org/10.1002/adma.202310659,2026-03-19,cc-by-nc
https://openalex.org/W4399600744,openalex,https://doi.org/10.1016/j.radi.2024.05.014,2026-03-19,cc-by
https://openalex.org/W4399604997,openalex,https://doi.org/10.1038/s41591-024-03130-3,2026-03-19,cc-by
https://openalex.org/W4399626458,openalex,https://doi.org/10.3390/su16125049,2026-03-19,cc-by
https://openalex.org/W4399629408,openalex,https://doi.org/10.1002/adma.202404115,2026-03-19,cc-by
https://openalex.org/W4399637423,openalex,https://doi.org/10.3390/su16125015,2026-03-19,cc-by
https://openalex.org/W4399640402,openalex,https://doi.org/10.3390/molecules29122816,2026-03-19,cc-by
https://openalex.org/W4399641501,openalex,https://doi.org/10.3390/foods13121846,2026-03-19,cc-by
https://openalex.org/W4399646158,openalex,https://doi.org/10.3390/buildings14061777,2026-03-19,cc-by
https://openalex.org/W4399652810,openalex,https://doi.org/10.51594/farj.v6i6.1214,2026-03-19,cc-by-nc
https://openalex.org/W4399652840,openalex,https://doi.org/10.51594/ijarss.v6i6.1211,2026-03-19,cc-by-nc
https://openalex.org/W4399655267,openalex,https://doi.org/10.1016/j.heliyon.2024.e32654,2026-03-19,cc-by-nc-nd
https://openalex.org/W4399655597,openalex,https://doi.org/10.1016/j.erss.2024.103624,2026-03-19,cc-by-nc-nd
https://openalex.org/W4399667814,openalex,https://doi.org/10.1145/3628516.3655797,2026-03-19,cc-by
https://openalex.org/W4399678292,openalex,https://doi.org/10.1002/bsd2.396,2026-03-19,
https://openalex.org/W4399682001,openalex,https://doi.org/10.3390/su16125061,2026-03-19,cc-by
https://openalex.org/W4399685519,openalex,https://doi.org/10.1080/20932685.2024.2339236,2026-03-19,
https://openalex.org/W4399686408,openalex,https://doi.org/10.14207/ejsd.2024.v13n2p261,2026-03-19,cc-by-nc
https://openalex.org/W4399688995,openalex,https://doi.org/10.30574/gscarr.2024.19.3.0207,2026-03-19,cc-by-nc-sa
https://openalex.org/W4399689001,openalex,https://doi.org/10.30574/gscarr.2024.19.3.0206,2026-03-19,cc-by-nc-sa
https://openalex.org/W4399702720,openalex,https://doi.org/10.51594/farj.v6i6.1234,2026-03-19,cc-by-nc
https://openalex.org/W4399704318,openalex,https://doi.org/10.1002/bse.3841,2026-03-19,cc-by-nc-nd
https://openalex.org/W4399709921,openalex,https://doi.org/10.1016/j.sciaf.2024.e02276,2026-03-19,cc-by-nc-nd
https://openalex.org/W4399721998,openalex,https://doi.org/10.1016/j.energy.2024.132099,2026-03-19,cc-by
https://openalex.org/W4399729927,openalex,https://doi.org/10.1016/j.sftr.2024.100236,2026-03-19,cc-by-nc
https://openalex.org/W4399730709,openalex,https://doi.org/10.1016/j.cogsc.2024.100947,2026-03-19,cc-by
https://openalex.org/W4399731209,openalex,https://doi.org/10.1108/aaaj-02-2023-6292,2026-03-19,cc-by
https://openalex.org/W4399739004,openalex,https://doi.org/10.3390/su16125112,2026-03-19,cc-by
https://openalex.org/W4399739430,openalex,https://doi.org/10.3390/su16125095,2026-03-19,cc-by
https://openalex.org/W4399744073,openalex,https://doi.org/10.1177/21582440241261851,2026-03-19,cc-by
https://openalex.org/W4399746901,openalex,https://doi.org/10.3390/admsci14060126,2026-03-19,cc-by
https://openalex.org/W4399756784,openalex,https://doi.org/10.35534/spe.2024.10007,2026-03-19,cc-by
https://openalex.org/W4399760932,openalex,https://doi.org/10.1016/j.mtsust.2024.100886,2026-03-19,cc-by
https://openalex.org/W4399779177,openalex,https://doi.org/10.3390/su16125173,2026-03-19,cc-by
https://openalex.org/W4399782351,openalex,https://doi.org/10.1002/chem.202401728,2026-03-19,cc-by
https://openalex.org/W4399784884,openalex,https://doi.org/10.1051/bioconf/202411305010,2026-03-19,cc-by
https://openalex.org/W4399786065,openalex,https://doi.org/10.1016/j.rineng.2024.102433,2026-03-19,cc-by-nc-nd
https://openalex.org/W4399786389,openalex,https://doi.org/10.1016/j.rser.2024.114642,2026-03-19,cc-by
https://openalex.org/W4399787560,openalex,https://doi.org/10.1007/s13132-024-02129-y,2026-03-19,cc-by
https://openalex.org/W4399792750,openalex,https://doi.org/10.1002/bse.3838,2026-03-19,cc-by
https://openalex.org/W4399795923,openalex,https://doi.org/10.1016/j.jclepro.2024.142964,2026-03-19,cc-by-nc-nd
https://openalex.org/W4399804494,openalex,https://doi.org/10.1007/s13762-024-05818-y,2026-03-19,cc-by
https://openalex.org/W4399812385,openalex,https://doi.org/10.1021/acssuschemeng.4c03253,2026-03-19,cc-by
https://openalex.org/W4399830104,openalex,https://doi.org/10.3389/fsufs.2024.1344370,2026-03-19,cc-by
https://openalex.org/W4399852299,openalex,https://doi.org/10.3390/wevj15060275,2026-03-19,cc-by
https://openalex.org/W4399859572,openalex,https://doi.org/10.3390/coatings14060774,2026-03-19,cc-by
https://openalex.org/W4399859633,openalex,https://doi.org/10.1007/s40171-024-00404-0,2026-03-19,cc-by
https://openalex.org/W4399864149,openalex,https://doi.org/10.1016/j.crmicr.2024.100251,2026-03-19,cc-by-nc-nd
https://openalex.org/W4399874189,openalex,https://doi.org/10.1148/ryct.240135,2026-03-19,
https://openalex.org/W4399875629,openalex,https://doi.org/10.1016/j.carpta.2024.100529,2026-03-19,cc-by-nc
https://openalex.org/W4399885548,openalex,https://doi.org/10.3390/su16135303,2026-03-19,cc-by
https://openalex.org/W4399888457,openalex,https://doi.org/10.3390/su16135290,2026-03-19,cc-by
https://openalex.org/W4399888492,openalex,https://doi.org/10.3390/su16135291,2026-03-19,cc-by
https://openalex.org/W4399893184,openalex,https://doi.org/10.3390/su16135279,2026-03-19,cc-by
https://openalex.org/W4399897962,openalex,https://doi.org/10.1039/d4nh00243a,2026-03-19,
https://openalex.org/W4399899511,openalex,https://doi.org/10.1080/13504622.2024.2363848,2026-03-19,cc-by
https://openalex.org/W4399899544,openalex,https://doi.org/10.1080/13504622.2024.2363898,2026-03-19,
https://openalex.org/W4399901506,openalex,https://doi.org/10.1007/s42773-024-00350-1,2026-03-19,cc-by
https://openalex.org/W4399904096,openalex,https://doi.org/10.1016/j.seps.2024.101998,2026-03-19,cc-by
https://openalex.org/W4399914248,openalex,https://doi.org/10.1016/j.rser.2024.114699,2026-03-19,cc-by
https://openalex.org/W4399914351,openalex,https://doi.org/10.1016/j.cej.2024.153400,2026-03-19,cc-by
https://openalex.org/W4399914856,openalex,https://doi.org/10.1021/acssuschemeng.4c01213,2026-03-19,cc-by
https://openalex.org/W4399918329,openalex,https://doi.org/10.1080/10408398.2024.2365339,2026-03-19,cc-by
https://openalex.org/W4399918981,openalex,https://doi.org/10.1016/j.clwas.2024.100152,2026-03-19,cc-by
https://openalex.org/W4399925224,openalex,https://doi.org/10.1016/j.enpol.2024.114231,2026-03-19,cc-by
https://openalex.org/W4399945809,openalex,https://doi.org/10.1016/j.eneco.2024.107736,2026-03-19,cc-by-nc
https://openalex.org/W4399952670,openalex,https://doi.org/10.3390/app14135484,2026-03-19,cc-by
https://openalex.org/W4399954480,openalex,https://doi.org/10.3390/su16135371,2026-03-19,cc-by
https://openalex.org/W4399971348,openalex,https://doi.org/10.3390/su16135356,2026-03-19,cc-by
https://openalex.org/W4399973910,openalex,https://doi.org/10.1016/j.diii.2024.06.002,2026-03-19,cc-by
https://openalex.org/W4399975363,openalex,https://doi.org/10.3390/batteries10070220,2026-03-19,cc-by
https://openalex.org/W4399976895,openalex,https://doi.org/10.1016/j.apsb.2024.06.014,2026-03-19,cc-by-nc-nd
https://openalex.org/W4399978638,openalex,https://doi.org/10.3390/polym16131769,2026-03-19,cc-by
https://openalex.org/W4399983532,openalex,https://doi.org/10.51594/ijmer.v6i6.1238,2026-03-19,cc-by-nc
https://openalex.org/W4399997777,openalex,https://doi.org/10.1016/j.compag.2024.109184,2026-03-19,cc-by-nc
https://openalex.org/W4400005276,openalex,https://doi.org/10.22495/jgrv13i2siart22,2026-03-19,cc-by
https://openalex.org/W4400008138,openalex,https://doi.org/10.9734/ajsspn/2024/v10i3330,2026-03-19,
https://openalex.org/W4400010159,openalex,https://doi.org/10.20944/preprints202406.1697.v1,2026-03-19,cc-by
https://openalex.org/W4400010760,openalex,https://doi.org/10.1016/j.rineng.2024.102430,2026-03-19,cc-by
https://openalex.org/W4400013729,openalex,https://doi.org/10.1016/j.ecolind.2024.112281,2026-03-19,cc-by
https://openalex.org/W4400016045,openalex,https://doi.org/10.1016/j.rcradv.2024.200223,2026-03-19,cc-by
https://openalex.org/W4400035924,openalex,https://doi.org/10.1515/libri-2023-0111,2026-03-19,cc-by
https://openalex.org/W4400036836,openalex,https://doi.org/10.3390/su16135444,2026-03-19,cc-by
https://openalex.org/W4400037166,openalex,https://doi.org/10.1016/j.jup.2024.101799,2026-03-19,cc-by-nc-nd
https://openalex.org/W4400037524,openalex,https://doi.org/10.3390/su16135441,2026-03-19,cc-by
https://openalex.org/W4400039264,openalex,https://doi.org/10.3390/su16135417,2026-03-19,cc-by
https://openalex.org/W4400039447,openalex,https://doi.org/10.3390/su16135390,2026-03-19,cc-by
https://openalex.org/W4400042264,openalex,https://doi.org/10.9734/jeai/2024/v46i72623,2026-03-19,
https://openalex.org/W4400042532,openalex,https://doi.org/10.9734/ijecc/2024/v14i74254,2026-03-19,
https://openalex.org/W4400049621,openalex,https://doi.org/10.1016/j.learninstruc.2024.101963,2026-03-19,cc-by
https://openalex.org/W4400059035,openalex,https://doi.org/10.1016/j.heliyon.2024.e33602,2026-03-19,cc-by
https://openalex.org/W4400065610,openalex,https://doi.org/10.1021/acsomega.3c08883,2026-03-19,cc-by-nc-nd
https://openalex.org/W4400066084,openalex,https://doi.org/10.1016/j.scitotenv.2024.174252,2026-03-19,cc-by
https://openalex.org/W4400071358,openalex,https://doi.org/10.1371/journal.pone.0295850,2026-03-19,cc-by
https://openalex.org/W4400073091,openalex,https://doi.org/10.1007/s40868-024-00142-z,2026-03-19,cc-by
https://openalex.org/W4400076927,openalex,https://doi.org/10.1155/2024/4326438,2026-03-19,cc-by
https://openalex.org/W4400077547,openalex,https://doi.org/10.1186/s40807-024-00119-x,2026-03-19,cc-by
https://openalex.org/W4400080808,openalex,https://doi.org/10.1007/s43621-024-00324-0,2026-03-19,cc-by
https://openalex.org/W4400081892,openalex,https://doi.org/10.3390/su16135500,2026-03-19,cc-by
https://openalex.org/W4400086285,openalex,https://doi.org/10.3390/nu16132036,2026-03-19,cc-by
https://openalex.org/W4400093331,openalex,https://doi.org/10.3390/su16135448,2026-03-19,cc-by
https://openalex.org/W4400093397,openalex,https://doi.org/10.1039/d4gc01962h,2026-03-19,cc-by
https://openalex.org/W4400100770,openalex,https://doi.org/10.1080/09644016.2024.2369015,2026-03-19,cc-by
https://openalex.org/W4400102226,openalex,https://doi.org/10.1016/j.animal.2024.101231,2026-03-19,cc-by
https://openalex.org/W4400113001,openalex,https://doi.org/10.1016/j.aquaculture.2024.741302,2026-03-19,cc-by-nc-nd
https://openalex.org/W4400118790,openalex,https://doi.org/10.3390/land13070947,2026-03-19,cc-by
https://openalex.org/W4400119602,openalex,https://doi.org/10.3390/civileng5030029,2026-03-19,cc-by
https://openalex.org/W4400120827,openalex,https://doi.org/10.3390/su16135529,2026-03-19,cc-by
https://openalex.org/W4400122897,openalex,https://doi.org/10.3390/en17133183,2026-03-19,cc-by
https://openalex.org/W4400123485,openalex,https://doi.org/10.3390/su16135518,2026-03-19,cc-by
https://openalex.org/W4400126586,openalex,https://doi.org/10.1002/bse.3859,2026-03-19,
https://openalex.org/W4400127182,openalex,https://doi.org/10.3390/su16135511,2026-03-19,cc-by
https://openalex.org/W4400127350,openalex,https://doi.org/10.3390/su16135510,2026-03-19,cc-by
https://openalex.org/W4400129364,openalex,https://doi.org/10.1039/d4su00098f,2026-03-19,cc-by
https://openalex.org/W4400129510,openalex,https://doi.org/10.1021/acssuschemeng.4c01205,2026-03-19,cc-by
https://openalex.org/W4400130963,openalex,https://doi.org/10.3390/en17133179,2026-03-19,cc-by
https://openalex.org/W4400134527,openalex,https://doi.org/10.1002/sd.3101,2026-03-19,cc-by-nc-nd
https://openalex.org/W4400135588,openalex,https://doi.org/10.3389/fsufs.2024.1366878,2026-03-19,cc-by
https://openalex.org/W4400138814,openalex,https://doi.org/10.1016/j.rineng.2024.102478,2026-03-19,cc-by-nc-nd
https://openalex.org/W4400142364,openalex,https://doi.org/10.1016/j.ijhydene.2024.06.344,2026-03-19,cc-by
https://openalex.org/W4400157458,openalex,https://doi.org/10.1016/j.eti.2024.103723,2026-03-19,cc-by
https://openalex.org/W4400158440,openalex,https://doi.org/10.1080/01559982.2024.2364953,2026-03-19,cc-by
https://openalex.org/W4400169956,openalex,https://doi.org/10.60084/ijma.v2i1.144,2026-03-19,cc-by-nc
https://openalex.org/W4400181719,openalex,https://doi.org/10.1007/s00464-024-10962-0,2026-03-19,cc-by
https://openalex.org/W4400183976,openalex,https://doi.org/10.1021/acssuschemeng.3c06112,2026-03-19,cc-by-nc-nd
https://openalex.org/W4400184734,openalex,https://doi.org/10.1038/s41598-024-65727-5,2026-03-19,cc-by
https://openalex.org/W4400194352,openalex,https://doi.org/10.30574/gscarr.2024.19.3.0236,2026-03-19,cc-by-nc-sa
https://openalex.org/W4400197469,openalex,https://doi.org/10.3390/su16135554,2026-03-19,cc-by
https://openalex.org/W4400205024,openalex,https://doi.org/10.1111/jacf.12609,2026-03-19,cc-by
https://openalex.org/W4400210321,openalex,https://doi.org/10.3390/w16131877,2026-03-19,cc-by
https://openalex.org/W4400213387,openalex,https://doi.org/10.1039/d4fb00084f,2026-03-19,cc-by-nc
https://openalex.org/W4400216278,openalex,https://doi.org/10.36615/2ar4w994,2026-03-19,cc-by-nc
https://openalex.org/W4400217798,openalex,https://doi.org/10.1111/1758-5899.13401,2026-03-19,cc-by-nc-nd
https://openalex.org/W4400224643,openalex,https://doi.org/10.1016/j.scitotenv.2024.174373,2026-03-19,cc-by-nc-nd
https://openalex.org/W4400229337,openalex,https://doi.org/10.1016/j.jenvman.2024.121499,2026-03-19,cc-by-nc-nd
https://openalex.org/W4400231346,openalex,https://doi.org/10.1016/j.heliyon.2024.e33729,2026-03-19,
https://openalex.org/W4400241495,openalex,https://doi.org/10.3390/su16135655,2026-03-19,cc-by
https://openalex.org/W4400242223,openalex,https://doi.org/10.1007/s42773-024-00358-7,2026-03-19,cc-by
https://openalex.org/W4400243187,openalex,https://doi.org/10.33050/itee.v2i2.579,2026-03-19,cc-by
https://openalex.org/W4400243228,openalex,https://doi.org/10.33050/itee.v2i2.597,2026-03-19,cc-by
https://openalex.org/W4400248312,openalex,https://doi.org/10.1038/s44296-024-00020-0,2026-03-19,cc-by
https://openalex.org/W4400261328,openalex,https://doi.org/10.1016/j.engreg.2024.06.004,2026-03-19,cc-by-nc-nd
https://openalex.org/W4400261491,openalex,https://doi.org/10.3389/fpls.2024.1422504,2026-03-19,cc-by
https://openalex.org/W4400261689,openalex,https://doi.org/10.1007/s44163-024-00146-z,2026-03-19,cc-by
https://openalex.org/W4400262781,openalex,https://doi.org/10.30574/ijsra.2024.12.1.1185,2026-03-19,cc-by
https://openalex.org/W4400278217,openalex,https://doi.org/10.1002/anie.202407384,2026-03-19,cc-by-nc
https://openalex.org/W4400279853,openalex,https://doi.org/10.1007/s13762-024-05779-2,2026-03-19,cc-by
https://openalex.org/W4400280629,openalex,https://doi.org/10.1016/j.enconman.2024.118728,2026-03-19,cc-by-nc
https://openalex.org/W4400282225,openalex,https://doi.org/10.30574/ijsra.2024.12.2.1217,2026-03-19,cc-by
https://openalex.org/W4400282542,openalex,https://doi.org/10.3390/dairy5030031,2026-03-19,cc-by
https://openalex.org/W4400283768,openalex,https://doi.org/10.1080/23311975.2024.2371983,2026-03-19,cc-by
https://openalex.org/W4400285739,openalex,https://doi.org/10.3390/su16135688,2026-03-19,cc-by
https://openalex.org/W4400289298,openalex,https://doi.org/10.1007/s10499-024-01589-y,2026-03-19,cc-by
https://openalex.org/W4400291826,openalex,https://doi.org/10.28991/esj-2024-08-03-023,2026-03-19,cc-by
https://openalex.org/W4400293237,openalex,https://doi.org/10.1039/d4gc00394b,2026-03-19,cc-by
https://openalex.org/W4400300163,openalex,https://doi.org/10.1016/j.ijpe.2024.109327,2026-03-19,cc-by-nc
https://openalex.org/W4400300417,openalex,https://doi.org/10.18356/9789213589755,2026-03-19,
https://openalex.org/W4400303268,openalex,https://doi.org/10.1002/bse.3874,2026-03-19,
https://openalex.org/W4400310342,openalex,https://doi.org/10.14254/2071-789x.2024/17-2/3,2026-03-19,cc-by
https://openalex.org/W4400310786,openalex,https://doi.org/10.14254/2071-8330.2024/17-2/1,2026-03-19,cc-by
https://openalex.org/W4400312825,openalex,https://doi.org/10.1002/sd.3112,2026-03-19,
https://openalex.org/W4400313846,openalex,https://doi.org/10.1016/j.ceja.2024.100625,2026-03-19,cc-by
https://openalex.org/W4400314261,openalex,https://doi.org/10.1016/j.irfa.2024.103438,2026-03-19,cc-by
https://openalex.org/W4400315277,openalex,https://doi.org/10.1016/j.jhydrol.2024.131615,2026-03-19,cc-by
https://openalex.org/W4400350499,openalex,https://doi.org/10.31893/multirev.2024spe012,2026-03-19,cc-by-nc-nd
https://openalex.org/W4400351899,openalex,https://doi.org/10.3390/admsci14070143,2026-03-19,cc-by
https://openalex.org/W4400367506,openalex,https://doi.org/10.1007/s10980-024-01926-9,2026-03-19,cc-by
https://openalex.org/W4400380422,openalex,https://doi.org/10.1016/j.jenvman.2024.121735,2026-03-19,cc-by-nc-nd
https://openalex.org/W4400382850,openalex,https://doi.org/10.1039/d4fb00147h,2026-03-19,cc-by-nc
https://openalex.org/W4400387125,openalex,https://doi.org/10.1016/j.jik.2024.100509,2026-03-19,cc-by
https://openalex.org/W4400387789,openalex,https://doi.org/10.51594/ijmer.v6i7.1265,2026-03-19,cc-by-nc
https://openalex.org/W4400388773,openalex,https://doi.org/10.53759/7669/jmc202404054,2026-03-19,cc-by
https://openalex.org/W4400389048,openalex,https://doi.org/10.1016/j.aej.2024.06.092,2026-03-19,cc-by
https://openalex.org/W4400390815,openalex,https://doi.org/10.1016/j.clema.2024.100259,2026-03-19,cc-by-nc
https://openalex.org/W4400391474,openalex,https://doi.org/10.1016/j.jclepro.2024.143084,2026-03-19,cc-by
https://openalex.org/W4400402184,openalex,https://doi.org/10.1016/j.scs.2024.105646,2026-03-19,cc-by-nc-nd
https://openalex.org/W4400403736,openalex,https://doi.org/10.58812/wsnt.v2i02.964,2026-03-19,cc-by-sa
https://openalex.org/W4400404742,openalex,https://doi.org/10.1055/s-0044-1787099,2026-03-19,cc-by
https://openalex.org/W4400405058,openalex,https://doi.org/10.1016/j.jenvman.2024.121734,2026-03-19,cc-by
https://openalex.org/W4400406773,openalex,https://doi.org/10.1016/j.engappai.2024.108877,2026-03-19,cc-by
https://openalex.org/W4400413260,openalex,https://doi.org/10.3390/su16135799,2026-03-19,cc-by
https://openalex.org/W4400414139,openalex,https://doi.org/10.3390/su16135785,2026-03-19,cc-by
https://openalex.org/W4400419645,openalex,https://doi.org/10.1080/23311975.2024.2374625,2026-03-19,cc-by
https://openalex.org/W4400422864,openalex,https://doi.org/10.3390/cosmetics11040112,2026-03-19,cc-by
https://openalex.org/W4400423467,openalex,https://doi.org/10.1038/s41467-024-49753-5,2026-03-19,cc-by
https://openalex.org/W4400425276,openalex,https://doi.org/10.3390/polym16131928,2026-03-19,cc-by
https://openalex.org/W4400430036,openalex,https://doi.org/10.1080/13675567.2024.2374256,2026-03-19,cc-by
https://openalex.org/W4400444162,openalex,https://doi.org/10.3390/smartcities7040068,2026-03-19,cc-by
https://openalex.org/W4400444563,openalex,https://doi.org/10.3390/cleantechnol6030045,2026-03-19,cc-by
https://openalex.org/W4400445048,openalex,https://doi.org/10.3390/electronics13142684,2026-03-19,cc-by
https://openalex.org/W4400445964,openalex,https://doi.org/10.3390/fib12070057,2026-03-19,cc-by
https://openalex.org/W4400448579,openalex,https://doi.org/10.3390/su16145841,2026-03-19,cc-by
https://openalex.org/W4400452610,openalex,https://doi.org/10.1080/23299460.2024.2370082,2026-03-19,cc-by
https://openalex.org/W4400454524,openalex,https://doi.org/10.1016/j.eurpolymj.2024.113289,2026-03-19,cc-by
https://openalex.org/W4400456562,openalex,https://doi.org/10.3390/su16145833,2026-03-19,cc-by
https://openalex.org/W4400459953,openalex,https://doi.org/10.3390/su16135823,2026-03-19,cc-by
https://openalex.org/W4400472124,openalex,https://doi.org/10.1016/j.jpolmod.2024.07.002,2026-03-19,cc-by
https://openalex.org/W4400472629,openalex,https://doi.org/10.1002/adsu.202400074,2026-03-19,cc-by
https://openalex.org/W4400484984,openalex,https://doi.org/10.3390/plants13141897,2026-03-19,cc-by
https://openalex.org/W4400485011,openalex,https://doi.org/10.3390/su16145884,2026-03-19,cc-by
https://openalex.org/W4400486548,openalex,https://doi.org/10.1146/annurev-environ-051823-115857,2026-03-19,cc-by
https://openalex.org/W4400493457,openalex,https://doi.org/10.3390/app14145994,2026-03-19,cc-by
https://openalex.org/W4400493984,openalex,https://doi.org/10.3389/frsus.2024.1416498,2026-03-19,cc-by
https://openalex.org/W4400495618,openalex,https://doi.org/10.1016/j.envc.2024.100980,2026-03-19,cc-by-nc-nd
https://openalex.org/W4400506024,openalex,https://doi.org/10.1007/s43621-024-00289-0,2026-03-19,cc-by
https://openalex.org/W4400511829,openalex,https://doi.org/10.1108/mscra-12-2023-0049,2026-03-19,cc-by
https://openalex.org/W4400515361,openalex,https://doi.org/10.1039/d4su00146j,2026-03-19,cc-by
https://openalex.org/W4400515908,openalex,https://doi.org/10.52679/bi.e202421006,2026-03-19,cc-by-nc
https://openalex.org/W4400520074,openalex,https://doi.org/10.1016/j.ecmx.2024.100664,2026-03-19,cc-by-nc-nd
https://openalex.org/W4400522159,openalex,https://doi.org/10.3390/buildings14072137,2026-03-19,cc-by
https://openalex.org/W4400522524,openalex,https://doi.org/10.3390/su16145918,2026-03-19,cc-by
https://openalex.org/W4400539229,openalex,https://doi.org/10.1016/j.radi.2024.06.022,2026-03-19,cc-by
https://openalex.org/W4400570320,openalex,https://doi.org/10.1002/ldr.5168,2026-03-19,cc-by-nc-nd
https://openalex.org/W4400578502,openalex,https://doi.org/10.3390/su16145970,2026-03-19,cc-by
https://openalex.org/W4400581499,openalex,https://doi.org/10.47941/ijhss.2079,2026-03-19,cc-by
https://openalex.org/W4400595255,openalex,https://doi.org/10.1002/bse.3872,2026-03-19,cc-by-nc-nd
https://openalex.org/W4400596544,openalex,https://doi.org/10.30574/gscarr.2024.20.1.0247,2026-03-19,cc-by-nc-sa
https://openalex.org/W4400599071,openalex,https://doi.org/10.1007/s11540-024-09753-w,2026-03-19,cc-by
https://openalex.org/W4400602036,openalex,https://doi.org/10.1016/j.aqrep.2024.102228,2026-03-19,cc-by
https://openalex.org/W4400608496,openalex,https://doi.org/10.36676/jrps.v15.i3.1424,2026-03-19,cc-by
https://openalex.org/W4400608740,openalex,https://doi.org/10.1108/rausp-10-2023-0205,2026-03-19,cc-by
https://openalex.org/W4400614945,openalex,https://doi.org/10.1016/j.rineng.2024.102566,2026-03-19,cc-by
https://openalex.org/W4400641668,openalex,https://doi.org/10.3390/pr12071485,2026-03-19,cc-by
https://openalex.org/W4400641927,openalex,https://doi.org/10.3390/logistics8030071,2026-03-19,cc-by
https://openalex.org/W4400645308,openalex,https://doi.org/10.3390/jrfm17070301,2026-03-19,cc-by
https://openalex.org/W4400645878,openalex,https://doi.org/10.1109/access.2024.3428401,2026-03-19,
https://openalex.org/W4400646350,openalex,https://doi.org/10.1016/j.fochx.2024.101664,2026-03-19,cc-by-nc
https://openalex.org/W4400649049,openalex,https://doi.org/10.1557/s43577-024-00749-y,2026-03-19,cc-by
https://openalex.org/W4400657024,openalex,https://doi.org/10.1007/s10668-024-05210-3,2026-03-19,cc-by
https://openalex.org/W4400666355,openalex,https://doi.org/10.1080/26395916.2024.2370539,2026-03-19,cc-by
https://openalex.org/W4400668257,openalex,https://doi.org/10.3390/su16146036,2026-03-19,cc-by
https://openalex.org/W4400672164,openalex,https://doi.org/10.1016/j.jcis.2024.07.130,2026-03-19,cc-by
https://openalex.org/W4400672637,openalex,https://doi.org/10.1016/j.engstruct.2024.118585,2026-03-19,cc-by
https://openalex.org/W4400674934,openalex,https://doi.org/10.61093/hem.2024.2-08,2026-03-19,cc-by
https://openalex.org/W4400681485,openalex,https://doi.org/10.3390/polysaccharides5030018,2026-03-19,cc-by
https://openalex.org/W4400682284,openalex,https://doi.org/10.1007/s43681-024-00522-6,2026-03-19,cc-by
https://openalex.org/W4400683999,openalex,https://doi.org/10.1111/acel.14258,2026-03-19,cc-by
https://openalex.org/W4400684143,openalex,https://doi.org/10.1038/s41598-024-66800-9,2026-03-19,cc-by
https://openalex.org/W4400699693,openalex,https://doi.org/10.1002/ese3.1815,2026-03-19,cc-by
https://openalex.org/W4400701709,openalex,https://doi.org/10.1016/j.enmm.2024.100984,2026-03-19,cc-by
https://openalex.org/W4400721462,openalex,https://doi.org/10.3390/logistics8030073,2026-03-19,cc-by
https://openalex.org/W4400721987,openalex,https://doi.org/10.3390/app14146196,2026-03-19,cc-by
https://openalex.org/W4400724530,openalex,https://doi.org/10.3390/su16146082,2026-03-19,cc-by
https://openalex.org/W4400724575,openalex,https://doi.org/10.3390/su16146084,2026-03-19,cc-by
https://openalex.org/W4400724583,openalex,https://doi.org/10.3390/su16146092,2026-03-19,cc-by
https://openalex.org/W4400726453,openalex,https://doi.org/10.24136/oc.2795,2026-03-19,cc-by-nd
https://openalex.org/W4400726644,openalex,https://doi.org/10.3390/buildings14072204,2026-03-19,cc-by
https://openalex.org/W4400734527,openalex,https://doi.org/10.1007/s43621-024-00309-z,2026-03-19,cc-by
https://openalex.org/W4400736425,openalex,https://doi.org/10.1002/alz.14109,2026-03-19,cc-by-nc-nd
https://openalex.org/W4400740225,openalex,https://doi.org/10.1039/d4gc01882f,2026-03-19,cc-by-nc
https://openalex.org/W4400742402,openalex,https://doi.org/10.1016/j.atech.2024.100504,2026-03-19,cc-by
https://openalex.org/W4400742603,openalex,https://doi.org/10.51983/ijiss-2024.14.2.18,2026-03-19,cc-by-nc-nd
https://openalex.org/W4400742758,openalex,https://doi.org/10.1016/j.dwt.2024.100618,2026-03-19,cc-by
https://openalex.org/W4400744586,openalex,https://doi.org/10.51594/farj.v6i7.1314,2026-03-19,cc-by-nc
https://openalex.org/W4400745791,openalex,https://doi.org/10.3389/fmicb.2024.1439561,2026-03-19,cc-by
https://openalex.org/W4400764757,openalex,https://doi.org/10.3390/su16146161,2026-03-19,cc-by
https://openalex.org/W4400770246,openalex,https://doi.org/10.1021/acsomega.4c04849,2026-03-19,
https://openalex.org/W4400778971,openalex,https://doi.org/10.1002/advs.202405472,2026-03-19,cc-by
https://openalex.org/W4400779978,openalex,https://doi.org/10.1007/s43621-024-00357-5,2026-03-19,cc-by
https://openalex.org/W4400783448,openalex,https://doi.org/10.1016/j.cogsc.2024.100959,2026-03-19,cc-by-nc
https://openalex.org/W4400787051,openalex,https://doi.org/10.1080/00343404.2024.2373871,2026-03-19,cc-by
https://openalex.org/W4400790013,openalex,https://doi.org/10.1108/ijmpb-02-2024-0027,2026-03-19,
https://openalex.org/W4400790374,openalex,https://doi.org/10.1002/bsd2.398,2026-03-19,cc-by
https://openalex.org/W4400799505,openalex,https://doi.org/10.1038/s41427-024-00557-5,2026-03-19,cc-by
https://openalex.org/W4400808437,openalex,https://doi.org/10.1016/j.eist.2024.100887,2026-03-19,cc-by
https://openalex.org/W4400809041,openalex,https://doi.org/10.3390/su16146186,2026-03-19,cc-by
https://openalex.org/W4400813883,openalex,https://doi.org/10.1016/j.oneear.2024.06.011,2026-03-19,cc-by
https://openalex.org/W4400830689,openalex,https://doi.org/10.3389/fpsyg.2024.1347336,2026-03-19,cc-by
https://openalex.org/W4400832353,openalex,https://doi.org/10.1016/j.matre.2024.100283,2026-03-19,cc-by-nc-nd
https://openalex.org/W4400843094,openalex,https://doi.org/10.1016/j.jclepro.2024.143183,2026-03-19,cc-by-nc-nd
https://openalex.org/W4400843819,openalex,https://doi.org/10.1016/j.irfa.2024.103473,2026-03-19,cc-by
https://openalex.org/W4400850155,openalex,https://doi.org/10.1016/j.stae.2024.100078,2026-03-19,cc-by-nc-nd
https://openalex.org/W4400850403,openalex,https://doi.org/10.1016/j.rineng.2024.102569,2026-03-19,cc-by-nc
https://openalex.org/W4400854859,openalex,https://doi.org/10.34306/att.v6i2.400,2026-03-19,cc-by
https://openalex.org/W4400856588,openalex,https://doi.org/10.1002/advs.202405301,2026-03-19,cc-by
https://openalex.org/W4400858594,openalex,https://doi.org/10.1016/j.gsf.2024.101895,2026-03-19,cc-by-nc-nd
https://openalex.org/W4400867778,openalex,https://doi.org/10.1177/02780771241261221,2026-03-19,
https://openalex.org/W4400868447,openalex,https://doi.org/10.1080/09692290.2024.2382241,2026-03-19,cc-by
https://openalex.org/W4400872965,openalex,https://doi.org/10.3390/su16146250,2026-03-19,cc-by
https://openalex.org/W4400877831,openalex,https://doi.org/10.1109/access.2024.3432030,2026-03-19,cc-by
https://openalex.org/W4400881916,openalex,https://doi.org/10.1021/acssuschemeng.4c03939,2026-03-19,cc-by
https://openalex.org/W4400886057,openalex,https://doi.org/10.1007/s42452-024-06087-7,2026-03-19,cc-by
https://openalex.org/W4400906019,openalex,https://doi.org/10.1051/e3sconf/202455201054,2026-03-19,cc-by
https://openalex.org/W4400913052,openalex,https://doi.org/10.1016/j.scitotenv.2024.174941,2026-03-19,cc-by
https://openalex.org/W4400914716,openalex,https://doi.org/10.30574/msarr.2024.11.2.0112,2026-03-19,cc-by-nc-sa
https://openalex.org/W4400921846,openalex,https://doi.org/10.1038/s41893-024-01402-x,2026-03-19,cc-by
https://openalex.org/W4400923429,openalex,https://doi.org/10.1080/09537287.2024.2380361,2026-03-19,cc-by
https://openalex.org/W4400926999,openalex,https://doi.org/10.1016/j.heliyon.2024.e35077,2026-03-19,cc-by-nc-nd
https://openalex.org/W4400929156,openalex,https://doi.org/10.1002/bse.3884,2026-03-19,cc-by
https://openalex.org/W4400930301,openalex,https://doi.org/10.1002/sd.3130,2026-03-19,cc-by-nc-nd
https://openalex.org/W4400930350,openalex,https://doi.org/10.1002/sd.3129,2026-03-19,cc-by-nc-nd
https://openalex.org/W4400940818,openalex,https://doi.org/10.1016/j.conbuildmat.2024.137486,2026-03-19,cc-by-nc-nd
https://openalex.org/W4400943037,openalex,https://doi.org/10.3390/su16156334,2026-03-19,cc-by
https://openalex.org/W4400943882,openalex,https://doi.org/10.3390/su16156329,2026-03-19,cc-by
https://openalex.org/W4400947887,openalex,https://doi.org/10.1371/journal.pone.0307469,2026-03-19,cc-by
https://openalex.org/W4400949491,openalex,https://doi.org/10.3390/su16156302,2026-03-19,cc-by
https://openalex.org/W4400949605,openalex,https://doi.org/10.1038/s43246-024-00557-6,2026-03-19,cc-by
https://openalex.org/W4400951164,openalex,https://doi.org/10.1002/pc.28785,2026-03-19,cc-by
https://openalex.org/W4400953186,openalex,https://doi.org/10.1016/j.jafr.2024.101316,2026-03-19,cc-by-nc
https://openalex.org/W4400957436,openalex,https://doi.org/10.1002/sd.3131,2026-03-19,
https://openalex.org/W4400965653,openalex,https://doi.org/10.1016/j.eiar.2024.107609,2026-03-19,cc-by-nc-nd
https://openalex.org/W4400972925,openalex,https://doi.org/10.1021/acssuschemeng.4c02093,2026-03-19,cc-by-nc-nd
https://openalex.org/W4400975341,openalex,https://doi.org/10.1109/access.2024.3433474,2026-03-19,
https://openalex.org/W4400980215,openalex,https://doi.org/10.3389/fenvs.2024.1375193,2026-03-19,cc-by
https://openalex.org/W4400981987,openalex,https://doi.org/10.3390/en17153659,2026-03-19,cc-by
https://openalex.org/W4400984523,openalex,https://doi.org/10.70028/sgm.v1i1.1,2026-03-19,cc-by-nc
https://openalex.org/W4400987089,openalex,https://doi.org/10.1108/jhlscm-05-2024-0063,2026-03-19,cc-by
https://openalex.org/W4401014655,openalex,https://doi.org/10.1016/j.stae.2024.100080,2026-03-19,cc-by
https://openalex.org/W4401015159,openalex,https://doi.org/10.3390/gels10080497,2026-03-19,cc-by
https://openalex.org/W4401015194,openalex,https://doi.org/10.3390/su16156424,2026-03-19,cc-by
https://openalex.org/W4401015202,openalex,https://doi.org/10.1016/j.biotno.2024.07.001,2026-03-19,cc-by-nc-nd
https://openalex.org/W4401016466,openalex,https://doi.org/10.1126/sciadv.ado5142,2026-03-19,cc-by-nc
https://openalex.org/W4401038622,openalex,https://doi.org/10.3389/fmicb.2024.1433716,2026-03-19,cc-by
https://openalex.org/W4401038772,openalex,https://doi.org/10.1063/5.0222561,2026-03-19,cc-by
https://openalex.org/W4401042135,openalex,https://doi.org/10.1016/j.jbusres.2024.114855,2026-03-19,cc-by
https://openalex.org/W4401045081,openalex,https://doi.org/10.1002/sd.3139,2026-03-19,cc-by
https://openalex.org/W4401046586,openalex,https://doi.org/10.1016/j.envsci.2024.103849,2026-03-19,cc-by-nc
https://openalex.org/W4401051008,openalex,https://doi.org/10.1016/j.trd.2024.104345,2026-03-19,cc-by
https://openalex.org/W4401054353,openalex,https://doi.org/10.1186/s12992-024-01060-w,2026-03-19,cc-by
https://openalex.org/W4401056335,openalex,https://doi.org/10.1016/j.iref.2024.103460,2026-03-19,cc-by
https://openalex.org/W4401062853,openalex,https://doi.org/10.30574/ijsra.2024.12.2.1371,2026-03-19,cc-by
https://openalex.org/W4401070496,openalex,https://doi.org/10.1109/access.2024.3435374,2026-03-19,cc-by
https://openalex.org/W4401072440,openalex,https://doi.org/10.1016/j.ifacol.2024.07.142,2026-03-19,
https://openalex.org/W4401076048,openalex,https://doi.org/10.31181/sdmap1120243,2026-03-19,cc-by
https://openalex.org/W4401079395,openalex,https://doi.org/10.3390/en17153705,2026-03-19,cc-by
https://openalex.org/W4401083617,openalex,https://doi.org/10.1038/s41598-024-68316-8,2026-03-19,cc-by-nc-nd
https://openalex.org/W4401087141,openalex,https://doi.org/10.3390/polym16152141,2026-03-19,cc-by
https://openalex.org/W4401090756,openalex,https://doi.org/10.1108/jic-05-2024-0131,2026-03-19,cc-by
https://openalex.org/W4401101009,openalex,https://doi.org/10.1002/adma.202406831,2026-03-19,cc-by
https://openalex.org/W4401107430,openalex,https://doi.org/10.1016/j.proci.2024.105638,2026-03-19,cc-by
https://openalex.org/W4401112456,openalex,https://doi.org/10.1016/j.est.2024.113125,2026-03-19,cc-by
https://openalex.org/W4401114938,openalex,https://doi.org/10.3390/horticulturae10080805,2026-03-19,cc-by
https://openalex.org/W4401114941,openalex,https://doi.org/10.3390/horticulturae10080806,2026-03-19,cc-by
https://openalex.org/W4401118095,openalex,https://doi.org/10.3390/ijms25158229,2026-03-19,cc-by
https://openalex.org/W4401124756,openalex,https://doi.org/10.3390/su16156496,2026-03-19,cc-by
https://openalex.org/W4401152901,openalex,https://doi.org/10.3389/fchem.2024.1416102,2026-03-19,cc-by
https://openalex.org/W4401177564,openalex,https://doi.org/10.3390/su16156539,2026-03-19,cc-by
https://openalex.org/W4401188486,openalex,https://doi.org/10.1016/j.josfa.2024.100010,2026-03-19,cc-by
https://openalex.org/W4401190778,openalex,https://doi.org/10.1039/d4ra04263h,2026-03-19,cc-by
https://openalex.org/W4401191227,openalex,https://doi.org/10.1002/adma.202407102,2026-03-19,cc-by
https://openalex.org/W4401194675,openalex,https://doi.org/10.3389/fsufs.2024.1431849,2026-03-19,cc-by
https://openalex.org/W4401195623,openalex,https://doi.org/10.1177/08465371241260013,2026-03-19,cc-by
https://openalex.org/W4401198324,openalex,https://doi.org/10.30574/wjarr.2024.23.1.2272,2026-03-19,cc-by-nc-sa
https://openalex.org/W4401198975,openalex,https://doi.org/10.1016/j.digbus.2024.100086,2026-03-19,cc-by-nc-nd
https://openalex.org/W4401206322,openalex,https://doi.org/10.3390/en17153797,2026-03-19,cc-by
https://openalex.org/W4401209268,openalex,https://doi.org/10.3390/su16156594,2026-03-19,cc-by
https://openalex.org/W4401209960,openalex,https://doi.org/10.3390/foods13152435,2026-03-19,cc-by
https://openalex.org/W4401210493,openalex,https://doi.org/10.1109/access.2024.3437191,2026-03-19,
https://openalex.org/W4401217217,openalex,https://doi.org/10.1002/adma.202403937,2026-03-19,cc-by
https://openalex.org/W4401219765,openalex,https://doi.org/10.3389/fevo.2024.1440477,2026-03-19,cc-by
https://openalex.org/W4401223086,openalex,https://doi.org/10.1002/adfm.202407444,2026-03-19,cc-by
https://openalex.org/W4401226312,openalex,https://doi.org/10.38124/ijisrt/ijisrt24jul957,2026-03-19,cc-by-nc
https://openalex.org/W4401229789,openalex,https://doi.org/10.1007/s10098-024-02968-y,2026-03-19,cc-by
https://openalex.org/W4401231573,openalex,https://doi.org/10.1002/sd.3135,2026-03-19,
https://openalex.org/W4401240316,openalex,https://doi.org/10.3390/su16156630,2026-03-19,cc-by
https://openalex.org/W4401243005,openalex,https://doi.org/10.1016/j.tre.2024.103685,2026-03-19,cc-by
https://openalex.org/W4401244696,openalex,https://doi.org/10.1016/j.jup.2024.101810,2026-03-19,cc-by
https://openalex.org/W4401246087,openalex,https://doi.org/10.3390/su16156621,2026-03-19,cc-by
https://openalex.org/W4401250457,openalex,https://doi.org/10.1016/j.tourman.2024.105019,2026-03-19,cc-by-nc-nd
https://openalex.org/W4401251418,openalex,https://doi.org/10.1016/j.stem.2024.07.004,2026-03-19,cc-by-nc
https://openalex.org/W4401259325,openalex,https://doi.org/10.1016/j.rineng.2024.102649,2026-03-19,cc-by-nc-nd
https://openalex.org/W4401259689,openalex,https://doi.org/10.1002/sd.3126,2026-03-19,
https://openalex.org/W4401289024,openalex,https://doi.org/10.51594/ijmer.v6i8.1365,2026-03-19,cc-by-nc
https://openalex.org/W4401290482,openalex,https://doi.org/10.47172/2965-730x.sdgsreview.v4.n00.pe01790,2026-03-19,cc-by
https://openalex.org/W4401307919,openalex,https://doi.org/10.3390/waste2030015,2026-03-19,cc-by
https://openalex.org/W4401314914,openalex,https://doi.org/10.1016/j.rser.2024.114796,2026-03-19,cc-by
https://openalex.org/W4401324440,openalex,https://doi.org/10.1016/j.joitmc.2024.100357,2026-03-19,cc-by
https://openalex.org/W4401325372,openalex,https://doi.org/10.3390/su16156668,2026-03-19,cc-by
https://openalex.org/W4401326123,openalex,https://doi.org/10.3390/batteries10080279,2026-03-19,cc-by
https://openalex.org/W4401335752,openalex,https://doi.org/10.1016/j.enpol.2024.114270,2026-03-19,cc-by-nc-nd
https://openalex.org/W4401350744,openalex,https://doi.org/10.3991/ijep.v14i6.48659,2026-03-19,cc-by
https://openalex.org/W4401351929,openalex,https://doi.org/10.1088/2515-7655/ad6bc0,2026-03-19,cc-by
https://openalex.org/W4401357291,openalex,https://doi.org/10.1016/j.hybadv.2024.100269,2026-03-19,cc-by
https://openalex.org/W4401358624,openalex,https://doi.org/10.1016/j.net.2024.08.011,2026-03-19,cc-by-nc-nd
https://openalex.org/W4401369437,openalex,https://doi.org/10.1111/1467-8551.12861,2026-03-19,cc-by
https://openalex.org/W4401369505,openalex,https://doi.org/10.1556/1848.2024.00834,2026-03-19,cc-by
https://openalex.org/W4401370914,openalex,https://doi.org/10.1039/d4ma00363b,2026-03-19,cc-by
https://openalex.org/W4401374252,openalex,https://doi.org/10.3389/fsufs.2024.1434604,2026-03-19,cc-by
https://openalex.org/W4401374899,openalex,https://doi.org/10.3389/fagro.2024.1422876,2026-03-19,cc-by
https://openalex.org/W4401378551,openalex,https://doi.org/10.1016/j.jclepro.2024.143343,2026-03-19,cc-by
https://openalex.org/W4401381366,openalex,https://doi.org/10.1016/s2542-5196(24)00159-1,2026-03-19,cc-by
https://openalex.org/W4401385722,openalex,https://doi.org/10.37349/eff.2024.00045,2026-03-19,cc-by
https://openalex.org/W4401391593,openalex,https://doi.org/10.1016/j.techfore.2024.123638,2026-03-19,cc-by
https://openalex.org/W4401392884,openalex,https://doi.org/10.3390/su16166749,2026-03-19,cc-by
https://openalex.org/W4401400892,openalex,https://doi.org/10.1002/adma.202404163,2026-03-19,cc-by-nc
https://openalex.org/W4401404430,openalex,https://doi.org/10.1163/23524588-00001122,2026-03-19,cc-by
https://openalex.org/W4401409410,openalex,https://doi.org/10.1016/j.engappai.2024.109085,2026-03-19,cc-by-nc-nd
https://openalex.org/W4401411873,openalex,https://doi.org/10.3390/su16166799,2026-03-19,cc-by
https://openalex.org/W4401412717,openalex,https://doi.org/10.1016/j.ijresmar.2024.08.003,2026-03-19,cc-by-nc-nd
https://openalex.org/W4401413230,openalex,https://doi.org/10.3390/ijms25168616,2026-03-19,cc-by
https://openalex.org/W4401414381,openalex,https://doi.org/10.1016/j.enconman.2024.118884,2026-03-19,cc-by
https://openalex.org/W4401417550,openalex,https://doi.org/10.1371/journal.pone.0306349,2026-03-19,cc-by
https://openalex.org/W4401419285,openalex,https://doi.org/10.3390/su16166778,2026-03-19,cc-by
https://openalex.org/W4401424562,openalex,https://doi.org/10.1016/j.buildenv.2024.111922,2026-03-19,cc-by
https://openalex.org/W4401425710,openalex,https://doi.org/10.1016/j.spc.2024.08.005,2026-03-19,cc-by-nc-nd
https://openalex.org/W4401426469,openalex,https://doi.org/10.1002/adfm.202403268,2026-03-19,cc-by
https://openalex.org/W4401431535,openalex,https://doi.org/10.1007/s44274-024-00135-0,2026-03-19,cc-by
https://openalex.org/W4401431793,openalex,https://doi.org/10.1002/bse.3901,2026-03-19,cc-by-nc-nd
https://openalex.org/W4401433616,openalex,https://doi.org/10.3389/fenvs.2024.1436869,2026-03-19,cc-by
https://openalex.org/W4401434133,openalex,https://doi.org/10.3389/fmicb.2024.1440978,2026-03-19,cc-by
https://openalex.org/W4401436277,openalex,https://doi.org/10.1002/pad.2071,2026-03-19,
https://openalex.org/W4401436428,openalex,https://doi.org/10.1002/pat.6536,2026-03-19,
https://openalex.org/W4401437106,openalex,https://doi.org/10.2172/2426563,2026-03-19,
https://openalex.org/W4401437909,openalex,https://doi.org/10.1016/j.jclepro.2024.143366,2026-03-19,cc-by
https://openalex.org/W4401439027,openalex,https://doi.org/10.1039/d4cc02722a,2026-03-19,cc-by-nc
https://openalex.org/W4401462670,openalex,https://doi.org/10.1002/advs.202402190,2026-03-19,cc-by
https://openalex.org/W4401464307,openalex,https://doi.org/10.1002/smll.202403347,2026-03-19,cc-by-nc-nd
https://openalex.org/W4401465133,openalex,https://doi.org/10.1051/e3sconf/202455601031,2026-03-19,cc-by
https://openalex.org/W4401474170,openalex,https://doi.org/10.1016/j.clrc.2024.100215,2026-03-19,cc-by
https://openalex.org/W4401474793,openalex,https://doi.org/10.1002/cssc.202401324,2026-03-19,
https://openalex.org/W4401476911,openalex,https://doi.org/10.30574/wjarr.2024.23.2.2385,2026-03-19,cc-by-nc-sa
https://openalex.org/W4401477504,openalex,https://doi.org/10.1016/j.horiz.2024.100117,2026-03-19,cc-by-nc-nd
https://openalex.org/W4401479321,openalex,https://doi.org/10.1016/j.nlp.2024.100097,2026-03-19,cc-by-nc
https://openalex.org/W4401481623,openalex,https://doi.org/10.1016/j.jobe.2024.110401,2026-03-19,cc-by-nc
https://openalex.org/W4401482250,openalex,https://doi.org/10.1108/jrim-10-2023-0372,2026-03-19,cc-by
https://openalex.org/W4401484528,openalex,https://doi.org/10.1002/asia.202400701,2026-03-19,
https://openalex.org/W4401490202,openalex,https://doi.org/10.1002/bse.3911,2026-03-19,cc-by-nc-nd
https://openalex.org/W4401502400,openalex,https://doi.org/10.1016/j.sftr.2024.100278,2026-03-19,cc-by-nc
https://openalex.org/W4401504739,openalex,https://doi.org/10.1016/j.jenvman.2024.122119,2026-03-19,cc-by
https://openalex.org/W4401511204,openalex,https://doi.org/10.3389/fpls.2024.1417912,2026-03-19,cc-by
https://openalex.org/W4401513854,openalex,https://doi.org/10.30574/ijsra.2024.12.2.1454,2026-03-19,cc-by
https://openalex.org/W4401517587,openalex,https://doi.org/10.1039/d4gc02512a,2026-03-19,cc-by-nc
https://openalex.org/W4401526348,openalex,https://doi.org/10.1039/d4ra04684f,2026-03-19,cc-by-nc
https://openalex.org/W4401535492,openalex,https://doi.org/10.1039/d4se00749b,2026-03-19,cc-by
https://openalex.org/W4401536388,openalex,https://doi.org/10.3390/bs14080702,2026-03-19,cc-by
https://openalex.org/W4401536934,openalex,https://doi.org/10.1016/j.crmicr.2024.100266,2026-03-19,cc-by-nc-nd
https://openalex.org/W4401539650,openalex,https://doi.org/10.1016/j.foodhyd.2024.110525,2026-03-19,cc-by
https://openalex.org/W4401540509,openalex,https://doi.org/10.1016/j.dwt.2024.100709,2026-03-19,cc-by
https://openalex.org/W4401542708,openalex,https://doi.org/10.3390/su16166934,2026-03-19,cc-by
https://openalex.org/W4401544318,openalex,https://doi.org/10.1007/s43621-024-00383-3,2026-03-19,cc-by
https://openalex.org/W4401546048,openalex,https://doi.org/10.3390/buildings14082495,2026-03-19,cc-by
https://openalex.org/W4401551428,openalex,https://doi.org/10.38193/ijrcms.2024.6406,2026-03-19,
https://openalex.org/W4401553659,openalex,https://doi.org/10.3389/fbuil.2024.1410798,2026-03-19,cc-by
https://openalex.org/W4401581591,openalex,https://doi.org/10.31181/sor2120256,2026-03-19,cc-by
https://openalex.org/W4401583102,openalex,https://doi.org/10.1108/ijsbi-11-2023-0054,2026-03-19,cc-by
https://openalex.org/W4401588649,openalex,https://doi.org/10.3390/ani14162340,2026-03-19,cc-by
https://openalex.org/W4401591779,openalex,https://doi.org/10.1016/j.cgh.2024.06.049,2026-03-19,cc-by
https://openalex.org/W4401595402,openalex,https://doi.org/10.3390/su16166993,2026-03-19,cc-by
https://openalex.org/W4401598698,openalex,https://doi.org/10.1016/j.rineng.2024.102705,2026-03-19,cc-by-nc-nd
https://openalex.org/W4401607486,openalex,https://doi.org/10.1080/09540105.2024.2384420,2026-03-19,
https://openalex.org/W4401612924,openalex,https://doi.org/10.3390/su16167001,2026-03-19,cc-by
https://openalex.org/W4401618283,openalex,https://doi.org/10.3390/en17164039,2026-03-19,cc-by
https://openalex.org/W4401622047,openalex,https://doi.org/10.1016/j.hybadv.2024.100271,2026-03-19,cc-by-nc
https://openalex.org/W4401628317,openalex,https://doi.org/10.3390/su16167047,2026-03-19,cc-by
https://openalex.org/W4401641432,openalex,https://doi.org/10.1080/23311975.2024.2391563,2026-03-19,cc-by
https://openalex.org/W4401652574,openalex,https://doi.org/10.1002/csr.2925,2026-03-19,cc-by-nc-nd
https://openalex.org/W4401658423,openalex,https://doi.org/10.1016/j.landusepol.2024.107316,2026-03-19,cc-by
https://openalex.org/W4401659317,openalex,https://doi.org/10.1016/j.tifs.2024.104668,2026-03-19,cc-by
https://openalex.org/W4401666701,openalex,https://doi.org/10.1515/ntrev-2024-0069,2026-03-19,cc-by
https://openalex.org/W4401682603,openalex,https://doi.org/10.1002/sd.3167,2026-03-19,
https://openalex.org/W4401698107,openalex,https://doi.org/10.1039/d3cs00316g,2026-03-19,cc-by-nc
https://openalex.org/W4401702384,openalex,https://doi.org/10.1007/s11367-024-02359-x,2026-03-19,cc-by
https://openalex.org/W4401707211,openalex,https://doi.org/10.1016/j.igd.2024.100173,2026-03-19,cc-by
https://openalex.org/W4401731890,openalex,https://doi.org/10.1016/j.ocecoaman.2024.107325,2026-03-19,cc-by
https://openalex.org/W4401736840,openalex,https://doi.org/10.1039/d4ra04559a,2026-03-19,cc-by
https://openalex.org/W4401741651,openalex,https://doi.org/10.1016/j.worlddev.2024.106756,2026-03-19,cc-by-nc-nd
https://openalex.org/W4401751614,openalex,https://doi.org/10.1126/science.adl6282,2026-03-19,
https://openalex.org/W4401760512,openalex,https://doi.org/10.3390/en17164148,2026-03-19,cc-by
https://openalex.org/W4401760605,openalex,https://doi.org/10.47709/ijmdsa.v3i3.4568,2026-03-19,cc-by-nc
https://openalex.org/W4401761691,openalex,https://doi.org/10.3390/plants13162322,2026-03-19,cc-by
https://openalex.org/W4401761738,openalex,https://doi.org/10.3390/buildings14082569,2026-03-19,cc-by
https://openalex.org/W4401766440,openalex,https://doi.org/10.1039/d4mh00845f,2026-03-19,
https://openalex.org/W4401768253,openalex,https://doi.org/10.1039/d4na00517a,2026-03-19,cc-by
https://openalex.org/W4401769570,openalex,https://doi.org/10.56294/pa202435,2026-03-19,cc-by
https://openalex.org/W4401794560,openalex,https://doi.org/10.3390/buildings14082578,2026-03-19,cc-by
https://openalex.org/W4401797340,openalex,https://doi.org/10.3390/urbansci8030121,2026-03-19,cc-by
https://openalex.org/W4401798421,openalex,https://doi.org/10.1016/j.talo.2024.100348,2026-03-19,cc-by-nc
https://openalex.org/W4401798854,openalex,https://doi.org/10.1016/j.iref.2024.103530,2026-03-19,cc-by-nc-nd
https://openalex.org/W4401805195,openalex,https://doi.org/10.3390/cosmetics11050145,2026-03-19,cc-by
https://openalex.org/W4401805310,openalex,https://doi.org/10.3390/biomimetics9090507,2026-03-19,cc-by
https://openalex.org/W4401806143,openalex,https://doi.org/10.3390/info15090516,2026-03-19,cc-by
https://openalex.org/W4401807595,openalex,https://doi.org/10.1016/j.resconrec.2024.107860,2026-03-19,cc-by
https://openalex.org/W4401812322,openalex,https://doi.org/10.3390/ma17174171,2026-03-19,cc-by
https://openalex.org/W4401812783,openalex,https://doi.org/10.1016/j.scenv.2024.100153,2026-03-19,cc-by
https://openalex.org/W4401813897,openalex,https://doi.org/10.1016/j.cec.2024.100101,2026-03-19,cc-by
https://openalex.org/W4401820535,openalex,https://doi.org/10.1016/j.heliyon.2024.e36643,2026-03-19,cc-by-nc
https://openalex.org/W4401820960,openalex,https://doi.org/10.56578/cis120203,2026-03-19,cc-by
https://openalex.org/W4401830906,openalex,https://doi.org/10.33050/italic.v2i2.552,2026-03-19,cc-by
https://openalex.org/W4401831154,openalex,https://doi.org/10.33050/italic.v2i2.549,2026-03-19,cc-by
https://openalex.org/W4401831267,openalex,https://doi.org/10.33050/italic.v2i2.533,2026-03-19,cc-by
https://openalex.org/W4401831285,openalex,https://doi.org/10.33050/italic.v2i2.554,2026-03-19,cc-by
https://openalex.org/W4401843656,openalex,https://doi.org/10.28991/esj-2024-08-04-021,2026-03-19,cc-by
https://openalex.org/W4401862462,openalex,https://doi.org/10.1016/j.saa.2024.125028,2026-03-19,cc-by
https://openalex.org/W4401869293,openalex,https://doi.org/10.1093/scipol/scae044,2026-03-19,cc-by
https://openalex.org/W4401870224,openalex,https://doi.org/10.3390/lubricants12090300,2026-03-19,cc-by
https://openalex.org/W4401871084,openalex,https://doi.org/10.1016/j.cities.2024.105360,2026-03-19,cc-by-nc-nd
https://openalex.org/W4401875660,openalex,https://doi.org/10.1016/j.jclepro.2024.143480,2026-03-19,cc-by-nc-nd
https://openalex.org/W4401888223,openalex,https://doi.org/10.3390/w16172394,2026-03-19,cc-by
https://openalex.org/W4401890499,openalex,https://doi.org/10.1111/ijfs.17466,2026-03-19,
https://openalex.org/W4401890737,openalex,https://doi.org/10.3390/su16167202,2026-03-19,cc-by
https://openalex.org/W4401891262,openalex,https://doi.org/10.3390/su16177281,2026-03-19,cc-by
https://openalex.org/W4401891402,openalex,https://doi.org/10.3390/su16167180,2026-03-19,cc-by
https://openalex.org/W4401891838,openalex,https://doi.org/10.3390/su16177279,2026-03-19,cc-by
https://openalex.org/W4401891914,openalex,https://doi.org/10.3390/su16177284,2026-03-19,cc-by
https://openalex.org/W4401898834,openalex,https://doi.org/10.1088/2515-7655/ad7404,2026-03-19,cc-by
https://openalex.org/W4401900261,openalex,https://doi.org/10.1016/j.autcon.2024.105724,2026-03-19,cc-by-nc-nd
https://openalex.org/W4401902050,openalex,https://doi.org/10.1016/j.egyr.2024.08.052,2026-03-19,cc-by-nc
https://openalex.org/W4401903013,openalex,https://doi.org/10.1016/j.ssaho.2024.101100,2026-03-19,cc-by
https://openalex.org/W4401905831,openalex,https://doi.org/10.1146/annurev-environ-112321-081722,2026-03-19,cc-by
https://openalex.org/W4401914158,openalex,https://doi.org/10.1002/elsc.202400003,2026-03-19,cc-by-nc
https://openalex.org/W4401917933,openalex,https://doi.org/10.1038/s44284-024-00117-6,2026-03-19,cc-by
https://openalex.org/W4401923588,openalex,https://doi.org/10.3389/frsus.2024.1436740,2026-03-19,cc-by
https://openalex.org/W4401924479,openalex,https://doi.org/10.3390/su16177351,2026-03-19,cc-by
https://openalex.org/W4401926727,openalex,https://doi.org/10.3390/su16177347,2026-03-19,cc-by
https://openalex.org/W4401930670,openalex,https://doi.org/10.1108/ijopm-06-2024-0487,2026-03-19,
https://openalex.org/W4401931131,openalex,https://doi.org/10.1016/j.jaip.2024.08.033,2026-03-19,cc-by
https://openalex.org/W4401946063,openalex,https://doi.org/10.3390/f15091505,2026-03-19,cc-by
https://openalex.org/W4401946345,openalex,https://doi.org/10.1136/bjsports-2024-108186,2026-03-19,other-oa
https://openalex.org/W4401955591,openalex,https://doi.org/10.3390/su16177435,2026-03-19,cc-by
https://openalex.org/W4401957523,openalex,https://doi.org/10.1007/s13593-024-00978-0,2026-03-19,cc-by
https://openalex.org/W4401957710,openalex,https://doi.org/10.3390/su16177437,2026-03-19,cc-by
https://openalex.org/W4401958482,openalex,https://doi.org/10.3390/agriculture14091465,2026-03-19,cc-by
https://openalex.org/W4401961843,openalex,https://doi.org/10.3390/su16177398,2026-03-19,cc-by
https://openalex.org/W4401964916,openalex,https://doi.org/10.1038/s41598-024-65794-8,2026-03-19,cc-by-sa
https://openalex.org/W4401970043,openalex,https://doi.org/10.1002/sd.3150,2026-03-19,
https://openalex.org/W4401973664,openalex,https://doi.org/10.24259/fs.v8i2.32880,2026-03-19,cc-by
https://openalex.org/W4401976625,openalex,https://doi.org/10.1057/s41599-024-03582-5,2026-03-19,cc-by-nc-nd
https://openalex.org/W4401977746,openalex,https://doi.org/10.3390/su16167124,2026-03-19,cc-by
https://openalex.org/W4401977912,openalex,https://doi.org/10.3390/su16167139,2026-03-19,cc-by
https://openalex.org/W4401981717,openalex,https://doi.org/10.1080/23311975.2024.2391122,2026-03-19,cc-by
https://openalex.org/W4401988282,openalex,https://doi.org/10.1200/jco.24.00553,2026-03-19,cc-by-nc-nd
https://openalex.org/W4401991713,openalex,https://doi.org/10.3390/su16177496,2026-03-19,cc-by
https://openalex.org/W4401991936,openalex,https://doi.org/10.3390/su16177485,2026-03-19,cc-by
https://openalex.org/W4401992896,openalex,https://doi.org/10.3390/su16177463,2026-03-19,cc-by
https://openalex.org/W4402010804,openalex,https://doi.org/10.3390/su16177466,2026-03-19,cc-by
https://openalex.org/W4402012152,openalex,https://doi.org/10.1108/qmr-11-2023-0160,2026-03-19,
https://openalex.org/W4402025909,openalex,https://doi.org/10.1016/j.ecmx.2024.100701,2026-03-19,cc-by-nc
https://openalex.org/W4402030735,openalex,https://doi.org/10.1016/j.rser.2024.114860,2026-03-19,cc-by-nc-nd
https://openalex.org/W4402032248,openalex,https://doi.org/10.1016/j.algal.2024.103685,2026-03-19,cc-by
https://openalex.org/W4402032552,openalex,https://doi.org/10.1016/j.cja.2024.08.034,2026-03-19,cc-by-nc-nd
https://openalex.org/W4402039700,openalex,https://doi.org/10.1016/j.cej.2024.155372,2026-03-19,cc-by
https://openalex.org/W4402049625,openalex,https://doi.org/10.3390/su16177535,2026-03-19,cc-by
https://openalex.org/W4402051177,openalex,https://doi.org/10.1016/j.igd.2024.100174,2026-03-19,cc-by
https://openalex.org/W4402072878,openalex,https://doi.org/10.1016/j.adhoc.2024.103610,2026-03-19,cc-by
https://openalex.org/W4402073322,openalex,https://doi.org/10.51594/ijarss.v6i8.1477,2026-03-19,cc-by-nc
https://openalex.org/W4402076267,openalex,https://doi.org/10.51594/ijarss.v6i8.1476,2026-03-19,cc-by-nc
https://openalex.org/W4402078914,openalex,https://doi.org/10.1021/acs.jafc.4c04970,2026-03-19,cc-by-nc-nd
https://openalex.org/W4402079296,openalex,https://doi.org/10.51594/estj.v5i8.1515,2026-03-19,cc-by-nc
https://openalex.org/W4402088135,openalex,https://doi.org/10.1016/j.tifs.2024.104696,2026-03-19,cc-by
https://openalex.org/W4402089361,openalex,https://doi.org/10.1007/s43477-024-00134-6,2026-03-19,cc-by-nc-nd
https://openalex.org/W4402093194,openalex,https://doi.org/10.1016/j.egyr.2024.08.076,2026-03-19,cc-by-nc-nd
https://openalex.org/W4402093705,openalex,https://doi.org/10.1002/sd.3152,2026-03-19,
https://openalex.org/W4402098558,openalex,https://doi.org/10.24235/itej.v9i2.124,2026-03-19,cc-by-nc-sa
https://openalex.org/W4402101894,openalex,https://doi.org/10.1093/eurheartj/ehae576,2026-03-19,cc-by
https://openalex.org/W4402123829,openalex,https://doi.org/10.3390/catal14090581,2026-03-19,cc-by
https://openalex.org/W4402129872,openalex,https://doi.org/10.1002/cssc.202401065,2026-03-19,
https://openalex.org/W4402130995,openalex,https://doi.org/10.3390/buildings14092752,2026-03-19,cc-by
https://openalex.org/W4402136008,openalex,https://doi.org/10.1002/aesr.202400116,2026-03-19,cc-by
https://openalex.org/W4402137771,openalex,https://doi.org/10.1039/d4fb00164h,2026-03-19,cc-by
https://openalex.org/W4402138767,openalex,https://doi.org/10.46488/nept.2024.v23i03.002,2026-03-19,cc-by
https://openalex.org/W4402140266,openalex,https://doi.org/10.1002/adma.202407381,2026-03-19,cc-by-nc-nd
https://openalex.org/W4402141334,openalex,https://doi.org/10.1002/csr.2949,2026-03-19,cc-by
https://openalex.org/W4402166637,openalex,https://doi.org/10.3390/iot5030025,2026-03-19,cc-by
https://openalex.org/W4402167755,openalex,https://doi.org/10.3390/buildings14092770,2026-03-19,cc-by
https://openalex.org/W4402168101,openalex,https://doi.org/10.3390/ijms25179524,2026-03-19,cc-by
https://openalex.org/W4402168354,openalex,https://doi.org/10.3390/pr12091886,2026-03-19,cc-by
https://openalex.org/W4402170330,openalex,https://doi.org/10.1002/advs.202403976,2026-03-19,cc-by
https://openalex.org/W4402187817,openalex,https://doi.org/10.3390/horticulturae10090938,2026-03-19,cc-by
https://openalex.org/W4402193422,openalex,https://doi.org/10.1108/scm-02-2024-0131,2026-03-19,
https://openalex.org/W4402193557,openalex,https://doi.org/10.1007/s43621-024-00450-9,2026-03-19,cc-by-nc-nd
https://openalex.org/W4402203720,openalex,https://doi.org/10.1186/s12302-024-00978-7,2026-03-19,cc-by-nc-nd
https://openalex.org/W4402205625,openalex,https://doi.org/10.55670/fpll.fuen.3.4.1,2026-03-19,
https://openalex.org/W4402206806,openalex,https://doi.org/10.3390/su16177654,2026-03-19,cc-by
https://openalex.org/W4402220891,openalex,https://doi.org/10.3390/su16177701,2026-03-19,cc-by
https://openalex.org/W4402224128,openalex,https://doi.org/10.3390/foods13172814,2026-03-19,cc-by
https://openalex.org/W4402226462,openalex,https://doi.org/10.54113/j.sust.2024.000048,2026-03-19,cc-by
https://openalex.org/W4402228726,openalex,https://doi.org/10.1080/14719037.2024.2394955,2026-03-19,cc-by
https://openalex.org/W4402232966,openalex,https://doi.org/10.1038/s41893-024-01424-5,2026-03-19,cc-by-nc-nd
https://openalex.org/W4402238371,openalex,https://doi.org/10.3390/su16177671,2026-03-19,cc-by
https://openalex.org/W4402239676,openalex,https://doi.org/10.3390/su16177665,2026-03-19,cc-by
https://openalex.org/W4402239757,openalex,https://doi.org/10.3390/catal14090593,2026-03-19,cc-by
https://openalex.org/W4402240078,openalex,https://doi.org/10.3390/su16177664,2026-03-19,cc-by
https://openalex.org/W4402240150,openalex,https://doi.org/10.56355/ijfrr.2024.2.2.0022,2026-03-19,cc-by
https://openalex.org/W4402241370,openalex,https://doi.org/10.1111/ijcs.13089,2026-03-19,
https://openalex.org/W4402241847,openalex,https://doi.org/10.3390/agriengineering6030177,2026-03-19,cc-by
https://openalex.org/W4402243982,openalex,https://doi.org/10.56355/ijfrst.2024.3.2.0046,2026-03-19,cc-by
https://openalex.org/W4402271811,openalex,https://doi.org/10.1057/s41599-024-03536-x,2026-03-19,cc-by-nc-nd
https://openalex.org/W4402273243,openalex,https://doi.org/10.1108/mbe-05-2024-0054,2026-03-19,cc-by
https://openalex.org/W4402275599,openalex,https://doi.org/10.38124/ijisrt/ijisrt24aug1218,2026-03-19,cc-by-nc
https://openalex.org/W4402278069,openalex,https://doi.org/10.1016/j.wasman.2024.08.037,2026-03-19,cc-by
https://openalex.org/W4402284585,openalex,https://doi.org/10.1017/s0029665124004853,2026-03-19,cc-by
https://openalex.org/W4402298365,openalex,https://doi.org/10.1016/j.heliyon.2024.e37571,2026-03-19,
https://openalex.org/W4402300529,openalex,https://doi.org/10.1016/j.egyr.2024.08.075,2026-03-19,cc-by-nc-nd
https://openalex.org/W4402309957,openalex,https://doi.org/10.1002/chem.202402207,2026-03-19,cc-by-nc-nd
https://openalex.org/W4402310065,openalex,https://doi.org/10.3390/horticulturae10090951,2026-03-19,cc-by
https://openalex.org/W4402317590,openalex,https://doi.org/10.3390/su16177763,2026-03-19,cc-by
https://openalex.org/W4402326855,openalex,https://doi.org/10.3390/su16177788,2026-03-19,cc-by
https://openalex.org/W4402332226,openalex,https://doi.org/10.1016/j.isci.2024.110812,2026-03-19,cc-by
https://openalex.org/W4402334569,openalex,https://doi.org/10.1016/j.dwt.2024.100757,2026-03-19,cc-by-nc-nd
https://openalex.org/W4402357101,openalex,https://doi.org/10.3390/su16177867,2026-03-19,cc-by
https://openalex.org/W4402368162,openalex,https://doi.org/10.1111/gcbb.70001,2026-03-19,cc-by
https://openalex.org/W4402370181,openalex,https://doi.org/10.3390/su16177849,2026-03-19,cc-by
https://openalex.org/W4402371493,openalex,https://doi.org/10.3390/su16177847,2026-03-19,cc-by
https://openalex.org/W4402372334,openalex,https://doi.org/10.3390/su16177838,2026-03-19,cc-by
https://openalex.org/W4402372743,openalex,https://doi.org/10.1021/jacsau.4c00496,2026-03-19,cc-by
https://openalex.org/W4402373392,openalex,https://doi.org/10.3390/su16177810,2026-03-19,cc-by
https://openalex.org/W4402374697,openalex,https://doi.org/10.3390/su16177826,2026-03-19,cc-by
https://openalex.org/W4402378624,openalex,https://doi.org/10.24294/jipd.v8i9.7933,2026-03-19,cc-by
https://openalex.org/W4402378912,openalex,https://doi.org/10.1002/sd.3180,2026-03-19,
https://openalex.org/W4402394011,openalex,https://doi.org/10.3390/en17184543,2026-03-19,cc-by
https://openalex.org/W4402394315,openalex,https://doi.org/10.1038/s44221-024-00303-9,2026-03-19,cc-by-nc-nd
https://openalex.org/W4402394387,openalex,https://doi.org/10.1016/j.geosus.2024.09.001,2026-03-19,cc-by-nc-nd
https://openalex.org/W4402413156,openalex,https://doi.org/10.1007/s43621-024-00447-4,2026-03-19,cc-by-nc-nd
https://openalex.org/W4402439621,openalex,https://doi.org/10.1016/j.ijbiomac.2024.135583,2026-03-19,cc-by-nc-nd
https://openalex.org/W4402441407,openalex,https://doi.org/10.3390/biology13090712,2026-03-19,cc-by
https://openalex.org/W4402448392,openalex,https://doi.org/10.7717/peerj.18013,2026-03-19,cc-by
https://openalex.org/W4402449485,openalex,https://doi.org/10.1186/s40538-024-00662-1,2026-03-19,cc-by-nc-nd
https://openalex.org/W4402454188,openalex,https://doi.org/10.1145/3659997.3660033,2026-03-19,cc-by
https://openalex.org/W4402459579,openalex,https://doi.org/10.3390/su16187927,2026-03-19,cc-by
https://openalex.org/W4402461940,openalex,https://doi.org/10.3390/land13091471,2026-03-19,cc-by
https://openalex.org/W4402480648,openalex,https://doi.org/10.1201/9781003483755,2026-03-19,
https://openalex.org/W4402489445,openalex,https://doi.org/10.3390/su16187962,2026-03-19,cc-by
https://openalex.org/W4402489482,openalex,https://doi.org/10.3390/su16187969,2026-03-19,cc-by
https://openalex.org/W4402495372,openalex,https://doi.org/10.1080/13467581.2024.2399685,2026-03-19,
https://openalex.org/W4402497784,openalex,https://doi.org/10.62304/ijse.v1i04.199,2026-03-19,cc-by
https://openalex.org/W4402498696,openalex,https://doi.org/10.1002/bse.3962,2026-03-19,
https://openalex.org/W4402515846,openalex,https://doi.org/10.3390/su16188026,2026-03-19,cc-by
https://openalex.org/W4402518998,openalex,https://doi.org/10.3390/agriculture14091597,2026-03-19,cc-by
https://openalex.org/W4402519448,openalex,https://doi.org/10.1016/j.enbuild.2024.114769,2026-03-19,cc-by-nc-nd
https://openalex.org/W4402519686,openalex,https://doi.org/10.3390/pr12091975,2026-03-19,cc-by
https://openalex.org/W4402522817,openalex,https://doi.org/10.3390/recycling9050077,2026-03-19,cc-by
https://openalex.org/W4402528674,openalex,https://doi.org/10.1080/23322039.2024.2399760,2026-03-19,cc-by
https://openalex.org/W4402528916,openalex,https://doi.org/10.1080/00207543.2024.2396015,2026-03-19,
https://openalex.org/W4402536718,openalex,https://doi.org/10.1016/j.eist.2024.100904,2026-03-19,cc-by
https://openalex.org/W4402542786,openalex,https://doi.org/10.1002/bse.3961,2026-03-19,
https://openalex.org/W4402552325,openalex,https://doi.org/10.1016/j.hazadv.2024.100466,2026-03-19,cc-by
https://openalex.org/W4402560535,openalex,https://doi.org/10.1016/j.jclepro.2024.143693,2026-03-19,cc-by-nc-nd
https://openalex.org/W4402567961,openalex,https://doi.org/10.1111/raq.12970,2026-03-19,
https://openalex.org/W4402576612,openalex,https://doi.org/10.3389/frfst.2024.1448148,2026-03-19,cc-by
https://openalex.org/W4402585723,openalex,https://doi.org/10.1038/s41586-024-07932-w,2026-03-19,cc-by
https://openalex.org/W4402587184,openalex,https://doi.org/10.1093/sumbio/qvae025,2026-03-19,
https://openalex.org/W4402587210,openalex,https://doi.org/10.1016/j.bioeco.2024.100071,2026-03-19,cc-by
https://openalex.org/W4402601394,openalex,https://doi.org/10.1093/iwc/iwae040,2026-03-19,cc-by
https://openalex.org/W4402605639,openalex,https://doi.org/10.1002/sd.3192,2026-03-19,cc-by
https://openalex.org/W4402613562,openalex,https://doi.org/10.1002/anie.202414745,2026-03-19,cc-by
https://openalex.org/W4402617612,openalex,https://doi.org/10.1016/j.jenvman.2024.122515,2026-03-19,cc-by
https://openalex.org/W4402634279,openalex,https://doi.org/10.1016/j.copbio.2024.103197,2026-03-19,cc-by-nc
https://openalex.org/W4402635627,openalex,https://doi.org/10.1016/j.sftr.2024.100312,2026-03-19,cc-by-nc
https://openalex.org/W4402640314,openalex,https://doi.org/10.1007/s11625-024-01561-y,2026-03-19,cc-by
https://openalex.org/W4402643607,openalex,https://doi.org/10.1016/j.jclepro.2024.143694,2026-03-19,cc-by
https://openalex.org/W4402644893,openalex,https://doi.org/10.1002/anie.202414116,2026-03-19,
https://openalex.org/W4402648095,openalex,https://doi.org/10.3390/su16188152,2026-03-19,cc-by
https://openalex.org/W4402656874,openalex,https://doi.org/10.1002/sae2.70006,2026-03-19,cc-by
https://openalex.org/W4402665887,openalex,https://doi.org/10.3390/horticulturae10090997,2026-03-19,cc-by
https://openalex.org/W4402682044,openalex,https://doi.org/10.1080/21501203.2024.2389290,2026-03-19,
https://openalex.org/W4402704775,openalex,https://doi.org/10.3390/su16188060,2026-03-19,cc-by
https://openalex.org/W4402713034,openalex,https://doi.org/10.1016/j.ject.2024.09.002,2026-03-19,cc-by
https://openalex.org/W4402713376,openalex,https://doi.org/10.1186/s12934-024-02528-5,2026-03-19,cc-by
https://openalex.org/W4402714289,openalex,https://doi.org/10.1016/j.hazadv.2024.100473,2026-03-19,cc-by-nc-nd
https://openalex.org/W4402725900,openalex,https://doi.org/10.1017/sus.2024.36,2026-03-19,cc-by
https://openalex.org/W4402726234,openalex,https://doi.org/10.3390/buildings14092994,2026-03-19,cc-by
https://openalex.org/W4402735735,openalex,https://doi.org/10.24294/jipd.v8i10.7455,2026-03-19,cc-by
https://openalex.org/W4402738082,openalex,https://doi.org/10.1016/j.irfa.2024.103615,2026-03-19,cc-by
https://openalex.org/W4402749540,openalex,https://doi.org/10.3390/agriculture14091660,2026-03-19,cc-by
https://openalex.org/W4402751959,openalex,https://doi.org/10.1002/aenm.202402667,2026-03-19,
https://openalex.org/W4402756131,openalex,https://doi.org/10.3390/su16198306,2026-03-19,cc-by
https://openalex.org/W4402759781,openalex,https://doi.org/10.3390/su16198282,2026-03-19,cc-by
https://openalex.org/W4402759890,openalex,https://doi.org/10.3390/su16188271,2026-03-19,cc-by
https://openalex.org/W4402759895,openalex,https://doi.org/10.1016/j.apenergy.2024.124558,2026-03-19,cc-by
https://openalex.org/W4402760478,openalex,https://doi.org/10.3390/su16188223,2026-03-19,cc-by
https://openalex.org/W4402761818,openalex,https://doi.org/10.1016/j.jfutfo.2024.07.004,2026-03-19,cc-by-nc-nd
https://openalex.org/W4402764046,openalex,https://doi.org/10.3390/en17194768,2026-03-19,cc-by
https://openalex.org/W4402769303,openalex,https://doi.org/10.1039/d4su00171k,2026-03-19,cc-by
https://openalex.org/W4402780268,openalex,https://doi.org/10.3390/su16188058,2026-03-19,cc-by
https://openalex.org/W4402781354,openalex,https://doi.org/10.1007/s40171-024-00418-8,2026-03-19,cc-by
https://openalex.org/W4402782066,openalex,https://doi.org/10.1002/tcr.202400080,2026-03-19,
https://openalex.org/W4402782647,openalex,https://doi.org/10.1007/s10796-024-10526-6,2026-03-19,cc-by
https://openalex.org/W4402798415,openalex,https://doi.org/10.3390/foods13182914,2026-03-19,cc-by
https://openalex.org/W4402800402,openalex,https://doi.org/10.1182/blood.2024024667,2026-03-19,cc-by-nc-nd
https://openalex.org/W4402813486,openalex,https://doi.org/10.3390/foods13193027,2026-03-19,cc-by
https://openalex.org/W4402825638,openalex,https://doi.org/10.3390/su16198327,2026-03-19,cc-by
https://openalex.org/W4402837883,openalex,https://doi.org/10.1016/j.hazadv.2024.100479,2026-03-19,cc-by-nc
https://openalex.org/W4402838198,openalex,https://doi.org/10.1016/j.oceram.2024.100687,2026-03-19,cc-by-nc-nd
https://openalex.org/W4402842423,openalex,https://doi.org/10.1002/jsfa.13922,2026-03-19,
https://openalex.org/W4402846018,openalex,https://doi.org/10.1002/csr.2983,2026-03-19,cc-by-nc-nd
https://openalex.org/W4402850758,openalex,https://doi.org/10.1016/j.stress.2024.100615,2026-03-19,cc-by-nc
https://openalex.org/W4402857891,openalex,https://doi.org/10.1016/j.jpowsour.2024.235529,2026-03-19,cc-by
https://openalex.org/W4402877857,openalex,https://doi.org/10.28924/2291-8639-22-2024-167,2026-03-19,cc-by
https://openalex.org/W4402882388,openalex,https://doi.org/10.1186/s40712-024-00181-9,2026-03-19,cc-by
https://openalex.org/W4402893947,openalex,https://doi.org/10.1039/d4na00572d,2026-03-19,cc-by-nc
https://openalex.org/W4402905373,openalex,https://doi.org/10.1016/j.fbio.2024.105194,2026-03-19,cc-by
https://openalex.org/W4402923125,openalex,https://doi.org/10.1007/s43621-024-00472-3,2026-03-19,cc-by-nc-nd
https://openalex.org/W4402929458,openalex,https://doi.org/10.1002/bse.3966,2026-03-19,
https://openalex.org/W4402939769,openalex,https://doi.org/10.1038/s41598-024-72009-7,2026-03-19,cc-by
https://openalex.org/W4402942837,openalex,https://doi.org/10.1038/s41467-024-52854-w,2026-03-19,cc-by-nc-nd
https://openalex.org/W4402943686,openalex,https://doi.org/10.1016/j.esr.2024.101530,2026-03-19,cc-by-nc-nd
https://openalex.org/W4402948429,openalex,https://doi.org/10.1021/acsomega.4c06628,2026-03-19,cc-by
https://openalex.org/W4402964342,openalex,https://doi.org/10.3390/su16198480,2026-03-19,cc-by
https://openalex.org/W4402984150,openalex,https://doi.org/10.3390/su16198538,2026-03-19,cc-by
https://openalex.org/W4402988720,openalex,https://doi.org/10.3390/su16198484,2026-03-19,cc-by
https://openalex.org/W4402988971,openalex,https://doi.org/10.5772/intechopen.1006692,2026-03-19,cc-by
https://openalex.org/W4402989276,openalex,https://doi.org/10.1021/acssuschemeng.4c05812,2026-03-19,cc-by
https://openalex.org/W4402989700,openalex,https://doi.org/10.1002/sd.3210,2026-03-19,
https://openalex.org/W4402990527,openalex,https://doi.org/10.3390/ma17194768,2026-03-19,cc-by
https://openalex.org/W4402990986,openalex,https://doi.org/10.3390/su16198486,2026-03-19,cc-by
https://openalex.org/W4402991327,openalex,https://doi.org/10.3390/su16198509,2026-03-19,cc-by
https://openalex.org/W4402992601,openalex,https://doi.org/10.3390/plants13192737,2026-03-19,cc-by
https://openalex.org/W4402993948,openalex,https://doi.org/10.3390/polym16192768,2026-03-19,cc-by
https://openalex.org/W4402999380,openalex,https://doi.org/10.1016/j.nwnano.2024.100052,2026-03-19,cc-by
https://openalex.org/W4403013401,openalex,https://doi.org/10.1016/j.rineng.2024.103042,2026-03-19,cc-by
https://openalex.org/W4403029644,openalex,https://doi.org/10.3390/su16198551,2026-03-19,cc-by
https://openalex.org/W4403035554,openalex,https://doi.org/10.1002/adfm.202412138,2026-03-19,cc-by
https://openalex.org/W4403041123,openalex,https://doi.org/10.3390/jmse12101728,2026-03-19,cc-by
https://openalex.org/W4403045983,openalex,https://doi.org/10.3389/ffgc.2024.1409667,2026-03-19,cc-by
https://openalex.org/W4403062914,openalex,https://doi.org/10.1016/j.stae.2024.100084,2026-03-19,cc-by-nc-nd
https://openalex.org/W4403072554,openalex,https://doi.org/10.3390/su16198564,2026-03-19,cc-by
https://openalex.org/W4403075595,openalex,https://doi.org/10.1051/e3sconf/202457400001,2026-03-19,cc-by
https://openalex.org/W4403076844,openalex,https://doi.org/10.1016/j.jenvman.2024.122679,2026-03-19,cc-by
https://openalex.org/W4403086852,openalex,https://doi.org/10.1002/csr.2966,2026-03-19,cc-by
https://openalex.org/W4403091931,openalex,https://doi.org/10.1126/science.ado2615,2026-03-19,
https://openalex.org/W4403095755,openalex,https://doi.org/10.1109/access.2024.3472843,2026-03-19,cc-by
https://openalex.org/W4403102965,openalex,https://doi.org/10.1002/sd.3221,2026-03-19,cc-by-nc-nd
https://openalex.org/W4403107862,openalex,https://doi.org/10.1051/e3sconf/202457602009,2026-03-19,cc-by
https://openalex.org/W4403108971,openalex,https://doi.org/10.1002/fes3.567,2026-03-19,cc-by
https://openalex.org/W4403129766,openalex,https://doi.org/10.1038/s44318-024-00241-y,2026-03-19,cc-by
https://openalex.org/W4403138819,openalex,https://doi.org/10.57219/crrst.2024.2.1.0031,2026-03-19,cc-by
https://openalex.org/W4403140879,openalex,https://doi.org/10.57219/crret.2024.2.1.0063,2026-03-19,cc-by
https://openalex.org/W4403142285,openalex,https://doi.org/10.1002/sd.3218,2026-03-19,
https://openalex.org/W4403162989,openalex,https://doi.org/10.1186/s42269-024-01254-7,2026-03-19,cc-by
https://openalex.org/W4403167144,openalex,https://doi.org/10.62486/gen202466,2026-03-19,cc-by
https://openalex.org/W4403183881,openalex,https://doi.org/10.1111/gec3.70003,2026-03-19,cc-by-nc
https://openalex.org/W4403186935,openalex,https://doi.org/10.3390/su16198663,2026-03-19,cc-by
https://openalex.org/W4403187148,openalex,https://doi.org/10.1002/csr.2973,2026-03-19,cc-by-nc
https://openalex.org/W4403192111,openalex,https://doi.org/10.3390/horticulturae10101066,2026-03-19,cc-by
https://openalex.org/W4403199632,openalex,https://doi.org/10.1002/adsr.202400066,2026-03-19,cc-by
https://openalex.org/W4403200520,openalex,https://doi.org/10.31098/ijeass.v4i1.2002,2026-03-19,cc-by-nc
https://openalex.org/W4403208512,openalex,https://doi.org/10.1007/s00134-024-07662-7,2026-03-19,cc-by-nc
https://openalex.org/W4403214012,openalex,https://doi.org/10.3390/jcs8100413,2026-03-19,cc-by
https://openalex.org/W4403214496,openalex,https://doi.org/10.1039/d4fb00209a,2026-03-19,cc-by
https://openalex.org/W4403214671,openalex,https://doi.org/10.3390/jcs8100414,2026-03-19,cc-by
https://openalex.org/W4403217156,openalex,https://doi.org/10.3390/su16198668,2026-03-19,cc-by
https://openalex.org/W4403217198,openalex,https://doi.org/10.3390/su16198677,2026-03-19,cc-by
https://openalex.org/W4403226411,openalex,https://doi.org/10.1177/11786302241288856,2026-03-19,cc-by-nc
https://openalex.org/W4403237539,openalex,https://doi.org/10.3389/fsufs.2024.1437872,2026-03-19,cc-by
https://openalex.org/W4403242376,openalex,https://doi.org/10.3390/recycling9050095,2026-03-19,cc-by
https://openalex.org/W4403246565,openalex,https://doi.org/10.3389/fsufs.2024.1412919,2026-03-19,cc-by
https://openalex.org/W4403249345,openalex,https://doi.org/10.3390/su16198700,2026-03-19,cc-by
https://openalex.org/W4403250912,openalex,https://doi.org/10.3846/bmee.2024.21449,2026-03-19,cc-by
https://openalex.org/W4403252100,openalex,https://doi.org/10.1111/jpn.14055,2026-03-19,
https://openalex.org/W4403253227,openalex,https://doi.org/10.1155/2024/2126734,2026-03-19,cc-by
https://openalex.org/W4403257685,openalex,https://doi.org/10.9734/ajrcos/2024/v17i10512,2026-03-19,
https://openalex.org/W4403261531,openalex,https://doi.org/10.1016/j.enbuild.2024.114827,2026-03-19,cc-by
https://openalex.org/W4403261933,openalex,https://doi.org/10.1177/10384162241287739,2026-03-19,cc-by-nc
https://openalex.org/W4403267932,openalex,https://doi.org/10.1002/bse.3990,2026-03-19,cc-by-nc-nd
https://openalex.org/W4403279974,openalex,https://doi.org/10.1016/j.spc.2024.10.001,2026-03-19,cc-by-nc-nd
https://openalex.org/W4403280311,openalex,https://doi.org/10.3390/foods13193212,2026-03-19,cc-by
https://openalex.org/W4403281245,openalex,https://doi.org/10.1016/j.rcradv.2024.200232,2026-03-19,cc-by-nc-nd
https://openalex.org/W4403297981,openalex,https://doi.org/10.1007/s43621-024-00422-z,2026-03-19,cc-by-nc-nd
https://openalex.org/W4403300306,openalex,https://doi.org/10.1002/bsd2.70021,2026-03-19,cc-by-nc-nd
https://openalex.org/W4403300502,openalex,https://doi.org/10.1007/s43621-024-00505-x,2026-03-19,cc-by-nc-nd
https://openalex.org/W4403303134,openalex,https://doi.org/10.3390/su16208745,2026-03-19,cc-by
https://openalex.org/W4403304869,openalex,https://doi.org/10.1002/ece2.68,2026-03-19,cc-by
https://openalex.org/W4403308957,openalex,https://doi.org/10.1016/j.apenergy.2024.124655,2026-03-19,cc-by-nc-nd
https://openalex.org/W4403323816,openalex,https://doi.org/10.1002/jccs.202400250,2026-03-19,
https://openalex.org/W4403326496,openalex,https://doi.org/10.1016/j.asej.2024.103103,2026-03-19,cc-by-nc-nd
https://openalex.org/W4403330250,openalex,https://doi.org/10.1016/j.rineng.2024.103111,2026-03-19,cc-by-nc-nd
https://openalex.org/W4403330291,openalex,https://doi.org/10.1016/j.ribaf.2024.102624,2026-03-19,cc-by-nc-nd
https://openalex.org/W4403331024,openalex,https://doi.org/10.1016/j.jclepro.2024.143939,2026-03-19,cc-by
https://openalex.org/W4403344511,openalex,https://doi.org/10.1016/j.sftr.2024.100327,2026-03-19,cc-by-nc-nd
https://openalex.org/W4403349262,openalex,https://doi.org/10.1002/aesr.202400132,2026-03-19,cc-by
https://openalex.org/W4403351169,openalex,https://doi.org/10.1016/j.rineng.2024.103121,2026-03-19,cc-by-nc-nd
https://openalex.org/W4403353125,openalex,https://doi.org/10.1021/jacsau.4c00701,2026-03-19,cc-by-nc-nd
https://openalex.org/W4403360618,openalex,https://doi.org/10.1155/2024/3909400,2026-03-19,cc-by
https://openalex.org/W4403372143,openalex,https://doi.org/10.1016/j.solener.2024.112985,2026-03-19,cc-by
https://openalex.org/W4403378516,openalex,https://doi.org/10.1016/j.cej.2024.156693,2026-03-19,cc-by
https://openalex.org/W4403381285,openalex,https://doi.org/10.1002/jsc.2608,2026-03-19,cc-by
https://openalex.org/W4403381657,openalex,https://doi.org/10.1016/j.jclepro.2024.143947,2026-03-19,cc-by
https://openalex.org/W4403390149,openalex,https://doi.org/10.3390/agriculture14101811,2026-03-19,cc-by
https://openalex.org/W4403394518,openalex,https://doi.org/10.1039/d4ee03418j,2026-03-19,cc-by
https://openalex.org/W4403397528,openalex,https://doi.org/10.1007/s43621-024-00495-w,2026-03-19,cc-by-nc-nd
https://openalex.org/W4403415497,openalex,https://doi.org/10.1021/acsnano.3c12337,2026-03-19,cc-by
https://openalex.org/W4403425813,openalex,https://doi.org/10.1016/j.rineng.2024.103157,2026-03-19,cc-by-nc-nd
https://openalex.org/W4403434474,openalex,https://doi.org/10.3389/fsci.2024.1407410,2026-03-19,cc-by
https://openalex.org/W4403449992,openalex,https://doi.org/10.3390/su16208942,2026-03-19,cc-by
https://openalex.org/W4403488921,openalex,https://doi.org/10.1111/theo.12568,2026-03-19,cc-by-nc-nd
https://openalex.org/W4403492496,openalex,https://doi.org/10.3390/app14209346,2026-03-19,cc-by
https://openalex.org/W4403497604,openalex,https://doi.org/10.1002/csr.2990,2026-03-19,cc-by-nc-nd
https://openalex.org/W4403515014,openalex,https://doi.org/10.1002/adfm.202415595,2026-03-19,
https://openalex.org/W4403536705,openalex,https://doi.org/10.3390/urbansci8040175,2026-03-19,cc-by
https://openalex.org/W4403539145,openalex,https://doi.org/10.1007/s43621-024-00549-z,2026-03-19,cc-by-nc-nd
https://openalex.org/W4403541623,openalex,https://doi.org/10.1016/j.irfa.2024.103669,2026-03-19,cc-by
https://openalex.org/W4403561610,openalex,https://doi.org/10.1016/j.epm.2024.10.001,2026-03-19,cc-by-nc-nd
https://openalex.org/W4403566710,openalex,https://doi.org/10.1002/adfm.202414338,2026-03-19,
https://openalex.org/W4403581320,openalex,https://doi.org/10.1017/jmo.2024.10,2026-03-19,
https://openalex.org/W4403585793,openalex,https://doi.org/10.3390/w16203003,2026-03-19,cc-by
https://openalex.org/W4403587253,openalex,https://doi.org/10.1016/j.rineng.2024.103196,2026-03-19,cc-by-nc-nd
https://openalex.org/W4403595833,openalex,https://doi.org/10.1088/2515-7620/ad898f,2026-03-19,cc-by
https://openalex.org/W4403595930,openalex,https://doi.org/10.1038/s44296-024-00041-9,2026-03-19,cc-by
https://openalex.org/W4403609330,openalex,https://doi.org/10.1039/d4ra05269b,2026-03-19,cc-by-nc
https://openalex.org/W4403611155,openalex,https://doi.org/10.59429/ace.v7i3.5537,2026-03-19,cc-by
https://openalex.org/W4403620075,openalex,https://doi.org/10.70593/978-81-981271-1-2_5,2026-03-19,cc-by-sa
https://openalex.org/W4403632220,openalex,https://doi.org/10.1111/1541-4337.70045,2026-03-19,cc-by
https://openalex.org/W4403632568,openalex,https://doi.org/10.1016/j.jenvman.2024.122971,2026-03-19,cc-by-nc-nd
https://openalex.org/W4403637567,openalex,https://doi.org/10.3390/app14219648,2026-03-19,cc-by
https://openalex.org/W4403637702,openalex,https://doi.org/10.1057/s41599-024-03879-5,2026-03-19,cc-by-nc-nd
https://openalex.org/W4403647476,openalex,https://doi.org/10.70593/978-81-981367-4-9_5,2026-03-19,
https://openalex.org/W4403649501,openalex,https://doi.org/10.70593/978-81-981271-1-2_2,2026-03-19,cc-by-sa
https://openalex.org/W4403650224,openalex,https://doi.org/10.3390/su16219144,2026-03-19,cc-by
https://openalex.org/W4403651750,openalex,https://doi.org/10.3390/su16219145,2026-03-19,cc-by
https://openalex.org/W4403652281,openalex,https://doi.org/10.1002/sus2.244,2026-03-19,cc-by
https://openalex.org/W4403658130,openalex,https://doi.org/10.70593/978-81-981271-8-1_2,2026-03-19,
https://openalex.org/W4403659341,openalex,https://doi.org/10.3389/fmars.2024.1483330,2026-03-19,cc-by
https://openalex.org/W4403667834,openalex,https://doi.org/10.1016/j.frl.2024.106345,2026-03-19,cc-by
https://openalex.org/W4403668433,openalex,https://doi.org/10.1016/j.autcon.2024.105834,2026-03-19,cc-by
https://openalex.org/W4403669249,openalex,https://doi.org/10.1016/j.sftr.2024.100349,2026-03-19,cc-by-nc-nd
https://openalex.org/W4403689568,openalex,https://doi.org/10.1039/d4ee03956d,2026-03-19,cc-by
https://openalex.org/W4403699841,openalex,https://doi.org/10.1002/smll.202406669,2026-03-19,cc-by-nc-nd
https://openalex.org/W4403714384,openalex,https://doi.org/10.1016/j.rineng.2024.103235,2026-03-19,cc-by
https://openalex.org/W4403714446,openalex,https://doi.org/10.1016/j.heliyon.2024.e39815,2026-03-19,
https://openalex.org/W4403726230,openalex,https://doi.org/10.1007/978-981-97-6691-8,2026-03-19,
https://openalex.org/W4403730078,openalex,https://doi.org/10.1080/19440049.2024.2414954,2026-03-19,
https://openalex.org/W4403733178,openalex,https://doi.org/10.1002/joe.22280,2026-03-19,
https://openalex.org/W4403733541,openalex,https://doi.org/10.1080/23311975.2024.2419489,2026-03-19,cc-by
https://openalex.org/W4403745697,openalex,https://doi.org/10.3389/fmicb.2024.1473666,2026-03-19,cc-by
https://openalex.org/W4403749138,openalex,https://doi.org/10.1016/j.techfore.2024.123841,2026-03-19,cc-by-nc
https://openalex.org/W4403754421,openalex,https://doi.org/10.1007/s10311-024-01789-1,2026-03-19,cc-by
https://openalex.org/W4403759048,openalex,https://doi.org/10.1109/access.2024.3486653,2026-03-19,
https://openalex.org/W4403762044,openalex,https://doi.org/10.3390/su16219286,2026-03-19,cc-by
https://openalex.org/W4403764398,openalex,https://doi.org/10.3390/su16219270,2026-03-19,cc-by
https://openalex.org/W4403774091,openalex,https://doi.org/10.1016/j.techsoc.2024.102743,2026-03-19,cc-by-nc-nd
https://openalex.org/W4403774878,openalex,https://doi.org/10.1080/15440478.2024.2418357,2026-03-19,cc-by
https://openalex.org/W4403776999,openalex,https://doi.org/10.2478/mmcks-2024-0021,2026-03-19,cc-by
https://openalex.org/W4403793119,openalex,https://doi.org/10.1002/adsu.202400486,2026-03-19,cc-by-nc-nd
https://openalex.org/W4403794999,openalex,https://doi.org/10.1002/sd.3234,2026-03-19,cc-by-nc-nd
https://openalex.org/W4403796216,openalex,https://doi.org/10.1002/csr.3013,2026-03-19,cc-by
https://openalex.org/W4403828617,openalex,https://doi.org/10.1016/j.gfs.2024.100810,2026-03-19,cc-by
https://openalex.org/W4403832596,openalex,https://doi.org/10.3390/world5040051,2026-03-19,cc-by
https://openalex.org/W4403834930,openalex,https://doi.org/10.3390/smartcities7060124,2026-03-19,cc-by
https://openalex.org/W4403835331,openalex,https://doi.org/10.3390/su16219341,2026-03-19,cc-by
https://openalex.org/W4403836711,openalex,https://doi.org/10.3390/en17215342,2026-03-19,cc-by
https://openalex.org/W4403837543,openalex,https://doi.org/10.4324/9781003281030,2026-03-19,cc-by
https://openalex.org/W4403838337,openalex,https://doi.org/10.1016/j.rineng.2024.103214,2026-03-19,cc-by-nc-nd
https://openalex.org/W4403838557,openalex,https://doi.org/10.56578/cis120302,2026-03-19,cc-by
https://openalex.org/W4403850835,openalex,https://doi.org/10.1177/27533735241276201,2026-03-19,cc-by-nc
https://openalex.org/W4403867166,openalex,https://doi.org/10.1108/intr-07-2023-0523,2026-03-19,
https://openalex.org/W4403870458,openalex,https://doi.org/10.1038/s41598-024-75903-2,2026-03-19,cc-by-nc-nd
https://openalex.org/W4403878419,openalex,https://doi.org/10.1108/ejim-07-2024-0787,2026-03-19,cc-by
https://openalex.org/W4403886741,openalex,https://doi.org/10.1007/s44344-024-00002-3,2026-03-19,cc-by-nc-nd
https://openalex.org/W4403895380,openalex,https://doi.org/10.22495/cgsrv8i3p1,2026-03-19,cc-by
https://openalex.org/W4403896617,openalex,https://doi.org/10.1016/j.recm.2024.10.004,2026-03-19,cc-by-nc-nd
https://openalex.org/W4403896761,openalex,https://doi.org/10.1088/1748-9326/ad80af,2026-03-19,cc-by
https://openalex.org/W4403901671,openalex,https://doi.org/10.1016/j.wmb.2024.10.005,2026-03-19,cc-by-nc-nd
https://openalex.org/W4403909528,openalex,https://doi.org/10.1016/j.jclepro.2024.144115,2026-03-19,cc-by
https://openalex.org/W4403910234,openalex,https://doi.org/10.1002/csr.3010,2026-03-19,cc-by-nc-nd
https://openalex.org/W4403913625,openalex,https://doi.org/10.1016/j.spc.2024.10.018,2026-03-19,cc-by
https://openalex.org/W4403914927,openalex,https://doi.org/10.1016/j.tifs.2024.104761,2026-03-19,cc-by
https://openalex.org/W4403926742,openalex,https://doi.org/10.1016/j.desal.2024.118219,2026-03-19,cc-by
https://openalex.org/W4403929535,openalex,https://doi.org/10.1016/j.jmsy.2024.10.022,2026-03-19,cc-by
https://openalex.org/W4403930478,openalex,https://doi.org/10.1016/j.enpol.2024.114404,2026-03-19,cc-by
https://openalex.org/W4403930857,openalex,https://doi.org/10.1016/j.scs.2024.105950,2026-03-19,cc-by
https://openalex.org/W4403938302,openalex,https://doi.org/10.32479/irmm.16843,2026-03-19,cc-by
https://openalex.org/W4403969179,openalex,https://doi.org/10.3390/su16219433,2026-03-19,cc-by
https://openalex.org/W4403973131,openalex,https://doi.org/10.15376/biores.20.1.15-16,2026-03-19,
https://openalex.org/W4403976692,openalex,https://doi.org/10.3390/su16219481,2026-03-19,cc-by
https://openalex.org/W4403976848,openalex,https://doi.org/10.3390/su16219437,2026-03-19,cc-by
https://openalex.org/W4403986051,openalex,https://doi.org/10.1016/j.jbusres.2024.115029,2026-03-19,cc-by
https://openalex.org/W4403990879,openalex,https://doi.org/10.3389/fenrg.2024.1448520,2026-03-19,cc-by
https://openalex.org/W4403993071,openalex,https://doi.org/10.1029/2023wr037020,2026-03-19,cc-by
https://openalex.org/W4403997873,openalex,https://doi.org/10.1016/j.rser.2024.115033,2026-03-19,cc-by
https://openalex.org/W4404010700,openalex,https://doi.org/10.1038/s41467-024-53896-w,2026-03-19,cc-by-nc-nd
https://openalex.org/W4404013899,openalex,https://doi.org/10.1098/rsta.2023.0239,2026-03-19,cc-by
https://openalex.org/W4404022276,openalex,https://doi.org/10.70470/khwarizmia/2024/003,2026-03-19,cc-by
https://openalex.org/W4404053413,openalex,https://doi.org/10.1080/09695958.2024.2421179,2026-03-19,
https://openalex.org/W4404054134,openalex,https://doi.org/10.1016/j.jece.2024.114693,2026-03-19,cc-by
https://openalex.org/W4404056077,openalex,https://doi.org/10.1016/j.adna.2024.10.001,2026-03-19,cc-by-nc-nd
https://openalex.org/W4404066135,openalex,https://doi.org/10.3390/mti8110096,2026-03-19,cc-by
https://openalex.org/W4404103089,openalex,https://doi.org/10.1109/access.2024.3492973,2026-03-19,
https://openalex.org/W4404105994,openalex,https://doi.org/10.3390/foods13223546,2026-03-19,cc-by
https://openalex.org/W4404106163,openalex,https://doi.org/10.3390/su16229675,2026-03-19,cc-by
https://openalex.org/W4404114899,openalex,https://doi.org/10.1002/bse.4024,2026-03-19,cc-by
https://openalex.org/W4404115073,openalex,https://doi.org/10.1002/adma.202412671,2026-03-19,cc-by
https://openalex.org/W4404128015,openalex,https://doi.org/10.30574/wjbphs.2024.20.2.0850,2026-03-19,cc-by
https://openalex.org/W4404130918,openalex,https://doi.org/10.1016/j.actpsy.2024.104595,2026-03-19,cc-by
https://openalex.org/W4404139279,openalex,https://doi.org/10.1155/2024/2633384,2026-03-19,cc-by
https://openalex.org/W4404141537,openalex,https://doi.org/10.3390/app142210241,2026-03-19,cc-by
https://openalex.org/W4404142326,openalex,https://doi.org/10.1002/adma.202414285,2026-03-19,
https://openalex.org/W4404171824,openalex,https://doi.org/10.1016/j.irfa.2024.103742,2026-03-19,cc-by
https://openalex.org/W4404190748,openalex,https://doi.org/10.1002/adfm.202416390,2026-03-19,cc-by
https://openalex.org/W4404196209,openalex,https://doi.org/10.1002/sd.3259,2026-03-19,
https://openalex.org/W4404222208,openalex,https://doi.org/10.1002/aenm.202403995,2026-03-19,
https://openalex.org/W4404228741,openalex,https://doi.org/10.3390/admsci14110297,2026-03-19,cc-by
https://openalex.org/W4404230145,openalex,https://doi.org/10.1038/s41467-024-54166-5,2026-03-19,cc-by-nc-nd
https://openalex.org/W4404235414,openalex,https://doi.org/10.53430/ijeru.2024.7.2.0046,2026-03-19,cc-by
https://openalex.org/W4404241679,openalex,https://doi.org/10.4324/9781003467007,2026-03-19,cc-by-nc-nd
https://openalex.org/W4404271614,openalex,https://doi.org/10.3390/su16229855,2026-03-19,cc-by
https://openalex.org/W4404274985,openalex,https://doi.org/10.1111/1541-4337.70051,2026-03-19,cc-by-nc-nd
https://openalex.org/W4404275754,openalex,https://doi.org/10.3390/su16229779,2026-03-19,cc-by
https://openalex.org/W4404283194,openalex,https://doi.org/10.1093/nar/gkae1070,2026-03-19,cc-by
https://openalex.org/W4404283805,openalex,https://doi.org/10.3390/w16223216,2026-03-19,cc-by
https://openalex.org/W4404284426,openalex,https://doi.org/10.3390/su16229766,2026-03-19,cc-by
https://openalex.org/W4404289322,openalex,https://doi.org/10.1016/j.indic.2024.100535,2026-03-19,cc-by-nc
https://openalex.org/W4404293494,openalex,https://doi.org/10.1186/s11671-024-04142-1,2026-03-19,cc-by-nc-nd
https://openalex.org/W4404294097,openalex,https://doi.org/10.24136/oc.3026,2026-03-19,cc-by-nd
https://openalex.org/W4404310148,openalex,https://doi.org/10.1007/s43621-024-00619-2,2026-03-19,cc-by-nc-nd
https://openalex.org/W4404320102,openalex,https://doi.org/10.3390/su16229903,2026-03-19,cc-by
https://openalex.org/W4404321313,openalex,https://doi.org/10.1016/j.frl.2024.106453,2026-03-19,cc-by
https://openalex.org/W4404324437,openalex,https://doi.org/10.1016/j.futures.2024.103502,2026-03-19,cc-by
https://openalex.org/W4404325215,openalex,https://doi.org/10.3390/plants13223184,2026-03-19,cc-by
https://openalex.org/W4404332059,openalex,https://doi.org/10.3389/fmicb.2024.1500260,2026-03-19,cc-by
https://openalex.org/W4404345411,openalex,https://doi.org/10.3390/su16229911,2026-03-19,cc-by
https://openalex.org/W4404357750,openalex,https://doi.org/10.3390/buildings14113613,2026-03-19,cc-by
https://openalex.org/W4404376050,openalex,https://doi.org/10.3390/jrfm17110509,2026-03-19,cc-by
https://openalex.org/W4404391248,openalex,https://doi.org/10.1007/s43621-024-00641-4,2026-03-19,cc-by-nc-nd
https://openalex.org/W4404392911,openalex,https://doi.org/10.3390/su16229971,2026-03-19,cc-by
https://openalex.org/W4404405148,openalex,https://doi.org/10.1016/j.eja.2024.127433,2026-03-19,cc-by
https://openalex.org/W4404416069,openalex,https://doi.org/10.1016/j.eist.2024.100933,2026-03-19,cc-by
https://openalex.org/W4404416724,openalex,https://doi.org/10.3390/lubricants12110393,2026-03-19,cc-by
https://openalex.org/W4404418637,openalex,https://doi.org/10.3390/ijms252212261,2026-03-19,cc-by
https://openalex.org/W4404422378,openalex,https://doi.org/10.1002/aenm.202404459,2026-03-19,
https://openalex.org/W4404433455,openalex,https://doi.org/10.1002/sd.3265,2026-03-19,cc-by-nc
https://openalex.org/W4404438792,openalex,https://doi.org/10.1007/s11676-024-01802-x,2026-03-19,cc-by
https://openalex.org/W4404446917,openalex,https://doi.org/10.1016/j.techfore.2024.123875,2026-03-19,cc-by-nc-nd
https://openalex.org/W4404459849,openalex,https://doi.org/10.1016/j.jwpe.2024.106506,2026-03-19,cc-by-nc
https://openalex.org/W4404473533,openalex,https://doi.org/10.1002/smll.202405215,2026-03-19,cc-by
https://openalex.org/W4404496662,openalex,https://doi.org/10.3390/en17225768,2026-03-19,cc-by
https://openalex.org/W4404501134,openalex,https://doi.org/10.3390/foods13223680,2026-03-19,cc-by
https://openalex.org/W4404503089,openalex,https://doi.org/10.3390/buildings14113660,2026-03-19,cc-by
https://openalex.org/W4404511730,openalex,https://doi.org/10.1002/sd.3282,2026-03-19,cc-by
https://openalex.org/W4404514330,openalex,https://doi.org/10.1016/j.cpb.2024.100420,2026-03-19,cc-by
https://openalex.org/W4404554502,openalex,https://doi.org/10.51594/ijmer.v6i11.1719,2026-03-19,cc-by-nc
https://openalex.org/W4404554723,openalex,https://doi.org/10.1016/j.joitmc.2024.100436,2026-03-19,cc-by-nc-nd
https://openalex.org/W4404567792,openalex,https://doi.org/10.1080/10494820.2024.2414429,2026-03-19,cc-by
https://openalex.org/W4404584288,openalex,https://doi.org/10.3389/fsoc.2024.1456871,2026-03-19,cc-by
https://openalex.org/W4404592726,openalex,https://doi.org/10.1002/adma.202414658,2026-03-19,cc-by
https://openalex.org/W4404597456,openalex,https://doi.org/10.3390/su162310162,2026-03-19,cc-by
https://openalex.org/W4404603045,openalex,https://doi.org/10.3389/fmicb.2024.1485197,2026-03-19,cc-by
https://openalex.org/W4404606545,openalex,https://doi.org/10.3389/fsufs.2024.1405409,2026-03-19,cc-by
https://openalex.org/W4404607722,openalex,https://doi.org/10.1016/j.ijme.2024.101088,2026-03-19,cc-by
https://openalex.org/W4404613323,openalex,https://doi.org/10.3390/pr12122627,2026-03-19,cc-by
https://openalex.org/W4404618052,openalex,https://doi.org/10.1002/bse.4042,2026-03-19,cc-by
https://openalex.org/W4404619538,openalex,https://doi.org/10.1039/d4va00136b,2026-03-19,cc-by
https://openalex.org/W4404630367,openalex,https://doi.org/10.1016/j.fbio.2024.105532,2026-03-19,cc-by-nc-nd
https://openalex.org/W4404632906,openalex,https://doi.org/10.1039/d4gc04505j,2026-03-19,
https://openalex.org/W4404633345,openalex,https://doi.org/10.1016/j.cogsc.2024.100983,2026-03-19,cc-by
https://openalex.org/W4404639191,openalex,https://doi.org/10.3390/agriculture14122111,2026-03-19,cc-by
https://openalex.org/W4404639834,openalex,https://doi.org/10.3390/su162310230,2026-03-19,cc-by
https://openalex.org/W4404644663,openalex,https://doi.org/10.1002/bse.4021,2026-03-19,cc-by
https://openalex.org/W4404645286,openalex,https://doi.org/10.70470/estidamaa/2024/006,2026-03-19,cc-by
https://openalex.org/W4404645334,openalex,https://doi.org/10.70470/estidamaa/2024/003,2026-03-19,cc-by
https://openalex.org/W4404646551,openalex,https://doi.org/10.14488/bjopm.2194.2024,2026-03-19,cc-by
https://openalex.org/W4404650473,openalex,https://doi.org/10.32996/bjtep.2024.3.3.9,2026-03-19,
https://openalex.org/W4404650955,openalex,https://doi.org/10.38124/ijisrt/ijisrt24nov1344,2026-03-19,cc-by-nc
https://openalex.org/W4404652116,openalex,https://doi.org/10.1016/j.ssaho.2024.101223,2026-03-19,cc-by-nc-nd
https://openalex.org/W4404660601,openalex,https://doi.org/10.1111/ejed.12822,2026-03-19,other-oa
https://openalex.org/W4404664541,openalex,https://doi.org/10.1016/j.rser.2024.115137,2026-03-19,cc-by-nc-nd
https://openalex.org/W4404667651,openalex,https://doi.org/10.1039/d4sc06164k,2026-03-19,cc-by
https://openalex.org/W4404669471,openalex,https://doi.org/10.1007/s43621-024-00681-w,2026-03-19,cc-by-nc-nd
https://openalex.org/W4404670928,openalex,https://doi.org/10.1016/j.rser.2024.115108,2026-03-19,cc-by-nc-nd
https://openalex.org/W4404690871,openalex,https://doi.org/10.31181/sor21202515,2026-03-19,cc-by
https://openalex.org/W4404692691,openalex,https://doi.org/10.3390/resources13120164,2026-03-19,cc-by
https://openalex.org/W4404694455,openalex,https://doi.org/10.1038/s41598-024-80254-z,2026-03-19,cc-by
https://openalex.org/W4404698236,openalex,https://doi.org/10.3390/admsci14120312,2026-03-19,cc-by
https://openalex.org/W4404698497,openalex,https://doi.org/10.3390/w16233380,2026-03-19,cc-by
https://openalex.org/W4404699343,openalex,https://doi.org/10.3390/polym16233268,2026-03-19,cc-by
https://openalex.org/W4404701418,openalex,https://doi.org/10.3390/app142310853,2026-03-19,cc-by
https://openalex.org/W4404706175,openalex,https://doi.org/10.1016/j.seta.2024.104096,2026-03-19,cc-by
https://openalex.org/W4404709121,openalex,https://doi.org/10.1007/s43621-024-00689-2,2026-03-19,cc-by-nc-nd
https://openalex.org/W4404721697,openalex,https://doi.org/10.3390/app142310956,2026-03-19,cc-by
https://openalex.org/W4404721890,openalex,https://doi.org/10.1155/er/8022398,2026-03-19,cc-by
https://openalex.org/W4404731140,openalex,https://doi.org/10.1016/j.foodhyd.2024.110880,2026-03-19,cc-by
https://openalex.org/W4404732910,openalex,https://doi.org/10.1016/j.indcrop.2024.120108,2026-03-19,cc-by
https://openalex.org/W4404756990,openalex,https://doi.org/10.3390/su162310401,2026-03-19,cc-by
https://openalex.org/W4404760887,openalex,https://doi.org/10.1039/d4su00630e,2026-03-19,cc-by
https://openalex.org/W4404764141,openalex,https://doi.org/10.3389/fsufs.2024.1453999,2026-03-19,cc-by
https://openalex.org/W4404766205,openalex,https://doi.org/10.3390/agronomy14122815,2026-03-19,cc-by
https://openalex.org/W4404767001,openalex,https://doi.org/10.3390/su162310358,2026-03-19,cc-by
https://openalex.org/W4404767193,openalex,https://doi.org/10.1039/d4cc05127k,2026-03-19,
https://openalex.org/W4404769448,openalex,https://doi.org/10.1016/j.crmicr.2024.100326,2026-03-19,cc-by-nc-nd
https://openalex.org/W4404798080,openalex,https://doi.org/10.1016/j.jenvman.2024.123472,2026-03-19,cc-by
https://openalex.org/W4404803260,openalex,https://doi.org/10.1016/j.jece.2024.114900,2026-03-19,cc-by
https://openalex.org/W4404812441,openalex,https://doi.org/10.1016/j.wmb.2024.11.009,2026-03-19,cc-by-nc-nd
https://openalex.org/W4404812819,openalex,https://doi.org/10.1016/j.indic.2024.100544,2026-03-19,cc-by
https://openalex.org/W4404828820,openalex,https://doi.org/10.1007/s43621-024-00618-3,2026-03-19,cc-by-nc-nd
https://openalex.org/W4404862357,openalex,https://doi.org/10.1080/23322039.2024.2433023,2026-03-19,cc-by
https://openalex.org/W4404864862,openalex,https://doi.org/10.1016/j.heliyon.2024.e40836,2026-03-19,cc-by-nc-nd
https://openalex.org/W4404872951,openalex,https://doi.org/10.1002/csr.3046,2026-03-19,cc-by-nc-nd
https://openalex.org/W4404877195,openalex,https://doi.org/10.1016/j.heliyon.2024.e40735,2026-03-19,
https://openalex.org/W4404887852,openalex,https://doi.org/10.1186/s12937-024-01049-6,2026-03-19,cc-by
https://openalex.org/W4404893579,openalex,https://doi.org/10.1002/bse.4075,2026-03-19,cc-by
https://openalex.org/W4404913165,openalex,https://doi.org/10.1073/pnas.2319008121,2026-03-19,cc-by-nc-nd
https://openalex.org/W4404917802,openalex,https://doi.org/10.1016/j.enbuild.2024.115142,2026-03-19,cc-by
https://openalex.org/W4404919074,openalex,https://doi.org/10.3390/pr12122723,2026-03-19,cc-by
https://openalex.org/W4404921371,openalex,https://doi.org/10.1002/bse.4079,2026-03-19,cc-by-nc-nd
https://openalex.org/W4404922713,openalex,https://doi.org/10.3390/agronomy14122871,2026-03-19,cc-by
https://openalex.org/W4404923397,openalex,https://doi.org/10.3390/su162310566,2026-03-19,cc-by
https://openalex.org/W4404927946,openalex,https://doi.org/10.3390/su162310511,2026-03-19,cc-by
https://openalex.org/W4404928931,openalex,https://doi.org/10.1038/s41893-024-01474-9,2026-03-19,cc-by
https://openalex.org/W4404945755,openalex,https://doi.org/10.1146/annurev-food-111523-121802,2026-03-19,cc-by
https://openalex.org/W4404959594,openalex,https://doi.org/10.1016/j.iref.2024.103785,2026-03-19,cc-by-nc-nd
https://openalex.org/W4404977056,openalex,https://doi.org/10.1186/s40807-024-00138-8,2026-03-19,cc-by
https://openalex.org/W4404999932,openalex,https://doi.org/10.3390/su162310630,2026-03-19,cc-by
https://openalex.org/W4405022561,openalex,https://doi.org/10.1126/sciadv.ads1136,2026-03-19,cc-by-nc
https://openalex.org/W4405023283,openalex,https://doi.org/10.1073/pnas.2408187121,2026-03-19,cc-by-nc-nd
https://openalex.org/W4405024916,openalex,https://doi.org/10.1108/sasbe-04-2024-0127,2026-03-19,cc-by
https://openalex.org/W4405025683,openalex,https://doi.org/10.3390/bacteria3040030,2026-03-19,cc-by
https://openalex.org/W4405040623,openalex,https://doi.org/10.1016/j.resglo.2024.100267,2026-03-19,cc-by
https://openalex.org/W4405070607,openalex,https://doi.org/10.3390/encyclopedia4040119,2026-03-19,cc-by
https://openalex.org/W4405076026,openalex,https://doi.org/10.1007/s13201-024-02336-7,2026-03-19,cc-by-nc-nd
https://openalex.org/W4405078699,openalex,https://doi.org/10.1002/ppp3.10607,2026-03-19,cc-by
https://openalex.org/W4405081108,openalex,https://doi.org/10.5530/jscires.20041231,2026-03-19,cc-by
https://openalex.org/W4405081620,openalex,https://doi.org/10.1002/csr.3066,2026-03-19,cc-by-nc-nd
https://openalex.org/W4405089766,openalex,https://doi.org/10.1038/s41467-024-54536-z,2026-03-19,cc-by-nc-nd
https://openalex.org/W4405099066,openalex,https://doi.org/10.1016/j.tim.2024.11.001,2026-03-19,cc-by-nc
https://openalex.org/W4405125555,openalex,https://doi.org/10.1007/s11187-024-00981-5,2026-03-19,cc-by
https://openalex.org/W4405130211,openalex,https://doi.org/10.32479/irmm.17346,2026-03-19,cc-by
https://openalex.org/W4405135375,openalex,https://doi.org/10.1016/j.rsurfi.2024.100374,2026-03-19,cc-by
https://openalex.org/W4405135567,openalex,https://doi.org/10.1016/j.enceco.2024.12.003,2026-03-19,cc-by-nc-nd
https://openalex.org/W4405166126,openalex,https://doi.org/10.1002/sd.3307,2026-03-19,
https://openalex.org/W4405175642,openalex,https://doi.org/10.1016/j.plana.2024.100124,2026-03-19,cc-by-nc-nd
https://openalex.org/W4405178800,openalex,https://doi.org/10.1016/j.ijhydene.2024.12.009,2026-03-19,cc-by
https://openalex.org/W4405183640,openalex,https://doi.org/10.1016/j.ajcnut.2024.11.027,2026-03-19,cc-by
https://openalex.org/W4405184780,openalex,https://doi.org/10.3390/su162310790,2026-03-19,cc-by
https://openalex.org/W4405192243,openalex,https://doi.org/10.59324/ejmeb.2024.1(3).09,2026-03-19,cc-by
https://openalex.org/W4405195968,openalex,https://doi.org/10.3390/su162310741,2026-03-19,cc-by
https://openalex.org/W4405195999,openalex,https://doi.org/10.3390/su162310751,2026-03-19,cc-by
https://openalex.org/W4405196216,openalex,https://doi.org/10.3390/su162310750,2026-03-19,cc-by
https://openalex.org/W4405200301,openalex,https://doi.org/10.1002/adma.202412972,2026-03-19,
https://openalex.org/W4405201126,openalex,https://doi.org/10.1002/adma.202413751,2026-03-19,
https://openalex.org/W4405201286,openalex,https://doi.org/10.1002/adma.202415269,2026-03-19,cc-by
https://openalex.org/W4405204281,openalex,https://doi.org/10.1080/17452759.2024.2438899,2026-03-19,cc-by-nc-nd
https://openalex.org/W4405204894,openalex,https://doi.org/10.1016/j.desal.2024.118412,2026-03-19,cc-by
https://openalex.org/W4405208022,openalex,https://doi.org/10.3934/energy.2024057,2026-03-19,cc-by
https://openalex.org/W4405212213,openalex,https://doi.org/10.1016/j.rser.2024.115157,2026-03-19,cc-by-nc
https://openalex.org/W4405218216,openalex,https://doi.org/10.3389/fmars.2024.1499228,2026-03-19,cc-by
https://openalex.org/W4405235079,openalex,https://doi.org/10.3390/electronics13244874,2026-03-19,cc-by
https://openalex.org/W4405259728,openalex,https://doi.org/10.1002/cb.2436,2026-03-19,
https://openalex.org/W4405259811,openalex,https://doi.org/10.1016/j.rineng.2024.103674,2026-03-19,cc-by-nc-nd
https://openalex.org/W4405260569,openalex,https://doi.org/10.1002/adma.202413564,2026-03-19,
https://openalex.org/W4405280442,openalex,https://doi.org/10.1126/sciadv.ads3926,2026-03-19,cc-by
https://openalex.org/W4405281170,openalex,https://doi.org/10.1371/journal.pone.0315502,2026-03-19,cc-by
https://openalex.org/W4405281745,openalex,https://doi.org/10.1039/d4cc05157b,2026-03-19,cc-by-nc
https://openalex.org/W4405283445,openalex,https://doi.org/10.3390/su162410867,2026-03-19,cc-by
https://openalex.org/W4405284378,openalex,https://doi.org/10.3390/su162410848,2026-03-19,cc-by
https://openalex.org/W4405304828,openalex,https://doi.org/10.1109/access.2024.3516500,2026-03-19,cc-by
https://openalex.org/W4405315156,openalex,https://doi.org/10.1016/j.eti.2024.103969,2026-03-19,cc-by-nc-nd
https://openalex.org/W4405329989,openalex,https://doi.org/10.1186/s12982-024-00368-7,2026-03-19,cc-by-nc-nd
https://openalex.org/W4405331161,openalex,https://doi.org/10.1039/d4ra06071g,2026-03-19,cc-by
https://openalex.org/W4405338440,openalex,https://doi.org/10.1016/j.eneco.2024.108120,2026-03-19,cc-by
https://openalex.org/W4405338464,openalex,https://doi.org/10.3389/fmicb.2024.1461504,2026-03-19,cc-by
https://openalex.org/W4405353376,openalex,https://doi.org/10.1016/j.indcrop.2024.120282,2026-03-19,cc-by
https://openalex.org/W4405365187,openalex,https://doi.org/10.1016/j.jclepro.2024.144477,2026-03-19,cc-by
https://openalex.org/W4405371410,openalex,https://doi.org/10.3390/fermentation10120638,2026-03-19,cc-by
https://openalex.org/W4405374203,openalex,https://doi.org/10.3390/su162410935,2026-03-19,cc-by
https://openalex.org/W4405400348,openalex,https://doi.org/10.30574/msarr.2024.12.2.0204,2026-03-19,cc-by-nc-sa
https://openalex.org/W4405430986,openalex,https://doi.org/10.1016/j.jclepro.2024.144480,2026-03-19,cc-by
https://openalex.org/W4405432767,openalex,https://doi.org/10.3386/w33252,2026-03-19,
https://openalex.org/W4405448635,openalex,https://doi.org/10.3390/agriculture14122299,2026-03-19,cc-by
https://openalex.org/W4405451129,openalex,https://doi.org/10.1002/fob2.12019,2026-03-19,cc-by
https://openalex.org/W4405484343,openalex,https://doi.org/10.1016/j.jclepro.2024.144500,2026-03-19,cc-by-nc-nd
https://openalex.org/W4405495377,openalex,https://doi.org/10.3390/ani14243644,2026-03-19,cc-by
https://openalex.org/W4405499395,openalex,https://doi.org/10.22367/jem.2024.46.19,2026-03-19,cc-by-nc
https://openalex.org/W4405506621,openalex,https://doi.org/10.1111/jwas.13116,2026-03-19,cc-by
https://openalex.org/W4405510987,openalex,https://doi.org/10.1016/j.jhtm.2024.12.002,2026-03-19,cc-by
https://openalex.org/W4405533088,openalex,https://doi.org/10.3390/en17246363,2026-03-19,cc-by
https://openalex.org/W4405535029,openalex,https://doi.org/10.1186/s44316-024-00021-y,2026-03-19,cc-by-nc-nd
https://openalex.org/W4405535677,openalex,https://doi.org/10.1016/j.clpl.2024.100090,2026-03-19,cc-by-nc-nd
https://openalex.org/W4405552721,openalex,https://doi.org/10.3390/su162411079,2026-03-19,cc-by
https://openalex.org/W4405564731,openalex,https://doi.org/10.1016/j.rser.2024.115239,2026-03-19,cc-by-nc-nd
https://openalex.org/W4405576272,openalex,https://doi.org/10.3390/su162411141,2026-03-19,cc-by
https://openalex.org/W4405590126,openalex,https://doi.org/10.3389/frsc.2024.1449404,2026-03-19,cc-by
https://openalex.org/W4405592648,openalex,https://doi.org/10.1016/j.jenvman.2024.123765,2026-03-19,cc-by
https://openalex.org/W4405600322,openalex,https://doi.org/10.1002/eem2.12854,2026-03-19,cc-by
https://openalex.org/W4405612008,openalex,https://doi.org/10.1016/j.rineng.2024.103774,2026-03-19,cc-by
https://openalex.org/W4405614812,openalex,https://doi.org/10.3390/reactions5040059,2026-03-19,cc-by
https://openalex.org/W4405634570,openalex,https://doi.org/10.1016/j.joitmc.2024.100457,2026-03-19,cc-by-nc-nd
https://openalex.org/W4405640383,openalex,https://doi.org/10.3389/frlct.2024.1467423,2026-03-19,cc-by
https://openalex.org/W4405641743,openalex,https://doi.org/10.3390/batteries10120452,2026-03-19,cc-by
https://openalex.org/W4405655990,openalex,https://doi.org/10.1002/celc.202400530,2026-03-19,cc-by
https://openalex.org/W4405663692,openalex,https://doi.org/10.1016/j.rineng.2024.103758,2026-03-19,cc-by
https://openalex.org/W4405669488,openalex,https://doi.org/10.1016/j.rser.2024.115263,2026-03-19,cc-by
https://openalex.org/W4405669560,openalex,https://doi.org/10.1016/j.rser.2024.115216,2026-03-19,cc-by
https://openalex.org/W4405673423,openalex,https://doi.org/10.1016/j.envsci.2024.103975,2026-03-19,cc-by-nc-nd
https://openalex.org/W4405676036,openalex,https://doi.org/10.1016/j.rineng.2024.103789,2026-03-19,cc-by
https://openalex.org/W4405691917,openalex,https://doi.org/10.3389/frans.2024.1513153,2026-03-19,cc-by
https://openalex.org/W4405696544,openalex,https://doi.org/10.3390/su162411218,2026-03-19,cc-by
https://openalex.org/W4405715181,openalex,https://doi.org/10.1002/bse.4104,2026-03-19,cc-by-nc-nd
https://openalex.org/W4405723500,openalex,https://doi.org/10.3390/app142412056,2026-03-19,cc-by
https://openalex.org/W4405725418,openalex,https://doi.org/10.3390/agriculture14122356,2026-03-19,cc-by
https://openalex.org/W4405735997,openalex,https://doi.org/10.1021/acsomega.4c03031,2026-03-19,cc-by-nc-nd
https://openalex.org/W4405739947,openalex,https://doi.org/10.1016/j.mtsust.2024.101067,2026-03-19,cc-by-nc-nd
https://openalex.org/W4405758363,openalex,https://doi.org/10.1080/23311975.2024.2443047,2026-03-19,cc-by
https://openalex.org/W4405760121,openalex,https://doi.org/10.3390/su17010003,2026-03-19,cc-by
https://openalex.org/W4405782334,openalex,https://doi.org/10.3390/admsci15010006,2026-03-19,cc-by
https://openalex.org/W4405799746,openalex,https://doi.org/10.1093/jxb/erae507,2026-03-19,cc-by
https://openalex.org/W4405800273,openalex,https://doi.org/10.1002/tqem.70019,2026-03-19,cc-by
https://openalex.org/W4405802757,openalex,https://doi.org/10.1016/j.egyr.2024.12.043,2026-03-19,cc-by
https://openalex.org/W4405813260,openalex,https://doi.org/10.1002/bsd2.70059,2026-03-19,
https://openalex.org/W4405843556,openalex,https://doi.org/10.1016/j.rser.2024.115296,2026-03-19,
https://openalex.org/W4405913228,openalex,https://doi.org/10.1111/gcb.70015,2026-03-19,cc-by-nc-nd
https://openalex.org/W4405916414,openalex,https://doi.org/10.1002/bse.4108,2026-03-19,cc-by
https://openalex.org/W4405921482,openalex,https://doi.org/10.3390/su17010227,2026-03-19,cc-by
https://openalex.org/W4405927534,openalex,https://doi.org/10.1016/j.apenergy.2024.125222,2026-03-19,cc-by-nc-nd
https://openalex.org/W4405945116,openalex,https://doi.org/10.3390/su17010183,2026-03-19,cc-by
https://openalex.org/W4405951086,openalex,https://doi.org/10.1002/sd.3338,2026-03-19,cc-by
https://openalex.org/W4405953736,openalex,https://doi.org/10.1371/journal.pone.0312671,2026-03-19,cc-by
https://openalex.org/W4405955651,openalex,https://doi.org/10.1111/jofi.13412,2026-03-19,cc-by
https://openalex.org/W4405965702,openalex,https://doi.org/10.3390/su17010245,2026-03-19,cc-by
https://openalex.org/W4405968325,openalex,https://doi.org/10.3390/w17010076,2026-03-19,cc-by
https://openalex.org/W4405968490,openalex,https://doi.org/10.3390/w17010082,2026-03-19,cc-by
https://openalex.org/W4405968645,openalex,https://doi.org/10.3390/agronomy15010076,2026-03-19,cc-by
https://openalex.org/W4405974951,openalex,https://doi.org/10.3390/pr13010069,2026-03-19,cc-by
https://openalex.org/W4405977783,openalex,https://doi.org/10.3390/su17010250,2026-03-19,cc-by
https://openalex.org/W4405986553,openalex,https://doi.org/10.1002/bse.4120,2026-03-19,
https://openalex.org/W4405989988,openalex,https://doi.org/10.3390/su17010290,2026-03-19,cc-by
https://openalex.org/W4405992224,openalex,https://doi.org/10.3390/systems13010023,2026-03-19,cc-by
https://openalex.org/W4405994438,openalex,https://doi.org/10.3390/electronics14010159,2026-03-19,cc-by
https://openalex.org/W4405994809,openalex,https://doi.org/10.38027/smart-v1n1-2,2026-03-19,cc-by
https://openalex.org/W4405996706,openalex,https://doi.org/10.1029/2024ef005287,2026-03-19,cc-by-nc-nd
https://openalex.org/W4406002976,openalex,https://doi.org/10.1111/jscm.12337,2026-03-19,cc-by-nc
https://openalex.org/W4406011718,openalex,https://doi.org/10.1186/s44316-024-00023-w,2026-03-19,cc-by
https://openalex.org/W4406017883,openalex,https://doi.org/10.1126/science.adq8396,2026-03-19,
https://openalex.org/W4406020784,openalex,https://doi.org/10.1007/s42773-024-00397-0,2026-03-19,cc-by
https://openalex.org/W4406033664,openalex,https://doi.org/10.1093/ce/zkae112,2026-03-19,cc-by-nc
https://openalex.org/W4406035467,openalex,https://doi.org/10.3390/su17010297,2026-03-19,cc-by
https://openalex.org/W4406041598,openalex,https://doi.org/10.3389/fenvs.2024.1513204,2026-03-19,cc-by
https://openalex.org/W4406041651,openalex,https://doi.org/10.3389/fsufs.2024.1523678,2026-03-19,cc-by
https://openalex.org/W4406044302,openalex,https://doi.org/10.1002/sd.3341,2026-03-19,cc-by
https://openalex.org/W4406050062,openalex,https://doi.org/10.53703/001c.126636,2026-03-19,cc-by-nc-nd
https://openalex.org/W4406062330,openalex,https://doi.org/10.1016/j.jaccpubpol.2024.107280,2026-03-19,cc-by
https://openalex.org/W4406066558,openalex,https://doi.org/10.28991/hef-2024-05-04-04,2026-03-19,cc-by
https://openalex.org/W4406081300,openalex,https://doi.org/10.1007/s40974-024-00351-7,2026-03-19,cc-by
https://openalex.org/W4406083277,openalex,https://doi.org/10.3389/fphar.2024.1497668,2026-03-19,cc-by
https://openalex.org/W4406084560,openalex,https://doi.org/10.1093/inteam/vjae031,2026-03-19,cc-by-nc
https://openalex.org/W4406086257,openalex,https://doi.org/10.3390/su17010334,2026-03-19,cc-by
https://openalex.org/W4406086350,openalex,https://doi.org/10.3390/su17010326,2026-03-19,cc-by
https://openalex.org/W4406087135,openalex,https://doi.org/10.1007/s44246-024-00178-1,2026-03-19,cc-by
https://openalex.org/W4406089420,openalex,https://doi.org/10.1007/s44279-024-00149-5,2026-03-19,cc-by-nc-nd
https://openalex.org/W4406092332,openalex,https://doi.org/10.1016/j.nbt.2025.01.002,2026-03-19,cc-by-nc-nd
https://openalex.org/W4406101616,openalex,https://doi.org/10.1002/smm2.1326,2026-03-19,cc-by
https://openalex.org/W4406102779,openalex,https://doi.org/10.3390/en18010196,2026-03-19,cc-by
https://openalex.org/W4406111061,openalex,https://doi.org/10.1002/adma.202416733,2026-03-19,cc-by-nc
https://openalex.org/W4406112179,openalex,https://doi.org/10.1002/adma.202413096,2026-03-19,cc-by
https://openalex.org/W4406114174,openalex,https://doi.org/10.1039/d4cc05967k,2026-03-19,cc-by-nc
https://openalex.org/W4406122560,openalex,https://doi.org/10.1002/eom2.12511,2026-03-19,cc-by
https://openalex.org/W4406124194,openalex,https://doi.org/10.3390/su17020399,2026-03-19,cc-by
https://openalex.org/W4406125160,openalex,https://doi.org/10.3390/admsci15010020,2026-03-19,cc-by
https://openalex.org/W4406125350,openalex,https://doi.org/10.36956/rwae.v6i1.1441,2026-03-19,cc-by-nc
https://openalex.org/W4406137756,openalex,https://doi.org/10.1109/access.2025.3526888,2026-03-19,cc-by
https://openalex.org/W4406151165,openalex,https://doi.org/10.3390/world6010010,2026-03-19,cc-by
https://openalex.org/W4406163115,openalex,https://doi.org/10.1002/bse.4125,2026-03-19,cc-by-nc
https://openalex.org/W4406188193,openalex,https://doi.org/10.1002/adma.202415787,2026-03-19,cc-by
https://openalex.org/W4406202718,openalex,https://doi.org/10.1016/j.irfa.2025.103923,2026-03-19,cc-by
https://openalex.org/W4406212508,openalex,https://doi.org/10.1093/ce/zkae106,2026-03-19,cc-by-nc
https://openalex.org/W4406219310,openalex,https://doi.org/10.3390/su17020454,2026-03-19,cc-by
https://openalex.org/W4406227162,openalex,https://doi.org/10.1016/j.clet.2025.100886,2026-03-19,cc-by-nc-nd
https://openalex.org/W4406227200,openalex,https://doi.org/10.1039/d4gc03802a,2026-03-19,
https://openalex.org/W4406231998,openalex,https://doi.org/10.3390/jmmp9010018,2026-03-19,cc-by
https://openalex.org/W4406240732,openalex,https://doi.org/10.1016/j.rser.2025.115331,2026-03-19,cc-by-nc-nd
https://openalex.org/W4406243331,openalex,https://doi.org/10.3390/en18020287,2026-03-19,cc-by
https://openalex.org/W4406267647,openalex,https://doi.org/10.35784/preko.6691,2026-03-19,cc-by
https://openalex.org/W4406270757,openalex,https://doi.org/10.1002/pls2.10171,2026-03-19,cc-by
https://openalex.org/W4406297486,openalex,https://doi.org/10.34013/ijscot.v3i02.1601,2026-03-19,cc-by-sa
https://openalex.org/W4406325954,openalex,https://doi.org/10.1016/j.apenergy.2025.125296,2026-03-19,cc-by
https://openalex.org/W4406327729,openalex,https://doi.org/10.3390/md23010039,2026-03-19,cc-by
https://openalex.org/W4406330029,openalex,https://doi.org/10.3390/su17020539,2026-03-19,cc-by
https://openalex.org/W4406334246,openalex,https://doi.org/10.3390/plants14020191,2026-03-19,cc-by
https://openalex.org/W4406336840,openalex,https://doi.org/10.1017/wat.2024.16,2026-03-19,cc-by
https://openalex.org/W4406337650,openalex,https://doi.org/10.1002/gch2.202400267,2026-03-19,cc-by
https://openalex.org/W4406339093,openalex,https://doi.org/10.3390/applmicrobiol5010006,2026-03-19,cc-by
https://openalex.org/W4406342028,openalex,https://doi.org/10.1016/j.resconrec.2025.108124,2026-03-19,cc-by
https://openalex.org/W4406360838,openalex,https://doi.org/10.70322/ism.2025.10002,2026-03-19,cc-by
https://openalex.org/W4406368894,openalex,https://doi.org/10.1007/s12393-024-09394-2,2026-03-19,cc-by
https://openalex.org/W4406369703,openalex,https://doi.org/10.3390/futuretransp5010008,2026-03-19,cc-by
https://openalex.org/W4406369787,openalex,https://doi.org/10.37276/sjh.v6i2.385,2026-03-19,cc-by
https://openalex.org/W4406389820,openalex,https://doi.org/10.1016/j.enconman.2025.119511,2026-03-19,cc-by
https://openalex.org/W4406400071,openalex,https://doi.org/10.3390/buildings15020230,2026-03-19,cc-by
https://openalex.org/W4406401409,openalex,https://doi.org/10.1038/s41893-024-01503-7,2026-03-19,cc-by
https://openalex.org/W4406404742,openalex,https://doi.org/10.30935/jdet/15860,2026-03-19,cc-by
https://openalex.org/W4406418922,openalex,https://doi.org/10.1016/j.desal.2025.118575,2026-03-19,cc-by
https://openalex.org/W4406429434,openalex,https://doi.org/10.3390/su17020658,2026-03-19,cc-by
https://openalex.org/W4406429465,openalex,https://doi.org/10.3390/su17020657,2026-03-19,cc-by
https://openalex.org/W4406429519,openalex,https://doi.org/10.3390/su17020650,2026-03-19,cc-by
https://openalex.org/W4406435604,openalex,https://doi.org/10.3390/su17020687,2026-03-19,cc-by
https://openalex.org/W4406451802,openalex,https://doi.org/10.1039/d4ta07618d,2026-03-19,cc-by
https://openalex.org/W4406455097,openalex,https://doi.org/10.1016/j.envpol.2025.125706,2026-03-19,cc-by
https://openalex.org/W4406464252,openalex,https://doi.org/10.3390/w17020238,2026-03-19,cc-by
https://openalex.org/W4406471207,openalex,https://doi.org/10.1002/cplu.202400643,2026-03-19,cc-by
https://openalex.org/W4406481696,openalex,https://doi.org/10.1016/j.xinn.2024.100775,2026-03-19,cc-by-nc-nd
https://openalex.org/W4406485301,openalex,https://doi.org/10.58557/(ijeh).v5i1.290,2026-03-19,cc-by-sa
https://openalex.org/W4406530498,openalex,https://doi.org/10.1186/s40538-025-00729-7,2026-03-19,cc-by-nc-nd
https://openalex.org/W4406547916,openalex,https://doi.org/10.1039/d4va00378k,2026-03-19,cc-by
https://openalex.org/W4406548380,openalex,https://doi.org/10.1016/j.resconrec.2025.108129,2026-03-19,cc-by
https://openalex.org/W4406583498,openalex,https://doi.org/10.58496/bjiot/2025/001,2026-03-19,cc-by
https://openalex.org/W4406602058,openalex,https://doi.org/10.3390/en18020444,2026-03-19,cc-by
https://openalex.org/W4406605570,openalex,https://doi.org/10.1111/jfpe.70035,2026-03-19,cc-by
https://openalex.org/W4406606549,openalex,https://doi.org/10.1016/j.indic.2025.100601,2026-03-19,cc-by
https://openalex.org/W4406613872,openalex,https://doi.org/10.1016/j.rineng.2025.104089,2026-03-19,cc-by
https://openalex.org/W4406614180,openalex,https://doi.org/10.1016/j.jatrs.2024.100056,2026-03-19,cc-by-nc-nd
https://openalex.org/W4406616022,openalex,https://doi.org/10.3390/molecules30020426,2026-03-19,cc-by
https://openalex.org/W4406619891,openalex,https://doi.org/10.3390/w17020279,2026-03-19,cc-by
https://openalex.org/W4406624222,openalex,https://doi.org/10.3390/agriculture15020210,2026-03-19,cc-by
https://openalex.org/W4406628914,openalex,https://doi.org/10.3390/land14010193,2026-03-19,cc-by
https://openalex.org/W4406634514,openalex,https://doi.org/10.1016/j.fufo.2025.100549,2026-03-19,cc-by
https://openalex.org/W4406674651,openalex,https://doi.org/10.3390/su17030823,2026-03-19,cc-by
https://openalex.org/W4406686323,openalex,https://doi.org/10.3390/su17020789,2026-03-19,cc-by
https://openalex.org/W4406688091,openalex,https://doi.org/10.3390/su17030874,2026-03-19,cc-by
https://openalex.org/W4406689050,openalex,https://doi.org/10.1007/s43621-025-00837-2,2026-03-19,cc-by-nc-nd
https://openalex.org/W4406696501,openalex,https://doi.org/10.3390/su17030877,2026-03-19,cc-by
https://openalex.org/W4406703564,openalex,https://doi.org/10.3390/microorganisms13020233,2026-03-19,cc-by
https://openalex.org/W4406703739,openalex,https://doi.org/10.1016/j.resenv.2025.100192,2026-03-19,cc-by
https://openalex.org/W4406715346,openalex,https://doi.org/10.1021/acs.iecr.4c02618,2026-03-19,cc-by-nc-nd
https://openalex.org/W4406716396,openalex,https://doi.org/10.1002/smll.202411478,2026-03-19,cc-by
https://openalex.org/W4406724930,openalex,https://doi.org/10.1007/s11846-025-00840-x,2026-03-19,cc-by
https://openalex.org/W4406731851,openalex,https://doi.org/10.1016/j.sftr.2025.100461,2026-03-19,cc-by
https://openalex.org/W4406738987,openalex,https://doi.org/10.3390/nu17030412,2026-03-19,cc-by
https://openalex.org/W4406768186,openalex,https://doi.org/10.1177/01445987251314504,2026-03-19,cc-by
https://openalex.org/W4406780167,openalex,https://doi.org/10.3390/robotics14020009,2026-03-19,cc-by
https://openalex.org/W4406781736,openalex,https://doi.org/10.3390/md23020056,2026-03-19,cc-by
https://openalex.org/W4406797892,openalex,https://doi.org/10.1016/j.rser.2025.115415,2026-03-19,cc-by
https://openalex.org/W4406820231,openalex,https://doi.org/10.1038/s41598-025-87796-w,2026-03-19,cc-by-nc-nd
https://openalex.org/W4406859352,openalex,https://doi.org/10.1016/j.nxsust.2025.100108,2026-03-19,cc-by-nc
https://openalex.org/W4406861159,openalex,https://doi.org/10.2166/wcc.2025.560,2026-03-19,cc-by
https://openalex.org/W4406865467,openalex,https://doi.org/10.3390/molecules30030563,2026-03-19,cc-by
https://openalex.org/W4406866034,openalex,https://doi.org/10.1016/j.cis.2025.103414,2026-03-19,cc-by
https://openalex.org/W4406868562,openalex,https://doi.org/10.3390/su17031040,2026-03-19,cc-by
https://openalex.org/W4406892988,openalex,https://doi.org/10.1007/s10668-024-05810-z,2026-03-19,cc-by-nc-nd
https://openalex.org/W4406924807,openalex,https://doi.org/10.1002/sd.3373,2026-03-19,cc-by
https://openalex.org/W4406934390,openalex,https://doi.org/10.1016/j.hazadv.2025.100619,2026-03-19,cc-by-nc-nd
https://openalex.org/W4406943655,openalex,https://doi.org/10.1016/j.snb.2025.137352,2026-03-19,cc-by
https://openalex.org/W4406951447,openalex,https://doi.org/10.1021/acs.jafc.4c11610,2026-03-19,cc-by-nc-nd
https://openalex.org/W4406954814,openalex,https://doi.org/10.1007/s43621-024-00631-6,2026-03-19,cc-by-nc-nd
https://openalex.org/W4406963506,openalex,https://doi.org/10.37394/23202.2024.23.46,2026-03-19,
https://openalex.org/W4406996777,openalex,https://doi.org/10.3390/aerospace12020100,2026-03-19,cc-by
https://openalex.org/W4407002463,openalex,https://doi.org/10.1016/j.jik.2025.100660,2026-03-19,cc-by-nc-nd
https://openalex.org/W4407029031,openalex,https://doi.org/10.30574/wjarr.2025.25.1.0319,2026-03-19,cc-by
https://openalex.org/W4407037252,openalex,https://doi.org/10.3390/app15031462,2026-03-19,cc-by
https://openalex.org/W4407045555,openalex,https://doi.org/10.1038/s41538-025-00379-x,2026-03-19,cc-by
https://openalex.org/W4407071348,openalex,https://doi.org/10.1038/s41467-025-56519-0,2026-03-19,cc-by-nc-nd
https://openalex.org/W4407071446,openalex,https://doi.org/10.1016/j.clet.2025.100905,2026-03-19,cc-by-nc
https://openalex.org/W4407085333,openalex,https://doi.org/10.3389/fphar.2024.1496792,2026-03-19,cc-by
https://openalex.org/W4407088722,openalex,https://doi.org/10.3390/compounds5010004,2026-03-19,cc-by
https://openalex.org/W4407090170,openalex,https://doi.org/10.1016/j.uncres.2025.100149,2026-03-19,cc-by-nc-nd
https://openalex.org/W4407104252,openalex,https://doi.org/10.1038/s42949-025-00191-2,2026-03-19,cc-by-nc-nd
https://openalex.org/W4407105457,openalex,https://doi.org/10.1155/er/6300225,2026-03-19,cc-by
https://openalex.org/W4407107401,openalex,https://doi.org/10.1039/d4mh01680g,2026-03-19,cc-by-nc
https://openalex.org/W4407139393,openalex,https://doi.org/10.3390/su17031250,2026-03-19,cc-by
https://openalex.org/W4407145209,openalex,https://doi.org/10.1007/s00289-025-05659-w,2026-03-19,cc-by
https://openalex.org/W4407157168,openalex,https://doi.org/10.7200/esicm.56.345,2026-03-19,cc-by
https://openalex.org/W4407171679,openalex,https://doi.org/10.1016/j.bamboo.2025.100127,2026-03-19,cc-by-nc-nd
https://openalex.org/W4407172331,openalex,https://doi.org/10.1016/j.jclepro.2025.144942,2026-03-19,cc-by-nc-nd
https://openalex.org/W4407177610,openalex,https://doi.org/10.30574/ijsra.2025.14.2.0334,2026-03-19,cc-by
https://openalex.org/W4407189781,openalex,https://doi.org/10.3390/su17031303,2026-03-19,cc-by
https://openalex.org/W4407205329,openalex,https://doi.org/10.1016/j.aiia.2025.01.012,2026-03-19,cc-by
https://openalex.org/W4407223227,openalex,https://doi.org/10.3390/su17031322,2026-03-19,cc-by
https://openalex.org/W4407223422,openalex,https://doi.org/10.3390/en18030748,2026-03-19,cc-by
https://openalex.org/W4407240711,openalex,https://doi.org/10.3390/su17041371,2026-03-19,cc-by
https://openalex.org/W4407242149,openalex,https://doi.org/10.1126/sciadv.ads0217,2026-03-19,cc-by-nc
https://openalex.org/W4407251669,openalex,https://doi.org/10.1016/j.heliyon.2025.e42514,2026-03-19,cc-by
https://openalex.org/W4407253383,openalex,https://doi.org/10.22495/cgsrv9i1p2,2026-03-19,cc-by
https://openalex.org/W4407264528,openalex,https://doi.org/10.1016/j.heliyon.2025.e42558,2026-03-19,cc-by
https://openalex.org/W4407279237,openalex,https://doi.org/10.3390/en18040760,2026-03-19,cc-by
https://openalex.org/W4407320128,openalex,https://doi.org/10.1016/j.ceja.2025.100715,2026-03-19,cc-by
https://openalex.org/W4407349119,openalex,https://doi.org/10.1002/smll.202411444,2026-03-19,cc-by-nc
https://openalex.org/W4407353911,openalex,https://doi.org/10.3390/agriculture15040377,2026-03-19,cc-by
https://openalex.org/W4407359338,openalex,https://doi.org/10.1186/s40008-025-00347-4,2026-03-19,cc-by
https://openalex.org/W4407364452,openalex,https://doi.org/10.26794/2308-944x-2024-12-4-6-28,2026-03-19,cc-by
https://openalex.org/W4407366934,openalex,https://doi.org/10.1021/acsabm.4c01563,2026-03-19,cc-by
https://openalex.org/W4407382914,openalex,https://doi.org/10.1080/27658511.2025.2464388,2026-03-19,cc-by
https://openalex.org/W4407392913,openalex,https://doi.org/10.3390/en18040811,2026-03-19,cc-by
https://openalex.org/W4407394560,openalex,https://doi.org/10.1007/s44347-025-00014-8,2026-03-19,cc-by-nc-nd
https://openalex.org/W4407406806,openalex,https://doi.org/10.3390/agronomy15020451,2026-03-19,cc-by
https://openalex.org/W4407409800,openalex,https://doi.org/10.31181/sor21202527,2026-03-19,cc-by-nc-nd
https://openalex.org/W4407410144,openalex,https://doi.org/10.3389/frsc.2025.1556974,2026-03-19,cc-by
https://openalex.org/W4407412214,openalex,https://doi.org/10.3390/plants14040554,2026-03-19,cc-by
https://openalex.org/W4407426049,openalex,https://doi.org/10.1016/j.ese.2025.100541,2026-03-19,cc-by-nc-nd
https://openalex.org/W4407429674,openalex,https://doi.org/10.1016/j.cities.2025.105799,2026-03-19,cc-by
https://openalex.org/W4407430632,openalex,https://doi.org/10.1016/j.cej.2025.160298,2026-03-19,cc-by
https://openalex.org/W4407461917,openalex,https://doi.org/10.1016/j.ugj.2025.02.003,2026-03-19,cc-by
https://openalex.org/W4407503222,openalex,https://doi.org/10.1007/s41062-025-01906-1,2026-03-19,cc-by
https://openalex.org/W4407552106,openalex,https://doi.org/10.3390/su17041537,2026-03-19,cc-by
https://openalex.org/W4407559639,openalex,https://doi.org/10.1039/d4ra07277d,2026-03-19,cc-by
https://openalex.org/W4407561902,openalex,https://doi.org/10.1021/acssuschemeng.4c09289,2026-03-19,cc-by
https://openalex.org/W4407562904,openalex,https://doi.org/10.1016/j.esr.2025.101642,2026-03-19,cc-by
https://openalex.org/W4407585345,openalex,https://doi.org/10.3390/tourhosp6010029,2026-03-19,cc-by
https://openalex.org/W4407587914,openalex,https://doi.org/10.1016/j.dss.2025.114423,2026-03-19,cc-by
https://openalex.org/W4407597486,openalex,https://doi.org/10.1016/j.rineng.2025.104349,2026-03-19,cc-by
https://openalex.org/W4407616436,openalex,https://doi.org/10.1002/bsd2.70076,2026-03-19,
https://openalex.org/W4407622901,openalex,https://doi.org/10.1016/j.jafr.2025.101743,2026-03-19,cc-by-nc
https://openalex.org/W4407630357,openalex,https://doi.org/10.1007/s44378-025-00037-4,2026-03-19,cc-by
https://openalex.org/W4407637452,openalex,https://doi.org/10.1097/md.0000000000041535,2026-03-19,cc-by
https://openalex.org/W4407641676,openalex,https://doi.org/10.3390/polym17040522,2026-03-19,cc-by
https://openalex.org/W4407647837,openalex,https://doi.org/10.1108/jec-04-2024-0074,2026-03-19,cc-by
https://openalex.org/W4407663122,openalex,https://doi.org/10.3390/horticulturae11020212,2026-03-19,cc-by
https://openalex.org/W4407665060,openalex,https://doi.org/10.3390/su17041628,2026-03-19,cc-by
https://openalex.org/W4407695321,openalex,https://doi.org/10.1016/j.spc.2025.02.011,2026-03-19,cc-by-nc-nd
https://openalex.org/W4407715195,openalex,https://doi.org/10.1038/s41598-025-90040-0,2026-03-19,cc-by-nc-nd
https://openalex.org/W4407720926,openalex,https://doi.org/10.1016/j.jik.2025.100671,2026-03-19,cc-by-nc-nd
https://openalex.org/W4407738822,openalex,https://doi.org/10.1016/j.clce.2025.100157,2026-03-19,cc-by
https://openalex.org/W4407744590,openalex,https://doi.org/10.3390/su17041748,2026-03-19,cc-by
https://openalex.org/W4407752500,openalex,https://doi.org/10.1007/s42773-024-00411-5,2026-03-19,cc-by
https://openalex.org/W4407756201,openalex,https://doi.org/10.1002/adma.202415961,2026-03-19,cc-by
https://openalex.org/W4407756891,openalex,https://doi.org/10.3389/frai.2024.1510410,2026-03-19,cc-by
https://openalex.org/W4407761600,openalex,https://doi.org/10.3390/su17051801,2026-03-19,cc-by
https://openalex.org/W4407782921,openalex,https://doi.org/10.3390/buildings15050657,2026-03-19,cc-by
https://openalex.org/W4407796768,openalex,https://doi.org/10.56946/jeee.v3i1.324,2026-03-19,cc-by-nc-nd
https://openalex.org/W4407802080,openalex,https://doi.org/10.1016/j.esci.2025.100394,2026-03-19,cc-by-nc-nd
https://openalex.org/W4407840262,openalex,https://doi.org/10.3390/microorganisms13030485,2026-03-19,cc-by
https://openalex.org/W4407852400,openalex,https://doi.org/10.1007/s44351-025-00011-z,2026-03-19,cc-by-nc-nd
https://openalex.org/W4407870591,openalex,https://doi.org/10.3390/polym17050603,2026-03-19,cc-by
https://openalex.org/W4407890046,openalex,https://doi.org/10.4236/jep.2025.162003,2026-03-19,cc-by
https://openalex.org/W4407890486,openalex,https://doi.org/10.1002/adfm.202425193,2026-03-19,cc-by-nc-nd
https://openalex.org/W4407894549,openalex,https://doi.org/10.9734/jeai/2025/v47i23281,2026-03-19,
https://openalex.org/W4407903423,openalex,https://doi.org/10.3390/su17051932,2026-03-19,cc-by
https://openalex.org/W4407905512,openalex,https://doi.org/10.3390/chemistry7020029,2026-03-19,cc-by
https://openalex.org/W4407918737,openalex,https://doi.org/10.3390/s25051398,2026-03-19,cc-by
https://openalex.org/W4407943126,openalex,https://doi.org/10.3390/agronomy15030565,2026-03-19,cc-by
https://openalex.org/W4407948928,openalex,https://doi.org/10.1097/ms9.0000000000002976,2026-03-19,cc-by
https://openalex.org/W4407955656,openalex,https://doi.org/10.56294/dm2025683,2026-03-19,cc-by
https://openalex.org/W4407963247,openalex,https://doi.org/10.1016/j.indcrop.2025.120713,2026-03-19,cc-by-nc-nd
https://openalex.org/W4407964563,openalex,https://doi.org/10.3390/buildings15050765,2026-03-19,cc-by
https://openalex.org/W4407973845,openalex,https://doi.org/10.3390/su17051996,2026-03-19,cc-by
https://openalex.org/W4408000382,openalex,https://doi.org/10.3390/su17052043,2026-03-19,cc-by
https://openalex.org/W4408002086,openalex,https://doi.org/10.1016/j.iref.2025.104011,2026-03-19,cc-by-nc-nd
https://openalex.org/W4408016918,openalex,https://doi.org/10.1126/science.adn9388,2026-03-19,
https://openalex.org/W4408020585,openalex,https://doi.org/10.1016/j.nbt.2025.02.007,2026-03-19,cc-by
https://openalex.org/W4408053985,openalex,https://doi.org/10.1016/j.igd.2025.100221,2026-03-19,cc-by-nc-nd
https://openalex.org/W4408065542,openalex,https://doi.org/10.3390/en18051192,2026-03-19,cc-by
https://openalex.org/W4408074228,openalex,https://doi.org/10.18331/brj2025.12.1.3,2026-03-19,cc-by
https://openalex.org/W4408078631,openalex,https://doi.org/10.1007/s43621-025-00934-2,2026-03-19,cc-by
https://openalex.org/W4408093878,openalex,https://doi.org/10.3390/su17052156,2026-03-19,cc-by
https://openalex.org/W4408112736,openalex,https://doi.org/10.3390/ijpb16010032,2026-03-19,cc-by
https://openalex.org/W4408118165,openalex,https://doi.org/10.3390/en18051231,2026-03-19,cc-by
https://openalex.org/W4408122429,openalex,https://doi.org/10.3390/nano15050390,2026-03-19,cc-by
https://openalex.org/W4408127592,openalex,https://doi.org/10.1007/s10725-025-01294-7,2026-03-19,cc-by-nc-nd
https://openalex.org/W4408129646,openalex,https://doi.org/10.1016/j.isci.2025.112157,2026-03-19,cc-by-nc-nd
https://openalex.org/W4408133795,openalex,https://doi.org/10.1016/j.jclepro.2025.145185,2026-03-19,cc-by
https://openalex.org/W4408152148,openalex,https://doi.org/10.1186/s40538-025-00738-6,2026-03-19,cc-by-nc-nd
https://openalex.org/W4408152631,openalex,https://doi.org/10.3390/su17052233,2026-03-19,cc-by
https://openalex.org/W4408176939,openalex,https://doi.org/10.1016/j.horiz.2025.100137,2026-03-19,cc-by
https://openalex.org/W4408186272,openalex,https://doi.org/10.1016/j.cej.2025.161337,2026-03-19,cc-by
https://openalex.org/W4408186744,openalex,https://doi.org/10.3390/pr13030764,2026-03-19,cc-by
https://openalex.org/W4408196185,openalex,https://doi.org/10.51646/jsesd.v14i1.479,2026-03-19,cc-by-nc
https://openalex.org/W4408200145,openalex,https://doi.org/10.3390/su17052292,2026-03-19,cc-by
https://openalex.org/W4408200601,openalex,https://doi.org/10.3390/ijerph22030382,2026-03-19,cc-by
https://openalex.org/W4408201975,openalex,https://doi.org/10.1016/j.spc.2025.03.002,2026-03-19,cc-by
https://openalex.org/W4408203713,openalex,https://doi.org/10.1039/d5gc00424a,2026-03-19,cc-by
https://openalex.org/W4408207000,openalex,https://doi.org/10.3389/frai.2025.1566197,2026-03-19,cc-by
https://openalex.org/W4408217859,openalex,https://doi.org/10.1038/s44264-025-00050-8,2026-03-19,cc-by-nc-nd
https://openalex.org/W4408218335,openalex,https://doi.org/10.3390/su17052281,2026-03-19,cc-by
https://openalex.org/W4408218756,openalex,https://doi.org/10.3390/su17052250,2026-03-19,cc-by
https://openalex.org/W4408219679,openalex,https://doi.org/10.3390/urbansci9030072,2026-03-19,cc-by
https://openalex.org/W4408223800,openalex,https://doi.org/10.1021/acs.chemrev.4c00808,2026-03-19,cc-by
https://openalex.org/W4408225702,openalex,https://doi.org/10.3390/macromol5010011,2026-03-19,cc-by
https://openalex.org/W4408265703,openalex,https://doi.org/10.1186/s44316-025-00025-2,2026-03-19,cc-by-nc-nd
https://openalex.org/W4408267892,openalex,https://doi.org/10.1186/s12934-025-02685-1,2026-03-19,cc-by
https://openalex.org/W4408276867,openalex,https://doi.org/10.1002/csr.3159,2026-03-19,cc-by
https://openalex.org/W4408277695,openalex,https://doi.org/10.3390/su17062417,2026-03-19,cc-by
https://openalex.org/W4408298463,openalex,https://doi.org/10.54660/.ijmrge.2025.6.2.196-203,2026-03-19,
https://openalex.org/W4408307825,openalex,https://doi.org/10.1111/jifm.12238,2026-03-19,
https://openalex.org/W4408335364,openalex,https://doi.org/10.3390/su17062453,2026-03-19,cc-by
https://openalex.org/W4408348758,openalex,https://doi.org/10.1016/j.farsys.2025.100150,2026-03-19,cc-by
https://openalex.org/W4408351462,openalex,https://doi.org/10.1038/s41598-025-93694-y,2026-03-19,cc-by-nc-nd
https://openalex.org/W4408361421,openalex,https://doi.org/10.1016/j.jhydrol.2025.133060,2026-03-19,cc-by
https://openalex.org/W4408362311,openalex,https://doi.org/10.3390/nitrogen6010016,2026-03-19,cc-by
https://openalex.org/W4408372467,openalex,https://doi.org/10.1038/s44221-025-00398-8,2026-03-19,cc-by
https://openalex.org/W4408386998,openalex,https://doi.org/10.1039/d5ma00010f,2026-03-19,cc-by-nc
https://openalex.org/W4408395009,openalex,https://doi.org/10.1016/j.celrep.2025.115432,2026-03-19,cc-by
https://openalex.org/W4408396054,openalex,https://doi.org/10.1016/j.irfa.2025.104127,2026-03-19,cc-by
https://openalex.org/W4408409631,openalex,https://doi.org/10.1002/bsd2.70094,2026-03-19,cc-by
https://openalex.org/W4408421513,openalex,https://doi.org/10.3389/fnut.2025.1553942,2026-03-19,cc-by
https://openalex.org/W4408433600,openalex,https://doi.org/10.1088/2977-3504/adc0a8,2026-03-19,cc-by
https://openalex.org/W4408447571,openalex,https://doi.org/10.1016/j.jpowsour.2025.236769,2026-03-19,cc-by
https://openalex.org/W4408470407,openalex,https://doi.org/10.22399/ijasrar.19,2026-03-19,cc-by
https://openalex.org/W4408490507,openalex,https://doi.org/10.1016/j.jhazmat.2025.137945,2026-03-19,cc-by
https://openalex.org/W4408513533,openalex,https://doi.org/10.1002/bse.4238,2026-03-19,cc-by
https://openalex.org/W4408541654,openalex,https://doi.org/10.1016/j.clet.2025.100939,2026-03-19,cc-by-nc-nd
https://openalex.org/W4408557131,openalex,https://doi.org/10.1016/j.jenvman.2025.125008,2026-03-19,cc-by
https://openalex.org/W4408567963,openalex,https://doi.org/10.3390/su17062697,2026-03-19,cc-by
https://openalex.org/W4408573465,openalex,https://doi.org/10.3390/separations12030072,2026-03-19,cc-by
https://openalex.org/W4408579143,openalex,https://doi.org/10.1016/j.renene.2025.122914,2026-03-19,cc-by
https://openalex.org/W4408591050,openalex,https://doi.org/10.3390/admsci15030107,2026-03-19,cc-by
https://openalex.org/W4408595315,openalex,https://doi.org/10.20944/preprints202503.1157.v1,2026-03-19,cc-by
https://openalex.org/W4408599276,openalex,https://doi.org/10.1021/acsomega.4c10616,2026-03-19,cc-by
https://openalex.org/W4408658486,openalex,https://doi.org/10.3390/agriengineering7030089,2026-03-19,cc-by
https://openalex.org/W4408658706,openalex,https://doi.org/10.3390/chemosensors13030113,2026-03-19,cc-by
https://openalex.org/W4408666078,openalex,https://doi.org/10.1002/bse.4248,2026-03-19,
https://openalex.org/W4408715348,openalex,https://doi.org/10.1177/13548166251320691,2026-03-19,
https://openalex.org/W4408731402,openalex,https://doi.org/10.1007/s11625-025-01667-x,2026-03-19,cc-by
https://openalex.org/W4408741625,openalex,https://doi.org/10.1002/cey2.708,2026-03-19,cc-by
https://openalex.org/W4408756644,openalex,https://doi.org/10.1080/15440478.2025.2462218,2026-03-19,cc-by
https://openalex.org/W4408770254,openalex,https://doi.org/10.3390/en18071599,2026-03-19,cc-by
https://openalex.org/W4408778024,openalex,https://doi.org/10.3390/en18071618,2026-03-19,cc-by
https://openalex.org/W4408778151,openalex,https://doi.org/10.3390/su17072842,2026-03-19,cc-by
https://openalex.org/W4408778546,openalex,https://doi.org/10.3390/su17072878,2026-03-19,cc-by
https://openalex.org/W4408809998,openalex,https://doi.org/10.3390/su17072908,2026-03-19,cc-by
https://openalex.org/W4408817293,openalex,https://doi.org/10.1016/j.apenergy.2025.125766,2026-03-19,cc-by
https://openalex.org/W4408836664,openalex,https://doi.org/10.3390/land14040681,2026-03-19,cc-by
https://openalex.org/W4408851460,openalex,https://doi.org/10.3390/polym17070881,2026-03-19,cc-by
https://openalex.org/W4408890262,openalex,https://doi.org/10.34117/bjdv11n3-054,2026-03-19,
https://openalex.org/W4408911090,openalex,https://doi.org/10.1016/j.envdev.2025.101208,2026-03-19,cc-by-nc-nd
https://openalex.org/W4408932265,openalex,https://doi.org/10.1002/bsd2.70099,2026-03-19,
https://openalex.org/W4408932834,openalex,https://doi.org/10.47481/jscmt.1667793,2026-03-19,cc-by-nc
https://openalex.org/W4408938026,openalex,https://doi.org/10.3390/plants14070998,2026-03-19,cc-by
https://openalex.org/W4408944221,openalex,https://doi.org/10.1039/d5sc00059a,2026-03-19,cc-by-nc
https://openalex.org/W4408946628,openalex,https://doi.org/10.1002/bse.4273,2026-03-19,cc-by
https://openalex.org/W4408962025,openalex,https://doi.org/10.1007/s44416-025-00002-y,2026-03-19,cc-by-nc-nd
https://openalex.org/W4408962035,openalex,https://doi.org/10.1038/s41598-025-95682-8,2026-03-19,cc-by-nc-nd
https://openalex.org/W4408969100,openalex,https://doi.org/10.1016/j.regsus.2025.100193,2026-03-19,cc-by-nc-nd
https://openalex.org/W4408982252,openalex,https://doi.org/10.1016/j.pmatsci.2025.101478,2026-03-19,cc-by
https://openalex.org/W4408995558,openalex,https://doi.org/10.3390/su17073041,2026-03-19,cc-by
https://openalex.org/W4408996647,openalex,https://doi.org/10.3390/su17073045,2026-03-19,cc-by
https://openalex.org/W4408998791,openalex,https://doi.org/10.3390/pr13041034,2026-03-19,cc-by
https://openalex.org/W4409001391,openalex,https://doi.org/10.3390/su17073082,2026-03-19,cc-by
https://openalex.org/W4409008926,openalex,https://doi.org/10.1002/vms3.70321,2026-03-19,cc-by
https://openalex.org/W4409018079,openalex,https://doi.org/10.1002/smll.202500807,2026-03-19,cc-by-nc-nd
https://openalex.org/W4409037601,openalex,https://doi.org/10.1016/j.clet.2025.100957,2026-03-19,cc-by-nc-nd
https://openalex.org/W4409037642,openalex,https://doi.org/10.3390/polym17070952,2026-03-19,cc-by
https://openalex.org/W4409061221,openalex,https://doi.org/10.3390/su17073116,2026-03-19,cc-by
https://openalex.org/W4409070247,openalex,https://doi.org/10.1108/sasbe-10-2024-0451,2026-03-19,cc-by
https://openalex.org/W4409094619,openalex,https://doi.org/10.1126/sciadv.adr1596,2026-03-19,cc-by-nc
https://openalex.org/W4409095710,openalex,https://doi.org/10.3390/su17073160,2026-03-19,cc-by
https://openalex.org/W4409108289,openalex,https://doi.org/10.3390/gels11040262,2026-03-19,cc-by
https://openalex.org/W4409111859,openalex,https://doi.org/10.1002/sae2.70048,2026-03-19,cc-by
https://openalex.org/W4409149805,openalex,https://doi.org/10.1016/j.array.2025.100395,2026-03-19,cc-by-nc-nd
https://openalex.org/W4409167968,openalex,https://doi.org/10.3390/su17073190,2026-03-19,cc-by
https://openalex.org/W4409181052,openalex,https://doi.org/10.1002/eom2.70011,2026-03-19,cc-by
https://openalex.org/W4409190352,openalex,https://doi.org/10.1002/eng2.70108,2026-03-19,cc-by
https://openalex.org/W4409208671,openalex,https://doi.org/10.1007/s44371-025-00152-9,2026-03-19,cc-by-nc-nd
https://openalex.org/W4409215021,openalex,https://doi.org/10.3390/agriengineering7040106,2026-03-19,cc-by
https://openalex.org/W4409224583,openalex,https://doi.org/10.1016/j.rineng.2025.104820,2026-03-19,cc-by
https://openalex.org/W4409240686,openalex,https://doi.org/10.61093/bel.9(1).79-94.2025,2026-03-19,cc-by
https://openalex.org/W4409250133,openalex,https://doi.org/10.1016/j.clwas.2025.100281,2026-03-19,cc-by
https://openalex.org/W4409250712,openalex,https://doi.org/10.1007/s43621-025-01073-4,2026-03-19,cc-by-nc-nd
https://openalex.org/W4409280304,openalex,https://doi.org/10.1002/sd.3464,2026-03-19,
https://openalex.org/W4409308793,openalex,https://doi.org/10.30574/wjarr.2024.23.3.2611,2026-03-19,cc-by-nc-sa
https://openalex.org/W4409312786,openalex,https://doi.org/10.3390/sci7020046,2026-03-19,cc-by
https://openalex.org/W4409326533,openalex,https://doi.org/10.1016/j.rineng.2025.104849,2026-03-19,cc-by-nc-nd
https://openalex.org/W4409386934,openalex,https://doi.org/10.1177/21582440251329967,2026-03-19,cc-by
https://openalex.org/W4409396793,openalex,https://doi.org/10.1007/s44279-025-00208-5,2026-03-19,cc-by-nc-nd
https://openalex.org/W4409408418,openalex,https://doi.org/10.3390/su17083434,2026-03-19,cc-by
https://openalex.org/W4409408464,openalex,https://doi.org/10.3390/su17083439,2026-03-19,cc-by
https://openalex.org/W4409408599,openalex,https://doi.org/10.3390/su17083473,2026-03-19,cc-by
https://openalex.org/W4409409671,openalex,https://doi.org/10.3390/su17083482,2026-03-19,cc-by
https://openalex.org/W4409418651,openalex,https://doi.org/10.37349/eff.2025.101082,2026-03-19,cc-by
https://openalex.org/W4409430980,openalex,https://doi.org/10.3390/recycling10020072,2026-03-19,cc-by
https://openalex.org/W4409431363,openalex,https://doi.org/10.1016/j.egyr.2025.04.012,2026-03-19,cc-by
https://openalex.org/W4409433195,openalex,https://doi.org/10.1016/j.resconrec.2025.108296,2026-03-19,cc-by
https://openalex.org/W4409434506,openalex,https://doi.org/10.3390/su17083499,2026-03-19,cc-by
https://openalex.org/W4409444791,openalex,https://doi.org/10.1007/s44279-025-00177-9,2026-03-19,cc-by-nc-nd
https://openalex.org/W4409445477,openalex,https://doi.org/10.1016/j.rser.2025.115725,2026-03-19,cc-by
https://openalex.org/W4409452650,openalex,https://doi.org/10.22399/ijasrar.22,2026-03-19,cc-by
https://openalex.org/W4409456614,openalex,https://doi.org/10.3389/fpls.2025.1503730,2026-03-19,cc-by
https://openalex.org/W4409461238,openalex,https://doi.org/10.3390/macromol5020019,2026-03-19,cc-by
https://openalex.org/W4409483082,openalex,https://doi.org/10.1016/j.mineng.2025.109317,2026-03-19,cc-by
https://openalex.org/W4409501843,openalex,https://doi.org/10.1038/s41586-025-08980-6,2026-03-19,cc-by
https://openalex.org/W4409506585,openalex,https://doi.org/10.24136/eq.3342,2026-03-19,cc-by
https://openalex.org/W4409513471,openalex,https://doi.org/10.1002/sd.3488,2026-03-19,cc-by
https://openalex.org/W4409529934,openalex,https://doi.org/10.1002/advs.202410383,2026-03-19,cc-by
https://openalex.org/W4409606425,openalex,https://doi.org/10.3390/electronics14081650,2026-03-19,cc-by
https://openalex.org/W4409606873,openalex,https://doi.org/10.3390/buildings15081361,2026-03-19,cc-by
https://openalex.org/W4409608467,openalex,https://doi.org/10.3390/infrastructures10040099,2026-03-19,cc-by
https://openalex.org/W4409634028,openalex,https://doi.org/10.3390/su17083756,2026-03-19,cc-by
https://openalex.org/W4409634788,openalex,https://doi.org/10.3390/ani15081184,2026-03-19,cc-by
https://openalex.org/W4409668509,openalex,https://doi.org/10.3390/su17093782,2026-03-19,cc-by
https://openalex.org/W4409669200,openalex,https://doi.org/10.3390/en18092149,2026-03-19,cc-by
https://openalex.org/W4409670369,openalex,https://doi.org/10.1016/j.crbiot.2025.100293,2026-03-19,cc-by
https://openalex.org/W4409682287,openalex,https://doi.org/10.1080/09669582.2025.2491702,2026-03-19,cc-by
https://openalex.org/W4409737333,openalex,https://doi.org/10.1038/s41467-025-59178-3,2026-03-19,cc-by-nc-nd
https://openalex.org/W4409761515,openalex,https://doi.org/10.1016/j.jcis.2025.137698,2026-03-19,cc-by-nc-nd
https://openalex.org/W4409768700,openalex,https://doi.org/10.3390/su17093838,2026-03-19,cc-by
https://openalex.org/W4409768797,openalex,https://doi.org/10.3390/su17093837,2026-03-19,cc-by
https://openalex.org/W4409784540,openalex,https://doi.org/10.1021/acssuschemeng.4c09747,2026-03-19,cc-by
https://openalex.org/W4409794828,openalex,https://doi.org/10.1002/advs.202501259,2026-03-19,cc-by
https://openalex.org/W4409828900,openalex,https://doi.org/10.1016/j.rineng.2025.105109,2026-03-19,cc-by-nc-nd
https://openalex.org/W4409836209,openalex,https://doi.org/10.63335/j.hp.2025.0006,2026-03-19,cc-by-nc-nd
https://openalex.org/W4409873509,openalex,https://doi.org/10.34117/bjdv11n4-046,2026-03-19,
https://openalex.org/W4409892755,openalex,https://doi.org/10.3389/fmicb.2025.1536524,2026-03-19,cc-by
https://openalex.org/W4409906678,openalex,https://doi.org/10.1038/s43247-025-02286-1,2026-03-19,cc-by-nc-nd
https://openalex.org/W4409949637,openalex,https://doi.org/10.3390/su17093990,2026-03-19,cc-by
https://openalex.org/W4409968551,openalex,https://doi.org/10.1002/gch2.202500086,2026-03-19,cc-by
https://openalex.org/W4409975390,openalex,https://doi.org/10.3389/frsc.2025.1595280,2026-03-19,cc-by
https://openalex.org/W4409978578,openalex,https://doi.org/10.1038/s41598-025-00221-0,2026-03-19,cc-by-nc-nd
https://openalex.org/W4410004515,openalex,https://doi.org/10.3390/fishes10050206,2026-03-19,cc-by
https://openalex.org/W4410008838,openalex,https://doi.org/10.3390/agronomy15051104,2026-03-19,cc-by
https://openalex.org/W4410019150,openalex,https://doi.org/10.1038/s41586-025-08901-7,2026-03-19,cc-by
https://openalex.org/W4410039637,openalex,https://doi.org/10.3390/su17094124,2026-03-19,cc-by
https://openalex.org/W4410062968,openalex,https://doi.org/10.1007/s43621-024-00746-w,2026-03-19,cc-by-nc-nd
https://openalex.org/W4410068584,openalex,https://doi.org/10.3390/agronomy15051131,2026-03-19,cc-by
https://openalex.org/W4410076450,openalex,https://doi.org/10.1007/s10668-025-06221-4,2026-03-19,cc-by
https://openalex.org/W4410081871,openalex,https://doi.org/10.3390/agriculture15090998,2026-03-19,cc-by
https://openalex.org/W4410101603,openalex,https://doi.org/10.1039/d4su00718b,2026-03-19,cc-by
https://openalex.org/W4410113882,openalex,https://doi.org/10.1016/j.jece.2025.116921,2026-03-19,cc-by
https://openalex.org/W4410127414,openalex,https://doi.org/10.1111/eufm.12560,2026-03-19,cc-by
https://openalex.org/W4410162046,openalex,https://doi.org/10.3390/su17094223,2026-03-19,cc-by
https://openalex.org/W4410191903,openalex,https://doi.org/10.1039/d5na00205b,2026-03-19,cc-by
https://openalex.org/W4410196869,openalex,https://doi.org/10.1016/j.jenvman.2025.125600,2026-03-19,cc-by
https://openalex.org/W4410258327,openalex,https://doi.org/10.1016/j.hazadv.2025.100746,2026-03-19,cc-by
https://openalex.org/W4410283037,openalex,https://doi.org/10.3390/buildings15101613,2026-03-19,cc-by
https://openalex.org/W4410319578,openalex,https://doi.org/10.1016/j.stae.2025.100110,2026-03-19,cc-by-nc-nd
https://openalex.org/W4410360299,openalex,https://doi.org/10.3390/polym17101343,2026-03-19,cc-by
https://openalex.org/W4410398519,openalex,https://doi.org/10.1016/j.rineng.2025.105345,2026-03-19,cc-by-nc-nd
https://openalex.org/W4410402920,openalex,https://doi.org/10.3390/foods14101758,2026-03-19,cc-by
https://openalex.org/W4410410159,openalex,https://doi.org/10.3390/su17104495,2026-03-19,cc-by
https://openalex.org/W4410412457,openalex,https://doi.org/10.1111/1541-4337.70192,2026-03-19,cc-by-nc-nd
https://openalex.org/W4410531722,openalex,https://doi.org/10.59543/ijsdg.v1i.14213,2026-03-19,cc-by
https://openalex.org/W4410545406,openalex,https://doi.org/10.1002/adma.202507127,2026-03-19,
https://openalex.org/W4410552676,openalex,https://doi.org/10.1002/anie.202506822,2026-03-19,
https://openalex.org/W4410605310,openalex,https://doi.org/10.1007/s00607-025-01485-0,2026-03-19,cc-by-nc-nd
https://openalex.org/W4410641504,openalex,https://doi.org/10.1038/s41467-025-60098-5,2026-03-19,cc-by-nc-nd
https://openalex.org/W4410647264,openalex,https://doi.org/10.1007/s44371-025-00203-1,2026-03-19,cc-by-nc-nd
https://openalex.org/W4410694874,openalex,https://doi.org/10.3390/su17114795,2026-03-19,cc-by
https://openalex.org/W4410695716,openalex,https://doi.org/10.3390/su17114799,2026-03-19,cc-by
https://openalex.org/W4410721562,openalex,https://doi.org/10.3390/su17114848,2026-03-19,cc-by
https://openalex.org/W4410783847,openalex,https://doi.org/10.3390/en18112759,2026-03-19,cc-by
https://openalex.org/W4410785932,openalex,https://doi.org/10.1038/s41467-025-60247-w,2026-03-19,cc-by-nc-nd
https://openalex.org/W4410818432,openalex,https://doi.org/10.3390/microbiolres16060110,2026-03-19,cc-by
https://openalex.org/W4410858710,openalex,https://doi.org/10.3390/su17115002,2026-03-19,cc-by
https://openalex.org/W4410868034,openalex,https://doi.org/10.7341/20252127,2026-03-19,cc-by
https://openalex.org/W4410886537,openalex,https://doi.org/10.1126/sciadv.ads0861,2026-03-19,cc-by-nc
https://openalex.org/W4410956883,openalex,https://doi.org/10.3390/su17115084,2026-03-19,cc-by
https://openalex.org/W4411011218,openalex,https://doi.org/10.1016/j.envres.2025.122087,2026-03-19,cc-by
https://openalex.org/W4411014343,openalex,https://doi.org/10.1002/bse.70020,2026-03-19,cc-by
https://openalex.org/W4411057753,openalex,https://doi.org/10.3390/land14061216,2026-03-19,cc-by
https://openalex.org/W4411092276,openalex,https://doi.org/10.3390/su17125255,2026-03-19,cc-by
https://openalex.org/W4411100479,openalex,https://doi.org/10.1039/d5su00127g,2026-03-19,cc-by
https://openalex.org/W4411147560,openalex,https://doi.org/10.1016/j.afres.2025.101070,2026-03-19,cc-by-nc-nd
https://openalex.org/W4411185586,openalex,https://doi.org/10.1057/s41599-025-05213-z,2026-03-19,cc-by-nc-nd
https://openalex.org/W4411198299,openalex,https://doi.org/10.1056/nejmoa2414783,2026-03-19,
https://openalex.org/W4411205405,openalex,https://doi.org/10.3390/antiox14060714,2026-03-19,cc-by
https://openalex.org/W4411329103,openalex,https://doi.org/10.3390/fermentation11060346,2026-03-19,cc-by
https://openalex.org/W4411338820,openalex,https://doi.org/10.3390/agronomy15061471,2026-03-19,cc-by
https://openalex.org/W4411345264,openalex,https://doi.org/10.3390/su17125547,2026-03-19,cc-by
https://openalex.org/W4411346856,openalex,https://doi.org/10.12912/27197050/205500,2026-03-19,cc-by
https://openalex.org/W4411348937,openalex,https://doi.org/10.1039/d5su00225g,2026-03-19,cc-by-nc
https://openalex.org/W4411371735,openalex,https://doi.org/10.1016/j.cej.2025.164951,2026-03-19,cc-by
https://openalex.org/W4411396683,openalex,https://doi.org/10.1177/15280837251348663,2026-03-19,cc-by-nc
https://openalex.org/W4411490834,openalex,https://doi.org/10.1021/acs.analchem.5c01565,2026-03-19,cc-by
https://openalex.org/W4411669797,openalex,https://doi.org/10.3390/agronomy15071551,2026-03-19,cc-by
https://openalex.org/W4411744154,openalex,https://doi.org/10.1155/are/6035730,2026-03-19,cc-by
https://openalex.org/W4411832268,openalex,https://doi.org/10.18860/jia.v8i3.29053,2026-03-19,
https://openalex.org/W4411845835,openalex,https://doi.org/10.1007/s42452-025-06737-4,2026-03-19,cc-by-nc-nd
https://openalex.org/W4411868061,openalex,https://doi.org/10.1016/j.rser.2025.115971,2026-03-19,cc-by-nc
https://openalex.org/W4411918689,openalex,https://doi.org/10.1016/j.carbpol.2025.123966,2026-03-19,cc-by
https://openalex.org/W4411922649,openalex,https://doi.org/10.1016/j.rineng.2025.106031,2026-03-19,cc-by
https://openalex.org/W4411926709,openalex,https://doi.org/10.3390/jrfm18070368,2026-03-19,cc-by
https://openalex.org/W4411929174,openalex,https://doi.org/10.3390/ph18070963,2026-03-19,cc-by
https://openalex.org/W4411932726,openalex,https://doi.org/10.1039/d5gc02299a,2026-03-19,cc-by
https://openalex.org/W4411995213,openalex,https://doi.org/10.1021/acsestengg.5c00282,2026-03-19,cc-by
https://openalex.org/W4412027214,openalex,https://doi.org/10.1016/j.mtsust.2025.101160,2026-03-19,cc-by-nc-nd
https://openalex.org/W4412118961,openalex,https://doi.org/10.63924/joas.v1i1.46,2026-03-19,cc-by-sa
https://openalex.org/W4412147319,openalex,https://doi.org/10.3390/polym17141897,2026-03-19,cc-by
https://openalex.org/W4412176370,openalex,https://doi.org/10.1007/s43621-025-01546-6,2026-03-19,cc-by-nc-nd
https://openalex.org/W4412196267,openalex,https://doi.org/10.1007/s44430-025-00006-0,2026-03-19,cc-by-nc-nd
https://openalex.org/W4412369249,openalex,https://doi.org/10.3390/smartcities8040113,2026-03-19,cc-by
https://openalex.org/W4412409733,openalex,https://doi.org/10.1007/s13762-025-06611-1,2026-03-19,cc-by
https://openalex.org/W4412423688,openalex,https://doi.org/10.4324/9781003519560-2,2026-03-19,
https://openalex.org/W4412438285,openalex,https://doi.org/10.1016/j.jatrs.2025.100080,2026-03-19,cc-by
https://openalex.org/W4412475625,openalex,https://doi.org/10.1039/d5ra04074d,2026-03-19,cc-by-nc
https://openalex.org/W4412480321,openalex,https://doi.org/10.1016/j.trac.2025.118371,2026-03-19,cc-by-nc-nd
https://openalex.org/W4412506745,openalex,https://doi.org/10.3389/fmicb.2025.1551956,2026-03-19,cc-by
https://openalex.org/W4412622934,openalex,https://doi.org/10.1126/science.ads2506,2026-03-19,
https://openalex.org/W4412751327,openalex,https://doi.org/10.3390/su17156930,2026-03-19,cc-by
https://openalex.org/W4413024486,openalex,https://doi.org/10.64357/managing-volunteers-2025,2026-03-19,
https://openalex.org/W4413108186,openalex,https://doi.org/10.1038/s41467-025-62546-8,2026-03-19,cc-by-nc-nd
https://openalex.org/W4413155087,openalex,https://doi.org/10.22399/ijsusat.1,2026-03-19,cc-by
https://openalex.org/W4413162532,openalex,https://doi.org/10.1016/j.xcrp.2025.102785,2026-03-19,
https://openalex.org/W4413245084,openalex,https://doi.org/10.3390/suschem6030023,2026-03-19,cc-by
https://openalex.org/W4413339725,openalex,https://doi.org/10.1007/s41062-025-02213-5,2026-03-19,cc-by
https://openalex.org/W4413355392,openalex,https://doi.org/10.1016/j.ccr.2025.217083,2026-03-19,cc-by
https://openalex.org/W4413380502,openalex,https://doi.org/10.3390/ma18163823,2026-03-19,cc-by
https://openalex.org/W4413387561,openalex,https://doi.org/10.1016/j.indcrop.2025.121696,2026-03-19,cc-by
https://openalex.org/W4413442968,openalex,https://doi.org/10.1002/advs.202513091,2026-03-19,cc-by
https://openalex.org/W4413467052,openalex,https://doi.org/10.56975/ijcrt.v13i8.292474,2026-03-19,cc-by
https://openalex.org/W4413478837,openalex,https://doi.org/10.64357/legitimacy-2025,2026-03-19,
https://openalex.org/W4413817848,openalex,https://doi.org/10.64357/strategies-sustainable-growth-2025,2026-03-19,
https://openalex.org/W4414098400,openalex,https://doi.org/10.3390/su17178049,2026-03-19,cc-by
https://openalex.org/W4414126464,openalex,https://doi.org/10.3390/resources14090143,2026-03-19,cc-by
https://openalex.org/W4414292817,openalex,https://doi.org/10.1038/s44221-025-00492-x,2026-03-19,cc-by
https://openalex.org/W4414701553,openalex,https://doi.org/10.3390/smartcities8050164,2026-03-19,cc-by
https://openalex.org/W642117737,openalex,https://doi.org/10.19088/1968-2025.104,2026-03-19,cc-by
https://openalex.org/W7116631167,openalex,https://doi.org/10.37251/isej.v6i3.2116,2026-03-19,cc-by
